date,hour,holiday,temperature,rain_1h,snow_1h,clouds_all,weather_main,weather_description,traffic_volume
2023-01-01 00:00:00,0,New Year's Day,-6.8,2.27,0.0,95,Rain,light rain,166
2023-01-01 01:00:00,1,New Year's Day,-7.9,0.15,0.0,93,Rain,moderate rain,208
2023-01-01 02:00:00,2,New Year's Day,-9.8,0.0,0.0,0,Clear,sky is clear,217
2023-01-01 03:00:00,3,New Year's Day,-8.5,0.0,0.0,88,Clouds,few clouds,115
2023-01-01 04:00:00,4,New Year's Day,-9.9,0.31,0.0,99,Drizzle,light intensity drizzle,167
2023-01-01 05:00:00,5,New Year's Day,-9.7,0.0,0.0,32,Clouds,overcast clouds,219
2023-01-01 06:00:00,6,New Year's Day,-7.0,0.0,0.0,33,Clouds,scattered clouds,229
2023-01-01 07:00:00,7,New Year's Day,-6.8,0.0,0.0,1,Clear,sky is clear,1389
2023-01-01 08:00:00,8,New Year's Day,-7.2,0.0,0.0,7,Clear,sky is clear,1488
2023-01-01 09:00:00,9,New Year's Day,-3.4,0.0,0.0,5,Clear,sky is clear,1297
2023-01-01 10:00:00,10,New Year's Day,-3.3,0.0,0.0,17,Clear,sky is clear,922
2023-01-01 11:00:00,11,New Year's Day,-2.6,0.0,0.0,77,Fog,fog,1001
2023-01-01 12:00:00,12,New Year's Day,-0.6,0.86,0.0,82,Drizzle,light intensity drizzle,1286
2023-01-01 13:00:00,13,New Year's Day,0.0,0.0,0.0,12,Clear,sky is clear,1181
2023-01-01 14:00:00,14,New Year's Day,-0.5,0.0,0.0,6,Clear,sky is clear,1195
2023-01-01 15:00:00,15,New Year's Day,-4.8,0.0,0.0,10,Clear,sky is clear,1109
2023-01-01 16:00:00,16,New Year's Day,0.1,0.19,0.0,76,Rain,heavy intensity rain,1570
2023-01-01 17:00:00,17,New Year's Day,-0.2,0.0,0.6,85,Snow,heavy snow,1348
2023-01-01 18:00:00,18,New Year's Day,0.8,0.0,0.0,64,Clouds,overcast clouds,1464
2023-01-01 19:00:00,19,New Year's Day,-5.1,3.2,0.0,92,Rain,light rain,681
2023-01-01 20:00:00,20,New Year's Day,-4.0,0.0,0.0,71,Clouds,broken clouds,911
2023-01-01 21:00:00,21,New Year's Day,-7.8,0.0,0.0,86,Mist,mist,701
2023-01-01 22:00:00,22,New Year's Day,-5.9,0.0,0.0,92,Mist,mist,103
2023-01-01 23:00:00,23,New Year's Day,-5.3,0.0,0.0,12,Clear,sky is clear,290
2023-01-02 00:00:00,0,No Holiday,-8.3,0.0,0.0,1,Clear,sky is clear,604
2023-01-02 01:00:00,1,No Holiday,-11.4,0.0,0.0,11,Clear,sky is clear,792
2023-01-02 02:00:00,2,No Holiday,-6.1,0.0,0.0,76,Mist,mist,635
2023-01-02 03:00:00,3,No Holiday,-9.5,0.0,0.0,32,Clouds,few clouds,731
2023-01-02 04:00:00,4,No Holiday,-8.9,0.0,0.0,80,Clouds,few clouds,632
2023-01-02 05:00:00,5,No Holiday,-10.3,0.0,0.0,8,Clear,sky is clear,549
2023-01-02 06:00:00,6,No Holiday,-9.2,0.0,0.0,11,Clear,sky is clear,644
2023-01-02 07:00:00,7,No Holiday,-7.0,0.0,0.0,16,Clear,sky is clear,4083
2023-01-02 08:00:00,8,No Holiday,-6.2,0.0,0.0,0,Clear,sky is clear,4658
2023-01-02 09:00:00,9,No Holiday,-2.1,0.0,0.0,61,Clouds,scattered clouds,5120
2023-01-02 10:00:00,10,No Holiday,0.4,0.0,0.0,16,Clear,sky is clear,3808
2023-01-02 11:00:00,11,No Holiday,-4.6,0.0,0.0,40,Clouds,scattered clouds,3846
2023-01-02 12:00:00,12,No Holiday,-1.1,0.0,0.0,5,Clear,sky is clear,3636
2023-01-02 13:00:00,13,No Holiday,0.0,0.0,0.0,3,Clear,sky is clear,3608
2023-01-02 14:00:00,14,No Holiday,-1.1,0.0,0.0,6,Clear,sky is clear,3409
2023-01-02 15:00:00,15,No Holiday,0.1,0.0,0.0,17,Clear,sky is clear,3271
2023-01-02 16:00:00,16,No Holiday,-0.2,6.47,0.0,99,Rain,moderate rain,5037
2023-01-02 17:00:00,17,No Holiday,-3.6,0.0,0.0,15,Clear,sky is clear,5659
2023-01-02 18:00:00,18,No Holiday,0.6,0.0,0.0,15,Clear,sky is clear,6289
2023-01-02 19:00:00,19,No Holiday,-2.9,0.0,0.0,92,Mist,mist,2668
2023-01-02 20:00:00,20,No Holiday,-6.4,4.85,0.0,91,Rain,heavy intensity rain,2120
2023-01-02 21:00:00,21,No Holiday,-3.8,0.0,0.0,7,Clear,sky is clear,3043
2023-01-02 22:00:00,22,No Holiday,-4.7,0.0,0.0,54,Clouds,overcast clouds,865
2023-01-02 23:00:00,23,No Holiday,-3.3,0.0,0.0,62,Clouds,few clouds,771
2023-01-03 00:00:00,0,No Holiday,-7.8,0.0,0.0,7,Clear,sky is clear,610
2023-01-03 01:00:00,1,No Holiday,-7.6,0.0,0.0,88,Clouds,overcast clouds,799
2023-01-03 02:00:00,2,No Holiday,-11.6,0.0,0.0,5,Clear,sky is clear,555
2023-01-03 03:00:00,3,No Holiday,-9.0,0.0,0.0,96,Mist,mist,666
2023-01-03 04:00:00,4,No Holiday,-8.8,0.0,0.0,98,Clouds,overcast clouds,872
2023-01-03 05:00:00,5,No Holiday,-8.5,0.0,0.0,78,Clouds,overcast clouds,441
2023-01-03 06:00:00,6,No Holiday,-11.4,0.0,0.0,97,Mist,mist,580
2023-01-03 07:00:00,7,No Holiday,-6.1,0.87,0.0,98,Drizzle,light intensity drizzle,3995
2023-01-03 08:00:00,8,No Holiday,-3.9,0.0,0.0,17,Clear,sky is clear,4697
2023-01-03 09:00:00,9,No Holiday,-3.6,0.0,0.0,75,Clouds,overcast clouds,4828
2023-01-03 10:00:00,10,No Holiday,-3.5,0.0,0.0,96,Thunderstorm,proximity thunderstorm,1979
2023-01-03 11:00:00,11,No Holiday,-5.1,0.0,1.82,85,Snow,light snow,2131
2023-01-03 12:00:00,12,No Holiday,-5.8,0.0,0.0,54,Clouds,scattered clouds,3436
2023-01-03 13:00:00,13,No Holiday,-3.0,0.0,0.0,3,Clear,sky is clear,3549
2023-01-03 14:00:00,14,No Holiday,0.0,5.52,0.0,92,Rain,moderate rain,3330
2023-01-03 15:00:00,15,No Holiday,-0.9,0.0,0.0,80,Clouds,broken clouds,3398
2023-01-03 16:00:00,16,No Holiday,3.5,0.0,0.0,16,Clear,sky is clear,4746
2023-01-03 17:00:00,17,No Holiday,-3.3,0.0,0.0,89,Clouds,few clouds,5283
2023-01-03 18:00:00,18,No Holiday,-1.1,0.0,0.0,12,Clear,sky is clear,4955
2023-01-03 19:00:00,19,No Holiday,-3.7,0.0,0.0,81,Clouds,overcast clouds,2542
2023-01-03 20:00:00,20,No Holiday,-6.6,0.06,0.0,90,Rain,moderate rain,2008
2023-01-03 21:00:00,21,No Holiday,-5.3,0.0,0.0,87,Clouds,few clouds,2509
2023-01-03 22:00:00,22,No Holiday,-6.3,0.0,0.0,15,Clear,sky is clear,784
2023-01-03 23:00:00,23,No Holiday,-6.5,0.0,0.0,51,Clouds,few clouds,985
2023-01-04 00:00:00,0,No Holiday,-10.2,0.0,0.0,13,Clear,sky is clear,698
2023-01-04 01:00:00,1,No Holiday,-7.1,0.0,0.0,4,Clear,sky is clear,750
2023-01-04 02:00:00,2,No Holiday,-5.6,0.0,0.0,81,Clouds,scattered clouds,461
2023-01-04 03:00:00,3,No Holiday,-6.1,0.0,0.0,98,Clouds,few clouds,460
2023-01-04 04:00:00,4,No Holiday,-6.9,0.0,0.0,71,Fog,fog,814
2023-01-04 05:00:00,5,No Holiday,-8.3,0.0,0.0,93,Fog,fog,561
2023-01-04 06:00:00,6,No Holiday,-6.3,0.0,0.0,18,Clear,sky is clear,923
2023-01-04 07:00:00,7,No Holiday,-6.1,0.0,3.54,81,Snow,heavy snow,3419
2023-01-04 08:00:00,8,No Holiday,-7.8,0.0,0.0,18,Clear,sky is clear,4361
2023-01-04 09:00:00,9,No Holiday,-8.1,0.0,0.0,55,Clouds,few clouds,4878
2023-01-04 10:00:00,10,No Holiday,-6.2,0.0,0.0,6,Clear,sky is clear,3629
2023-01-04 11:00:00,11,No Holiday,-2.3,0.0,0.0,65,Clouds,few clouds,3327
2023-01-04 12:00:00,12,No Holiday,-1.3,0.0,0.0,53,Clouds,few clouds,3480
2023-01-04 13:00:00,13,No Holiday,-5.1,6.68,0.0,74,Rain,heavy intensity rain,2671
2023-01-04 14:00:00,14,No Holiday,0.4,0.27,0.0,86,Rain,heavy intensity rain,2836
2023-01-04 15:00:00,15,No Holiday,-1.7,0.0,0.0,12,Clear,sky is clear,4313
2023-01-04 16:00:00,16,No Holiday,-1.6,0.0,0.0,8,Clear,sky is clear,5699
2023-01-04 17:00:00,17,No Holiday,-2.4,0.71,0.0,89,Drizzle,light intensity drizzle,5055
2023-01-04 18:00:00,18,No Holiday,1.7,0.0,0.0,41,Clouds,broken clouds,5773
2023-01-04 19:00:00,19,No Holiday,-0.6,3.8,0.0,76,Rain,heavy intensity rain,2253
2023-01-04 20:00:00,20,No Holiday,-4.0,0.0,0.0,4,Clear,sky is clear,2621
2023-01-04 21:00:00,21,No Holiday,-4.4,0.39,0.0,79,Rain,heavy intensity rain,2759
2023-01-04 22:00:00,22,No Holiday,-5.9,0.0,1.81,79,Snow,heavy snow,474
2023-01-04 23:00:00,23,No Holiday,-5.2,0.0,0.0,4,Clear,sky is clear,632
2023-01-05 00:00:00,0,No Holiday,-6.9,0.0,2.51,76,Snow,heavy snow,320
2023-01-05 01:00:00,1,No Holiday,-9.9,3.05,0.0,79,Rain,moderate rain,558
2023-01-05 02:00:00,2,No Holiday,-9.5,0.0,0.0,49,Clouds,scattered clouds,664
2023-01-05 03:00:00,3,No Holiday,-6.5,0.0,0.0,92,Clouds,scattered clouds,775
2023-01-05 04:00:00,4,No Holiday,-10.6,0.0,0.0,35,Clouds,few clouds,659
2023-01-05 05:00:00,5,No Holiday,-12.3,0.0,0.0,10,Clear,sky is clear,750
2023-01-05 06:00:00,6,No Holiday,-8.2,0.0,0.0,47,Clouds,few clouds,706
2023-01-05 07:00:00,7,No Holiday,-7.9,0.0,0.0,0,Clear,sky is clear,4401
2023-01-05 08:00:00,8,No Holiday,-3.6,0.0,0.0,94,Mist,mist,4917
2023-01-05 09:00:00,9,No Holiday,-5.3,0.0,0.0,7,Clear,sky is clear,4389
2023-01-05 10:00:00,10,No Holiday,-3.0,0.0,0.0,17,Clear,sky is clear,3240
2023-01-05 11:00:00,11,No Holiday,-4.6,0.0,0.0,16,Clear,sky is clear,3166
2023-01-05 12:00:00,12,No Holiday,-3.5,0.0,0.0,58,Clouds,overcast clouds,3100
2023-01-05 13:00:00,13,No Holiday,-1.8,0.0,0.0,95,Clouds,few clouds,3662
2023-01-05 14:00:00,14,No Holiday,-3.6,0.0,0.0,94,Clouds,scattered clouds,3547
2023-01-05 15:00:00,15,No Holiday,-0.3,0.0,0.0,16,Clear,sky is clear,3497
2023-01-05 16:00:00,16,No Holiday,-1.4,0.0,0.0,50,Clouds,few clouds,5833
2023-01-05 17:00:00,17,No Holiday,-1.5,3.54,0.0,88,Rain,light rain,4766
2023-01-05 18:00:00,18,No Holiday,-2.8,0.0,0.0,18,Clear,sky is clear,4840
2023-01-05 19:00:00,19,No Holiday,-4.7,0.0,0.0,77,Mist,mist,2453
2023-01-05 20:00:00,20,No Holiday,-7.0,0.0,0.0,1,Clear,sky is clear,2903
2023-01-05 21:00:00,21,No Holiday,-2.4,0.0,0.0,0,Clear,sky is clear,2782
2023-01-05 22:00:00,22,No Holiday,-1.9,0.0,0.0,94,Mist,mist,886
2023-01-05 23:00:00,23,No Holiday,-8.1,0.0,0.0,43,Clouds,few clouds,1027
2023-01-06 00:00:00,0,No Holiday,-9.8,0.0,0.0,1,Clear,sky is clear,763
2023-01-06 01:00:00,1,No Holiday,-6.3,0.0,0.0,18,Clear,sky is clear,414
2023-01-06 02:00:00,2,No Holiday,-9.4,0.0,0.0,59,Clouds,overcast clouds,767
2023-01-06 03:00:00,3,No Holiday,-7.0,0.0,0.0,73,Fog,fog,655
2023-01-06 04:00:00,4,No Holiday,-6.4,9.78,0.0,90,Rain,light rain,567
2023-01-06 05:00:00,5,No Holiday,-10.8,0.0,0.0,52,Clouds,broken clouds,579
2023-01-06 06:00:00,6,No Holiday,-7.1,0.0,0.0,2,Clear,sky is clear,531
2023-01-06 07:00:00,7,No Holiday,-6.9,0.64,0.0,88,Drizzle,light intensity drizzle,4282
2023-01-06 08:00:00,8,No Holiday,-7.7,0.0,0.0,0,Clear,sky is clear,4401
2023-01-06 09:00:00,9,No Holiday,-9.3,0.0,0.0,86,Mist,mist,4330
2023-01-06 10:00:00,10,No Holiday,-0.0,0.0,0.0,14,Clear,sky is clear,3509
2023-01-06 11:00:00,11,No Holiday,-4.4,0.0,0.0,85,Mist,mist,3269
2023-01-06 12:00:00,12,No Holiday,-2.4,2.27,0.0,89,Rain,light rain,3031
2023-01-06 13:00:00,13,No Holiday,-2.6,0.0,0.0,57,Clouds,scattered clouds,3193
2023-01-06 14:00:00,14,No Holiday,-2.4,0.4,0.0,88,Rain,moderate rain,2598
2023-01-06 15:00:00,15,No Holiday,0.2,0.0,0.0,47,Clouds,broken clouds,3578
2023-01-06 16:00:00,16,No Holiday,1.9,0.0,0.0,4,Clear,sky is clear,4540
2023-01-06 17:00:00,17,No Holiday,-1.0,0.0,0.6,81,Snow,heavy snow,3464
2023-01-06 18:00:00,18,No Holiday,-3.6,0.0,0.0,96,Clouds,scattered clouds,4982
2023-01-06 19:00:00,19,No Holiday,-3.6,0.0,0.0,63,Clouds,scattered clouds,3235
2023-01-06 20:00:00,20,No Holiday,0.2,0.0,0.0,70,Clouds,scattered clouds,3078
2023-01-06 21:00:00,21,No Holiday,-3.6,0.0,0.0,85,Clouds,broken clouds,2742
2023-01-06 22:00:00,22,No Holiday,-10.2,0.0,0.0,90,Fog,fog,609
2023-01-06 23:00:00,23,No Holiday,-8.3,0.0,0.0,8,Clear,sky is clear,596
2023-01-07 00:00:00,0,No Holiday,-7.7,0.0,0.0,53,Clouds,overcast clouds,355
2023-01-07 01:00:00,1,No Holiday,-8.9,0.88,0.0,75,Drizzle,light intensity drizzle,306
2023-01-07 02:00:00,2,No Holiday,-8.9,6.63,0.0,84,Rain,moderate rain,417
2023-01-07 03:00:00,3,No Holiday,-12.5,0.0,0.31,91,Snow,light snow,472
2023-01-07 04:00:00,4,No Holiday,-10.7,3.07,0.0,83,Rain,heavy intensity rain,432
2023-01-07 05:00:00,5,No Holiday,-7.2,0.0,0.0,3,Clear,sky is clear,278
2023-01-07 06:00:00,6,No Holiday,-6.1,0.0,0.0,9,Clear,sky is clear,276
2023-01-07 07:00:00,7,No Holiday,-3.0,0.0,0.0,7,Clear,sky is clear,3507
2023-01-07 08:00:00,8,No Holiday,-7.2,0.0,0.0,38,Clouds,few clouds,3105
2023-01-07 09:00:00,9,No Holiday,-6.4,0.0,0.0,78,Clouds,scattered clouds,3415
2023-01-07 10:00:00,10,No Holiday,-3.1,0.0,0.0,38,Clouds,few clouds,2380
2023-01-07 11:00:00,11,No Holiday,-4.0,0.0,0.0,91,Fog,fog,1907
2023-01-07 12:00:00,12,No Holiday,-1.1,0.45,0.0,74,Rain,heavy intensity rain,2522
2023-01-07 13:00:00,13,No Holiday,-0.2,0.0,0.0,94,Mist,mist,2280
2023-01-07 14:00:00,14,No Holiday,-1.7,3.13,0.0,88,Rain,heavy intensity rain,2565
2023-01-07 15:00:00,15,No Holiday,0.4,0.0,0.0,54,Clouds,few clouds,3161
2023-01-07 16:00:00,16,No Holiday,-3.6,0.0,0.0,80,Clouds,few clouds,3772
2023-01-07 17:00:00,17,No Holiday,-6.1,0.0,0.0,18,Clear,sky is clear,4373
2023-01-07 18:00:00,18,No Holiday,-3.9,1.71,0.0,99,Rain,light rain,3009
2023-01-07 19:00:00,19,No Holiday,-2.6,0.0,0.0,0,Clear,sky is clear,1852
2023-01-07 20:00:00,20,No Holiday,-2.0,0.0,0.0,3,Clear,sky is clear,1914
2023-01-07 21:00:00,21,No Holiday,-2.0,0.0,0.0,70,Mist,mist,1722
2023-01-07 22:00:00,22,No Holiday,-5.9,0.0,0.0,12,Clear,sky is clear,345
2023-01-07 23:00:00,23,No Holiday,-7.5,1.67,0.0,73,Rain,light rain,301
2023-01-08 00:00:00,0,No Holiday,-5.9,0.0,0.0,65,Clouds,broken clouds,522
2023-01-08 01:00:00,1,No Holiday,-11.7,0.0,0.0,10,Clear,sky is clear,458
2023-01-08 02:00:00,2,No Holiday,-9.1,0.0,0.0,14,Clear,sky is clear,462
2023-01-08 03:00:00,3,No Holiday,-7.4,0.0,0.0,77,Mist,mist,270
2023-01-08 04:00:00,4,No Holiday,-4.0,0.0,0.0,10,Clear,sky is clear,468
2023-01-08 05:00:00,5,No Holiday,-8.2,0.0,0.0,66,Clouds,overcast clouds,499
2023-01-08 06:00:00,6,No Holiday,-9.4,0.0,0.0,38,Clouds,scattered clouds,476
2023-01-08 07:00:00,7,No Holiday,-3.8,0.0,0.0,91,Fog,fog,2779
2023-01-08 08:00:00,8,No Holiday,-7.3,0.0,0.0,0,Clear,sky is clear,2872
2023-01-08 09:00:00,9,No Holiday,-4.9,0.0,0.0,76,Clouds,few clouds,3333
2023-01-08 10:00:00,10,No Holiday,-4.3,2.31,0.0,72,Rain,light rain,1941
2023-01-08 11:00:00,11,No Holiday,-1.3,0.0,0.0,71,Mist,mist,1746
2023-01-08 12:00:00,12,No Holiday,-5.3,0.0,0.0,80,Mist,mist,1911
2023-01-08 13:00:00,13,No Holiday,-0.6,0.0,0.0,0,Clear,sky is clear,2432
2023-01-08 14:00:00,14,No Holiday,1.0,0.0,0.0,78,Clouds,overcast clouds,2370
2023-01-08 15:00:00,15,No Holiday,-1.5,0.0,0.0,7,Clear,sky is clear,2514
2023-01-08 16:00:00,16,No Holiday,4.0,0.0,0.0,18,Clear,sky is clear,4228
2023-01-08 17:00:00,17,No Holiday,-1.1,0.0,0.0,16,Clear,sky is clear,4173
2023-01-08 18:00:00,18,No Holiday,-2.2,0.0,0.0,30,Clouds,scattered clouds,3386
2023-01-08 19:00:00,19,No Holiday,-3.5,0.0,0.0,67,Clouds,overcast clouds,2016
2023-01-08 20:00:00,20,No Holiday,-4.7,0.0,0.0,6,Clear,sky is clear,1851
2023-01-08 21:00:00,21,No Holiday,-6.7,0.0,0.0,71,Mist,mist,1695
2023-01-08 22:00:00,22,No Holiday,-6.8,0.0,0.0,17,Clear,sky is clear,426
2023-01-08 23:00:00,23,No Holiday,-7.5,0.0,0.0,88,Clouds,broken clouds,527
2023-01-09 00:00:00,0,No Holiday,-2.7,0.0,0.0,4,Clear,sky is clear,722
2023-01-09 01:00:00,1,No Holiday,-7.5,0.0,0.0,1,Clear,sky is clear,515
2023-01-09 02:00:00,2,No Holiday,-6.4,0.95,0.0,91,Drizzle,light intensity drizzle,638
2023-01-09 03:00:00,3,No Holiday,-10.3,0.0,0.0,76,Mist,mist,489
2023-01-09 04:00:00,4,No Holiday,-6.1,0.0,0.3,73,Snow,heavy snow,542
2023-01-09 05:00:00,5,No Holiday,-5.7,0.0,0.0,74,Mist,mist,737
2023-01-09 06:00:00,6,No Holiday,-10.3,0.0,0.0,11,Clear,sky is clear,549
2023-01-09 07:00:00,7,No Holiday,-8.0,1.43,0.0,81,Rain,light rain,4268
2023-01-09 08:00:00,8,No Holiday,-6.7,0.0,0.0,43,Clouds,broken clouds,4633
2023-01-09 09:00:00,9,No Holiday,-3.3,0.0,0.0,51,Clouds,few clouds,5117
2023-01-09 10:00:00,10,No Holiday,-6.5,0.0,0.0,10,Clear,sky is clear,3349
2023-01-09 11:00:00,11,No Holiday,-2.8,0.8,0.0,86,Rain,light rain,3369
2023-01-09 12:00:00,12,No Holiday,-2.3,0.03,0.0,90,Rain,light rain,2513
2023-01-09 13:00:00,13,No Holiday,-3.3,2.29,0.0,94,Rain,moderate rain,2880
2023-01-09 14:00:00,14,No Holiday,4.4,0.0,0.72,95,Snow,light snow,2412
2023-01-09 15:00:00,15,No Holiday,-4.7,0.27,0.0,90,Drizzle,light intensity drizzle,2862
2023-01-09 16:00:00,16,No Holiday,-4.0,0.0,0.0,7,Clear,sky is clear,5603
2023-01-09 17:00:00,17,No Holiday,0.1,7.45,0.0,92,Rain,heavy intensity rain,4714
2023-01-09 18:00:00,18,No Holiday,-1.2,0.79,0.0,84,Rain,light rain,4809
2023-01-09 19:00:00,19,No Holiday,-1.8,0.0,0.0,12,Clear,sky is clear,2496
2023-01-09 20:00:00,20,No Holiday,-3.2,0.0,0.0,69,Clouds,few clouds,2590
2023-01-09 21:00:00,21,No Holiday,-5.1,0.0,0.0,54,Clouds,scattered clouds,2996
2023-01-09 22:00:00,22,No Holiday,-4.6,0.79,0.0,71,Rain,heavy intensity rain,542
2023-01-09 23:00:00,23,No Holiday,-7.6,0.37,0.0,79,Rain,light rain,503
2023-01-10 00:00:00,0,No Holiday,-7.4,0.0,0.0,15,Clear,sky is clear,942
2023-01-10 01:00:00,1,No Holiday,-7.7,3.22,0.0,85,Rain,heavy intensity rain,662
2023-01-10 02:00:00,2,No Holiday,-9.8,0.0,0.0,88,Clouds,broken clouds,755
2023-01-10 03:00:00,3,No Holiday,-7.4,0.0,0.0,6,Clear,sky is clear,684
2023-01-10 04:00:00,4,No Holiday,-8.0,0.95,0.0,87,Drizzle,light intensity drizzle,558
2023-01-10 05:00:00,5,No Holiday,-5.8,0.0,0.0,60,Clouds,scattered clouds,278
2023-01-10 06:00:00,6,No Holiday,-6.0,0.0,0.0,66,Clouds,broken clouds,378
2023-01-10 07:00:00,7,No Holiday,-12.1,0.0,0.0,44,Clouds,broken clouds,4930
2023-01-10 08:00:00,8,No Holiday,-5.7,0.0,0.0,62,Clouds,few clouds,4956
2023-01-10 09:00:00,9,No Holiday,-4.5,0.0,0.0,2,Clear,sky is clear,5067
2023-01-10 10:00:00,10,No Holiday,-3.8,0.0,0.0,72,Fog,fog,3465
2023-01-10 11:00:00,11,No Holiday,-3.0,0.0,0.0,39,Clouds,overcast clouds,3361
2023-01-10 12:00:00,12,No Holiday,-2.7,0.0,0.0,78,Clouds,few clouds,3334
2023-01-10 13:00:00,13,No Holiday,-2.1,0.0,0.0,3,Clear,sky is clear,3299
2023-01-10 14:00:00,14,No Holiday,0.2,0.0,0.0,13,Clear,sky is clear,3903
2023-01-10 15:00:00,15,No Holiday,-2.9,0.82,0.0,74,Drizzle,light intensity drizzle,3019
2023-01-10 16:00:00,16,No Holiday,-1.5,0.0,0.0,83,Mist,mist,4702
2023-01-10 17:00:00,17,No Holiday,0.1,0.0,0.0,89,Thunderstorm,thunderstorm with light rain,3284
2023-01-10 18:00:00,18,No Holiday,-2.5,0.0,1.4,82,Snow,heavy snow,3618
2023-01-10 19:00:00,19,No Holiday,-3.8,0.84,0.0,74,Drizzle,light intensity drizzle,2446
2023-01-10 20:00:00,20,No Holiday,-1.1,0.0,0.0,32,Clouds,overcast clouds,2686
2023-01-10 21:00:00,21,No Holiday,-6.1,0.0,0.0,14,Clear,sky is clear,2780
2023-01-10 22:00:00,22,No Holiday,-6.3,0.0,0.0,8,Clear,sky is clear,825
2023-01-10 23:00:00,23,No Holiday,-7.1,0.0,0.0,80,Fog,fog,587
2023-01-11 00:00:00,0,No Holiday,-8.2,0.0,0.0,7,Clear,sky is clear,551
2023-01-11 01:00:00,1,No Holiday,-8.9,0.0,0.0,89,Clouds,few clouds,680
2023-01-11 02:00:00,2,No Holiday,-8.8,0.0,0.0,72,Mist,mist,747
2023-01-11 03:00:00,3,No Holiday,-6.4,0.0,0.0,62,Clouds,few clouds,504
2023-01-11 04:00:00,4,No Holiday,-8.4,0.0,0.0,88,Clouds,few clouds,709
2023-01-11 05:00:00,5,No Holiday,-7.7,0.0,3.99,73,Snow,light snow,537
2023-01-11 06:00:00,6,No Holiday,-5.1,0.0,0.0,10,Clear,sky is clear,757
2023-01-11 07:00:00,7,No Holiday,-7.1,0.0,0.0,79,Mist,mist,4341
2023-01-11 08:00:00,8,No Holiday,-6.8,0.0,0.0,71,Rain,heavy intensity rain,3804
2023-01-11 09:00:00,9,No Holiday,-4.9,0.0,0.0,12,Clear,sky is clear,5184
2023-01-11 10:00:00,10,No Holiday,-3.6,0.0,0.0,89,Clouds,broken clouds,3512
2023-01-11 11:00:00,11,No Holiday,-3.8,0.0,0.0,8,Clear,sky is clear,3332
2023-01-11 12:00:00,12,No Holiday,-2.4,0.0,0.0,66,Clouds,scattered clouds,3570
2023-01-11 13:00:00,13,No Holiday,-2.4,0.0,0.0,16,Clear,sky is clear,3549
2023-01-11 14:00:00,14,No Holiday,0.4,0.0,0.0,79,Clouds,scattered clouds,3744
2023-01-11 15:00:00,15,No Holiday,3.0,0.0,0.0,36,Clouds,overcast clouds,3315
2023-01-11 16:00:00,16,No Holiday,1.1,0.0,0.0,1,Clear,sky is clear,5240
2023-01-11 17:00:00,17,No Holiday,-4.4,0.0,0.0,10,Clear,sky is clear,4630
2023-01-11 18:00:00,18,No Holiday,0.1,0.0,0.0,16,Clear,sky is clear,5859
2023-01-11 19:00:00,19,No Holiday,-2.1,0.0,0.76,94,Snow,heavy snow,1994
2023-01-11 20:00:00,20,No Holiday,-7.7,0.0,0.0,5,Clear,sky is clear,2552
2023-01-11 21:00:00,21,No Holiday,-6.4,0.0,0.0,11,Clear,sky is clear,2533
2023-01-11 22:00:00,22,No Holiday,-8.4,0.0,0.0,75,Clouds,overcast clouds,1030
2023-01-11 23:00:00,23,No Holiday,-7.3,0.0,0.0,32,Clouds,broken clouds,496
2023-01-12 00:00:00,0,No Holiday,-9.1,0.0,0.0,95,Mist,mist,735
2023-01-12 01:00:00,1,No Holiday,-6.0,0.0,0.0,46,Clouds,scattered clouds,735
2023-01-12 02:00:00,2,No Holiday,-11.7,0.0,0.0,89,Clouds,overcast clouds,751
2023-01-12 03:00:00,3,No Holiday,-8.7,0.0,0.0,7,Clear,sky is clear,568
2023-01-12 04:00:00,4,No Holiday,-9.8,0.0,0.0,17,Clear,sky is clear,396
2023-01-12 05:00:00,5,No Holiday,-10.3,0.75,0.0,80,Drizzle,light intensity drizzle,788
2023-01-12 06:00:00,6,No Holiday,-6.3,1.64,0.0,93,Rain,heavy intensity rain,639
2023-01-12 07:00:00,7,No Holiday,-7.6,0.0,0.0,49,Clouds,overcast clouds,4574
2023-01-12 08:00:00,8,No Holiday,-3.7,0.0,0.0,70,Fog,fog,4234
2023-01-12 09:00:00,9,No Holiday,-6.8,0.0,0.0,0,Clear,sky is clear,4571
2023-01-12 10:00:00,10,No Holiday,-4.9,0.0,0.0,5,Clear,sky is clear,3769
2023-01-12 11:00:00,11,No Holiday,0.6,0.11,0.0,81,Rain,moderate rain,3221
2023-01-12 12:00:00,12,No Holiday,-1.6,2.26,0.0,78,Rain,moderate rain,2904
2023-01-12 13:00:00,13,No Holiday,-1.4,2.45,0.0,89,Rain,moderate rain,2938
2023-01-12 14:00:00,14,No Holiday,1.0,0.0,0.0,19,Clear,sky is clear,3366
2023-01-12 15:00:00,15,No Holiday,3.3,2.58,0.0,78,Rain,heavy intensity rain,3338
2023-01-12 16:00:00,16,No Holiday,-1.6,2.63,0.0,94,Rain,heavy intensity rain,4378
2023-01-12 17:00:00,17,No Holiday,-2.2,0.4,0.0,77,Drizzle,light intensity drizzle,4883
2023-01-12 18:00:00,18,No Holiday,-2.5,0.0,0.0,11,Clear,sky is clear,5765
2023-01-12 19:00:00,19,No Holiday,0.5,0.0,0.0,8,Clear,sky is clear,2887
2023-01-12 20:00:00,20,No Holiday,-5.7,0.0,0.0,83,Clouds,few clouds,2657
2023-01-12 21:00:00,21,No Holiday,-2.8,4.68,0.0,74,Rain,light rain,2445
2023-01-12 22:00:00,22,No Holiday,-8.5,0.0,0.0,87,Thunderstorm,proximity thunderstorm,274
2023-01-12 23:00:00,23,No Holiday,-6.6,0.0,0.0,95,Clouds,few clouds,814
2023-01-13 00:00:00,0,No Holiday,-5.2,0.0,0.0,87,Clouds,broken clouds,728
2023-01-13 01:00:00,1,No Holiday,-5.5,3.74,0.0,73,Rain,heavy intensity rain,758
2023-01-13 02:00:00,2,No Holiday,-8.2,0.0,0.0,89,Clouds,scattered clouds,623
2023-01-13 03:00:00,3,No Holiday,-5.8,0.0,0.0,31,Clouds,overcast clouds,430
2023-01-13 04:00:00,4,No Holiday,-8.3,0.0,0.0,1,Clear,sky is clear,563
2023-01-13 05:00:00,5,No Holiday,-5.0,0.0,0.0,14,Clear,sky is clear,931
2023-01-13 06:00:00,6,No Holiday,-7.0,0.0,0.0,39,Clouds,overcast clouds,622
2023-01-13 07:00:00,7,No Holiday,-8.8,0.0,0.0,72,Clouds,overcast clouds,4681
2023-01-13 08:00:00,8,No Holiday,-8.6,0.0,0.0,66,Clouds,broken clouds,4129
2023-01-13 09:00:00,9,No Holiday,-3.6,0.0,0.0,35,Clouds,broken clouds,5091
2023-01-13 10:00:00,10,No Holiday,-4.5,0.0,0.0,1,Clear,sky is clear,3451
2023-01-13 11:00:00,11,No Holiday,-3.6,0.0,0.0,0,Clear,sky is clear,3387
2023-01-13 12:00:00,12,No Holiday,-2.4,0.0,0.0,74,Fog,fog,2982
2023-01-13 13:00:00,13,No Holiday,-1.2,0.0,0.0,82,Clouds,overcast clouds,3276
2023-01-13 14:00:00,14,No Holiday,2.8,0.0,0.0,17,Clear,sky is clear,3447
2023-01-13 15:00:00,15,No Holiday,-0.9,0.0,0.0,10,Clear,sky is clear,3600
2023-01-13 16:00:00,16,No Holiday,3.0,0.0,0.0,12,Clear,sky is clear,5351
2023-01-13 17:00:00,17,No Holiday,-3.0,0.0,0.0,7,Clear,sky is clear,5577
2023-01-13 18:00:00,18,No Holiday,-3.1,0.33,0.0,70,Drizzle,light intensity drizzle,4569
2023-01-13 19:00:00,19,No Holiday,-3.1,0.0,0.0,76,Clouds,overcast clouds,3201
2023-01-13 20:00:00,20,No Holiday,-4.9,0.0,0.0,83,Fog,fog,2588
2023-01-13 21:00:00,21,No Holiday,-4.6,0.0,0.0,83,Fog,fog,2714
2023-01-13 22:00:00,22,No Holiday,-2.8,0.0,0.0,1,Clear,sky is clear,528
2023-01-13 23:00:00,23,No Holiday,-7.1,0.0,0.0,78,Mist,mist,655
2023-01-14 00:00:00,0,No Holiday,-8.4,0.0,0.0,1,Clear,sky is clear,385
2023-01-14 01:00:00,1,No Holiday,-11.8,0.0,0.0,42,Clouds,scattered clouds,346
2023-01-14 02:00:00,2,No Holiday,-9.5,1.97,0.0,94,Rain,moderate rain,493
2023-01-14 03:00:00,3,No Holiday,-6.8,0.0,0.0,50,Clouds,broken clouds,297
2023-01-14 04:00:00,4,No Holiday,-7.1,0.0,0.0,64,Clouds,overcast clouds,232
2023-01-14 05:00:00,5,No Holiday,-5.2,0.0,0.0,38,Clouds,scattered clouds,526
2023-01-14 06:00:00,6,No Holiday,-5.9,0.0,0.0,57,Clouds,scattered clouds,402
2023-01-14 07:00:00,7,No Holiday,-9.8,0.0,0.0,44,Clouds,overcast clouds,2659
2023-01-14 08:00:00,8,No Holiday,-4.0,1.84,0.0,90,Rain,heavy intensity rain,2371
2023-01-14 09:00:00,9,No Holiday,-3.5,0.0,0.0,10,Clear,sky is clear,3175
2023-01-14 10:00:00,10,No Holiday,-6.4,0.0,0.0,63,Clouds,broken clouds,2087
2023-01-14 11:00:00,11,No Holiday,-2.2,0.0,0.0,56,Clouds,scattered clouds,2095
2023-01-14 12:00:00,12,No Holiday,-2.1,0.0,0.0,65,Clouds,scattered clouds,2880
2023-01-14 13:00:00,13,No Holiday,-3.0,0.84,0.0,99,Drizzle,light intensity drizzle,2670
2023-01-14 14:00:00,14,No Holiday,-0.0,0.0,0.0,12,Clear,sky is clear,2541
2023-01-14 15:00:00,15,No Holiday,-2.2,0.74,0.0,73,Rain,light rain,2249
2023-01-14 16:00:00,16,No Holiday,-2.8,2.51,0.0,96,Rain,light rain,3670
2023-01-14 17:00:00,17,No Holiday,3.6,2.36,0.0,95,Rain,heavy intensity rain,3806
2023-01-14 18:00:00,18,No Holiday,-0.7,0.68,0.0,74,Rain,light rain,3038
2023-01-14 19:00:00,19,No Holiday,-0.9,0.0,1.65,87,Snow,light snow,1191
2023-01-14 20:00:00,20,No Holiday,-5.1,0.0,0.0,76,Clouds,few clouds,1782
2023-01-14 21:00:00,21,No Holiday,-4.0,0.0,0.0,51,Clouds,few clouds,1773
2023-01-14 22:00:00,22,No Holiday,-5.9,0.0,0.0,40,Clouds,overcast clouds,419
2023-01-14 23:00:00,23,No Holiday,-8.1,0.0,0.0,54,Clouds,scattered clouds,305
2023-01-15 00:00:00,0,No Holiday,-9.4,0.0,0.0,70,Clouds,broken clouds,584
2023-01-15 01:00:00,1,No Holiday,-7.3,0.0,0.0,13,Clear,sky is clear,583
2023-01-15 02:00:00,2,No Holiday,-7.2,0.0,0.0,37,Clouds,few clouds,311
2023-01-15 03:00:00,3,No Holiday,-11.9,0.0,0.0,78,Clouds,few clouds,319
2023-01-15 04:00:00,4,No Holiday,-7.9,0.0,0.0,7,Clear,sky is clear,522
2023-01-15 05:00:00,5,No Holiday,-7.8,0.0,0.0,87,Clouds,few clouds,509
2023-01-15 06:00:00,6,No Holiday,-5.4,0.0,0.0,75,Thunderstorm,proximity thunderstorm,192
2023-01-15 07:00:00,7,No Holiday,-3.7,0.0,0.0,51,Clouds,overcast clouds,3202
2023-01-15 08:00:00,8,No Holiday,-4.9,0.0,0.0,14,Clear,sky is clear,3135
2023-01-15 09:00:00,9,No Holiday,-4.7,0.0,0.0,15,Clear,sky is clear,2844
2023-01-15 10:00:00,10,No Holiday,-4.0,0.0,0.0,18,Clear,sky is clear,2337
2023-01-15 11:00:00,11,No Holiday,-2.9,0.0,0.15,91,Snow,light snow,1681
2023-01-15 12:00:00,12,No Holiday,-1.8,0.0,0.0,15,Clear,sky is clear,2670
2023-01-15 13:00:00,13,No Holiday,-4.0,0.0,0.0,3,Clear,sky is clear,2735
2023-01-15 14:00:00,14,No Holiday,-3.3,0.0,0.0,1,Clear,sky is clear,2556
2023-01-15 15:00:00,15,No Holiday,-0.8,0.0,0.0,19,Clear,sky is clear,2868
2023-01-15 16:00:00,16,No Holiday,-0.7,0.0,0.0,75,Mist,mist,3851
2023-01-15 17:00:00,17,No Holiday,-1.5,0.0,0.0,89,Thunderstorm,thunderstorm with light rain,2665
2023-01-15 18:00:00,18,No Holiday,-2.0,0.0,0.0,9,Clear,sky is clear,3488
2023-01-15 19:00:00,19,No Holiday,-2.5,0.21,0.0,90,Rain,moderate rain,1638
2023-01-15 20:00:00,20,No Holiday,-2.5,0.0,0.0,83,Clouds,few clouds,1836
2023-01-15 21:00:00,21,No Holiday,-3.2,0.0,0.0,15,Clear,sky is clear,1612
2023-01-15 22:00:00,22,No Holiday,-7.3,0.0,0.0,35,Clouds,few clouds,481
2023-01-15 23:00:00,23,No Holiday,-7.7,0.0,0.0,1,Clear,sky is clear,340
2023-01-16 00:00:00,0,Martin Luther King Jr. Day,-11.0,0.0,0.0,11,Clear,sky is clear,302
2023-01-16 01:00:00,1,Martin Luther King Jr. Day,-8.6,0.0,0.0,13,Clear,sky is clear,330
2023-01-16 02:00:00,2,Martin Luther King Jr. Day,-9.6,0.0,0.37,99,Snow,heavy snow,238
2023-01-16 03:00:00,3,Martin Luther King Jr. Day,-12.3,0.0,0.0,4,Clear,sky is clear,380
2023-01-16 04:00:00,4,Martin Luther King Jr. Day,-9.3,0.0,0.0,10,Clear,sky is clear,395
2023-01-16 05:00:00,5,Martin Luther King Jr. Day,-7.2,0.0,0.0,18,Clear,sky is clear,387
2023-01-16 06:00:00,6,Martin Luther King Jr. Day,-9.2,0.0,0.0,15,Clear,sky is clear,354
2023-01-16 07:00:00,7,Martin Luther King Jr. Day,-7.0,0.0,0.0,74,Thunderstorm,thunderstorm with light rain,1175
2023-01-16 08:00:00,8,Martin Luther King Jr. Day,-9.1,0.0,0.0,67,Clouds,overcast clouds,2169
2023-01-16 09:00:00,9,Martin Luther King Jr. Day,-7.1,0.0,0.0,99,Mist,mist,1863
2023-01-16 10:00:00,10,Martin Luther King Jr. Day,-6.5,0.0,0.0,43,Clouds,scattered clouds,1640
2023-01-16 11:00:00,11,Martin Luther King Jr. Day,-3.8,0.32,0.0,99,Drizzle,light intensity drizzle,1271
2023-01-16 12:00:00,12,Martin Luther King Jr. Day,-3.0,0.0,0.0,9,Clear,sky is clear,1573
2023-01-16 13:00:00,13,Martin Luther King Jr. Day,-3.5,0.0,0.0,82,Clouds,few clouds,1640
2023-01-16 14:00:00,14,Martin Luther King Jr. Day,-3.1,0.0,0.0,50,Clouds,broken clouds,1572
2023-01-16 15:00:00,15,Martin Luther King Jr. Day,-3.4,0.0,0.0,17,Clear,sky is clear,1570
2023-01-16 16:00:00,16,Martin Luther King Jr. Day,-5.7,0.0,0.0,5,Clear,sky is clear,2242
2023-01-16 17:00:00,17,Martin Luther King Jr. Day,-0.5,0.0,0.0,16,Clear,sky is clear,2412
2023-01-16 18:00:00,18,Martin Luther King Jr. Day,-1.2,0.82,0.0,87,Rain,light rain,2161
2023-01-16 19:00:00,19,Martin Luther King Jr. Day,1.3,0.0,0.0,78,Clouds,broken clouds,1205
2023-01-16 20:00:00,20,Martin Luther King Jr. Day,-5.2,0.0,0.0,98,Clouds,broken clouds,1211
2023-01-16 21:00:00,21,Martin Luther King Jr. Day,-4.8,0.0,0.0,72,Clouds,few clouds,1415
2023-01-16 22:00:00,22,Martin Luther King Jr. Day,-3.8,0.0,0.0,16,Clear,sky is clear,354
2023-01-16 23:00:00,23,Martin Luther King Jr. Day,-9.7,0.0,0.0,14,Clear,sky is clear,237
2023-01-17 00:00:00,0,No Holiday,-10.0,0.0,0.0,37,Clouds,scattered clouds,412
2023-01-17 01:00:00,1,No Holiday,-6.5,0.0,0.0,79,Clouds,scattered clouds,557
2023-01-17 02:00:00,2,No Holiday,-9.3,0.53,0.0,87,Drizzle,light intensity drizzle,570
2023-01-17 03:00:00,3,No Holiday,-10.6,0.0,0.0,42,Clouds,scattered clouds,612
2023-01-17 04:00:00,4,No Holiday,-5.8,0.34,0.0,84,Rain,moderate rain,649
2023-01-17 05:00:00,5,No Holiday,-8.0,0.0,0.0,7,Clear,sky is clear,536
2023-01-17 06:00:00,6,No Holiday,-11.3,0.0,0.0,59,Clouds,scattered clouds,387
2023-01-17 07:00:00,7,No Holiday,-6.6,0.0,0.0,50,Clouds,few clouds,4706
2023-01-17 08:00:00,8,No Holiday,-4.3,0.0,0.45,84,Snow,light snow,3238
2023-01-17 09:00:00,9,No Holiday,-3.3,0.0,0.0,75,Clouds,overcast clouds,4556
2023-01-17 10:00:00,10,No Holiday,-2.2,0.0,0.0,51,Clouds,broken clouds,3684
2023-01-17 11:00:00,11,No Holiday,-2.2,1.68,0.0,92,Rain,heavy intensity rain,2937
2023-01-17 12:00:00,12,No Holiday,-1.2,0.0,0.0,85,Clouds,few clouds,3681
2023-01-17 13:00:00,13,No Holiday,-3.3,0.0,0.0,6,Clear,sky is clear,3561
2023-01-17 14:00:00,14,No Holiday,0.9,0.0,0.0,87,Clouds,overcast clouds,3551
2023-01-17 15:00:00,15,No Holiday,-1.4,0.93,0.0,90,Rain,heavy intensity rain,2893
2023-01-17 16:00:00,16,No Holiday,0.3,0.0,0.0,8,Clear,sky is clear,5906
2023-01-17 17:00:00,17,No Holiday,-0.2,0.0,0.0,87,Clouds,scattered clouds,4625
2023-01-17 18:00:00,18,No Holiday,-5.1,0.0,0.0,5,Clear,sky is clear,4762
2023-01-17 19:00:00,19,No Holiday,-4.6,2.25,0.0,74,Rain,moderate rain,2095
2023-01-17 20:00:00,20,No Holiday,-4.8,0.0,0.0,16,Clear,sky is clear,2718
2023-01-17 21:00:00,21,No Holiday,-6.1,0.0,0.0,87,Clouds,overcast clouds,3146
2023-01-17 22:00:00,22,No Holiday,-2.3,0.0,0.0,59,Clouds,scattered clouds,983
2023-01-17 23:00:00,23,No Holiday,-8.2,0.0,1.52,88,Snow,light snow,548
2023-01-18 00:00:00,0,No Holiday,-8.2,0.59,0.0,73,Rain,moderate rain,528
2023-01-18 01:00:00,1,No Holiday,-14.0,0.0,0.0,16,Clear,sky is clear,779
2023-01-18 02:00:00,2,No Holiday,-10.6,0.0,0.0,14,Clear,sky is clear,646
2023-01-18 03:00:00,3,No Holiday,-11.0,0.0,0.0,76,Clouds,overcast clouds,929
2023-01-18 04:00:00,4,No Holiday,-9.3,0.0,2.02,95,Snow,light snow,370
2023-01-18 05:00:00,5,No Holiday,-11.0,0.0,0.0,17,Clear,sky is clear,715
2023-01-18 06:00:00,6,No Holiday,-6.8,0.0,0.0,99,Clouds,scattered clouds,543
2023-01-18 07:00:00,7,No Holiday,-10.8,0.0,0.0,79,Fog,fog,4240
2023-01-18 08:00:00,8,No Holiday,-6.9,0.0,0.0,4,Clear,sky is clear,4711
2023-01-18 09:00:00,9,No Holiday,-10.4,0.0,0.0,73,Fog,fog,3986
2023-01-18 10:00:00,10,No Holiday,-4.0,0.0,0.0,99,Clouds,few clouds,3943
2023-01-18 11:00:00,11,No Holiday,-3.5,0.0,0.0,94,Fog,fog,2990
2023-01-18 12:00:00,12,No Holiday,-2.4,0.0,0.0,2,Clear,sky is clear,3449
2023-01-18 13:00:00,13,No Holiday,0.2,0.43,0.0,79,Drizzle,light intensity drizzle,2928
2023-01-18 14:00:00,14,No Holiday,-2.1,0.0,0.0,3,Clear,sky is clear,3679
2023-01-18 15:00:00,15,No Holiday,-5.8,0.0,0.0,14,Clear,sky is clear,3535
2023-01-18 16:00:00,16,No Holiday,-1.0,0.0,0.0,79,Fog,fog,5134
2023-01-18 17:00:00,17,No Holiday,-0.6,0.0,0.0,87,Clouds,few clouds,5594
2023-01-18 18:00:00,18,No Holiday,-3.8,0.0,0.0,18,Clear,sky is clear,5614
2023-01-18 19:00:00,19,No Holiday,-2.8,0.0,0.0,8,Clear,sky is clear,2870
2023-01-18 20:00:00,20,No Holiday,-5.6,0.0,0.0,53,Clouds,few clouds,2629
2023-01-18 21:00:00,21,No Holiday,-5.6,2.37,0.0,83,Rain,light rain,2366
2023-01-18 22:00:00,22,No Holiday,-8.2,0.0,0.0,1,Clear,sky is clear,249
2023-01-18 23:00:00,23,No Holiday,-9.2,0.0,0.0,15,Clear,sky is clear,758
2023-01-19 00:00:00,0,No Holiday,-4.3,0.0,0.0,69,Clouds,overcast clouds,545
2023-01-19 01:00:00,1,No Holiday,-9.1,0.81,0.0,86,Drizzle,light intensity drizzle,483
2023-01-19 02:00:00,2,No Holiday,-10.2,0.0,0.0,3,Clear,sky is clear,551
2023-01-19 03:00:00,3,No Holiday,-8.8,0.0,0.0,14,Clear,sky is clear,897
2023-01-19 04:00:00,4,No Holiday,-9.4,0.0,0.0,86,Thunderstorm,proximity thunderstorm,265
2023-01-19 05:00:00,5,No Holiday,-6.7,0.0,0.0,35,Clouds,overcast clouds,654
2023-01-19 06:00:00,6,No Holiday,-9.4,0.0,0.0,10,Clear,sky is clear,361
2023-01-19 07:00:00,7,No Holiday,-6.8,0.0,0.0,8,Clear,sky is clear,4150
2023-01-19 08:00:00,8,No Holiday,-2.3,0.54,0.0,83,Rain,heavy intensity rain,4509
2023-01-19 09:00:00,9,No Holiday,-7.4,0.0,0.0,31,Clouds,overcast clouds,4594
2023-01-19 10:00:00,10,No Holiday,-2.3,0.0,0.0,87,Mist,mist,3122
2023-01-19 11:00:00,11,No Holiday,-2.9,0.0,0.0,37,Clouds,broken clouds,3179
2023-01-19 12:00:00,12,No Holiday,-1.6,0.0,0.0,3,Clear,sky is clear,3690
2023-01-19 13:00:00,13,No Holiday,-3.3,0.0,0.0,92,Thunderstorm,thunderstorm with light rain,2271
2023-01-19 14:00:00,14,No Holiday,-0.4,0.0,0.0,5,Clear,sky is clear,3346
2023-01-19 15:00:00,15,No Holiday,-0.2,0.0,0.0,3,Clear,sky is clear,3307
2023-01-19 16:00:00,16,No Holiday,0.0,0.0,0.0,4,Clear,sky is clear,5514
2023-01-19 17:00:00,17,No Holiday,-0.6,0.0,0.0,11,Clear,sky is clear,5318
2023-01-19 18:00:00,18,No Holiday,-4.8,0.0,0.0,2,Clear,sky is clear,5779
2023-01-19 19:00:00,19,No Holiday,-2.9,0.0,0.0,0,Clear,sky is clear,3008
2023-01-19 20:00:00,20,No Holiday,-5.1,0.0,0.0,14,Clear,sky is clear,2582
2023-01-19 21:00:00,21,No Holiday,-4.1,0.0,0.0,51,Clouds,overcast clouds,2557
2023-01-19 22:00:00,22,No Holiday,-4.4,0.0,1.51,89,Snow,light snow,555
2023-01-19 23:00:00,23,No Holiday,-8.0,0.0,0.0,14,Clear,sky is clear,707
2023-01-20 00:00:00,0,No Holiday,-7.3,0.0,0.0,7,Clear,sky is clear,628
2023-01-20 01:00:00,1,No Holiday,-6.7,0.0,0.0,14,Clear,sky is clear,611
2023-01-20 02:00:00,2,No Holiday,-6.8,0.0,0.0,81,Fog,fog,439
2023-01-20 03:00:00,3,No Holiday,-7.6,0.0,0.0,14,Clear,sky is clear,580
2023-01-20 04:00:00,4,No Holiday,-8.0,0.0,0.0,88,Clouds,broken clouds,631
2023-01-20 05:00:00,5,No Holiday,-8.7,0.0,0.0,91,Clouds,overcast clouds,526
2023-01-20 06:00:00,6,No Holiday,-7.3,0.0,0.0,19,Clear,sky is clear,656
2023-01-20 07:00:00,7,No Holiday,-7.1,0.0,0.0,5,Clear,sky is clear,4474
2023-01-20 08:00:00,8,No Holiday,-4.6,0.0,0.0,18,Clear,sky is clear,4669
2023-01-20 09:00:00,9,No Holiday,-3.9,0.0,4.94,78,Snow,light snow,3546
2023-01-20 10:00:00,10,No Holiday,-2.2,0.0,0.0,14,Clear,sky is clear,3368
2023-01-20 11:00:00,11,No Holiday,-5.9,0.0,0.0,3,Clear,sky is clear,3263
2023-01-20 12:00:00,12,No Holiday,-2.6,0.0,0.0,19,Clear,sky is clear,3413
2023-01-20 13:00:00,13,No Holiday,0.1,0.0,0.0,13,Clear,sky is clear,3096
2023-01-20 14:00:00,14,No Holiday,0.8,0.0,0.0,92,Mist,mist,3613
2023-01-20 15:00:00,15,No Holiday,1.5,0.0,0.0,11,Clear,sky is clear,3529
2023-01-20 16:00:00,16,No Holiday,-1.0,0.0,0.0,19,Clear,sky is clear,5807
2023-01-20 17:00:00,17,No Holiday,-1.7,6.01,0.0,73,Rain,light rain,4283
2023-01-20 18:00:00,18,No Holiday,-3.2,0.0,0.0,83,Mist,mist,5046
2023-01-20 19:00:00,19,No Holiday,-2.0,0.0,0.0,98,Mist,mist,2829
2023-01-20 20:00:00,20,No Holiday,-1.1,0.0,0.0,57,Clouds,broken clouds,2746
2023-01-20 21:00:00,21,No Holiday,-3.5,0.34,0.0,93,Drizzle,light intensity drizzle,2345
2023-01-20 22:00:00,22,No Holiday,-3.1,0.0,0.0,67,Clouds,broken clouds,792
2023-01-20 23:00:00,23,No Holiday,-7.2,0.0,0.0,11,Clear,sky is clear,639
2023-01-21 00:00:00,0,No Holiday,-6.2,0.0,0.0,9,Clear,sky is clear,451
2023-01-21 01:00:00,1,No Holiday,-11.3,0.0,0.0,85,Clouds,few clouds,425
2023-01-21 02:00:00,2,No Holiday,-6.9,0.0,0.37,80,Snow,light snow,456
2023-01-21 03:00:00,3,No Holiday,-10.0,0.0,0.0,78,Clouds,few clouds,504
2023-01-21 04:00:00,4,No Holiday,-9.8,0.0,0.0,8,Clear,sky is clear,308
2023-01-21 05:00:00,5,No Holiday,-10.0,0.0,0.0,50,Clouds,overcast clouds,414
2023-01-21 06:00:00,6,No Holiday,-7.6,0.0,0.0,82,Mist,mist,213
2023-01-21 07:00:00,7,No Holiday,-7.6,0.0,0.0,75,Clouds,broken clouds,2985
2023-01-21 08:00:00,8,No Holiday,-6.8,3.13,0.0,81,Rain,light rain,2425
2023-01-21 09:00:00,9,No Holiday,-7.4,3.19,0.0,94,Rain,moderate rain,2776
2023-01-21 10:00:00,10,No Holiday,-4.9,0.0,0.0,16,Clear,sky is clear,2299
2023-01-21 11:00:00,11,No Holiday,0.2,0.0,0.0,0,Clear,sky is clear,2421
2023-01-21 12:00:00,12,No Holiday,-6.5,0.0,0.0,7,Clear,sky is clear,2460
2023-01-21 13:00:00,13,No Holiday,-1.8,0.0,0.0,14,Clear,sky is clear,2745
2023-01-21 14:00:00,14,No Holiday,-2.2,0.0,0.0,95,Clouds,scattered clouds,3024
2023-01-21 15:00:00,15,No Holiday,-0.5,0.0,0.0,68,Clouds,broken clouds,2908
2023-01-21 16:00:00,16,No Holiday,-0.4,0.0,0.0,1,Clear,sky is clear,4386
2023-01-21 17:00:00,17,No Holiday,1.0,0.0,0.0,86,Thunderstorm,proximity thunderstorm,2546
2023-01-21 18:00:00,18,No Holiday,-1.5,0.0,0.0,74,Clouds,broken clouds,3942
2023-01-21 19:00:00,19,No Holiday,-1.4,1.05,0.0,92,Rain,heavy intensity rain,1579
2023-01-21 20:00:00,20,No Holiday,-1.9,0.0,0.0,82,Clouds,few clouds,1776
2023-01-21 21:00:00,21,No Holiday,-4.5,0.0,0.0,2,Clear,sky is clear,1957
2023-01-21 22:00:00,22,No Holiday,-1.7,0.96,0.0,85,Rain,heavy intensity rain,282
2023-01-21 23:00:00,23,No Holiday,-7.2,0.0,0.0,85,Clouds,scattered clouds,400
2023-01-22 00:00:00,0,No Holiday,-6.9,0.0,0.0,0,Clear,sky is clear,337
2023-01-22 01:00:00,1,No Holiday,-10.4,0.0,0.0,17,Clear,sky is clear,392
2023-01-22 02:00:00,2,No Holiday,-11.7,0.0,0.0,10,Clear,sky is clear,545
2023-01-22 03:00:00,3,No Holiday,-6.8,0.0,0.0,77,Clouds,scattered clouds,323
2023-01-22 04:00:00,4,No Holiday,-5.1,0.0,0.0,4,Clear,sky is clear,389
2023-01-22 05:00:00,5,No Holiday,-10.7,0.0,0.0,13,Clear,sky is clear,441
2023-01-22 06:00:00,6,No Holiday,-8.0,0.0,0.0,17,Clear,sky is clear,398
2023-01-22 07:00:00,7,No Holiday,-8.7,0.0,0.0,66,Clouds,scattered clouds,2882
2023-01-22 08:00:00,8,No Holiday,-6.2,0.0,0.0,73,Mist,mist,2766
2023-01-22 09:00:00,9,No Holiday,-5.0,0.0,0.0,14,Clear,sky is clear,3150
2023-01-22 10:00:00,10,No Holiday,-4.0,0.0,0.0,82,Clouds,few clouds,2340
2023-01-22 11:00:00,11,No Holiday,-3.4,0.0,0.0,12,Clear,sky is clear,2475
2023-01-22 12:00:00,12,No Holiday,-4.7,0.6,0.0,88,Drizzle,light intensity drizzle,2254
2023-01-22 13:00:00,13,No Holiday,-0.9,0.0,0.0,84,Thunderstorm,thunderstorm with light rain,1500
2023-01-22 14:00:00,14,No Holiday,-2.2,5.31,0.0,77,Rain,heavy intensity rain,2499
2023-01-22 15:00:00,15,No Holiday,1.1,0.0,0.0,37,Clouds,broken clouds,2606
2023-01-22 16:00:00,16,No Holiday,-1.2,0.0,0.0,93,Clouds,broken clouds,4057
2023-01-22 17:00:00,17,No Holiday,1.8,0.0,0.0,14,Clear,sky is clear,4638
2023-01-22 18:00:00,18,No Holiday,-2.9,5.24,0.0,81,Rain,light rain,3145
2023-01-22 19:00:00,19,No Holiday,-4.8,2.22,0.0,95,Rain,moderate rain,1605
2023-01-22 20:00:00,20,No Holiday,2.5,0.0,0.0,44,Clouds,broken clouds,1658
2023-01-22 21:00:00,21,No Holiday,-3.5,0.0,0.0,16,Clear,sky is clear,1844
2023-01-22 22:00:00,22,No Holiday,-3.6,7.81,0.0,85,Rain,heavy intensity rain,371
2023-01-22 23:00:00,23,No Holiday,-9.0,0.0,0.0,2,Clear,sky is clear,359
2023-01-23 00:00:00,0,No Holiday,-6.6,0.0,0.0,51,Clouds,broken clouds,246
2023-01-23 01:00:00,1,No Holiday,-6.2,0.0,0.0,93,Clouds,scattered clouds,800
2023-01-23 02:00:00,2,No Holiday,-10.8,0.59,0.0,94,Rain,heavy intensity rain,412
2023-01-23 03:00:00,3,No Holiday,-9.2,0.0,0.0,66,Clouds,broken clouds,614
2023-01-23 04:00:00,4,No Holiday,-7.9,0.0,0.0,72,Mist,mist,676
2023-01-23 05:00:00,5,No Holiday,-10.0,0.0,0.0,33,Clouds,scattered clouds,695
2023-01-23 06:00:00,6,No Holiday,-9.2,0.0,0.0,2,Clear,sky is clear,644
2023-01-23 07:00:00,7,No Holiday,-4.8,0.0,0.0,90,Clouds,few clouds,5364
2023-01-23 08:00:00,8,No Holiday,-7.5,0.0,1.84,97,Snow,heavy snow,3259
2023-01-23 09:00:00,9,No Holiday,-4.1,0.0,0.0,63,Clouds,broken clouds,4573
2023-01-23 10:00:00,10,No Holiday,-2.2,0.0,0.0,99,Fog,fog,3075
2023-01-23 11:00:00,11,No Holiday,-0.7,0.0,0.0,82,Clouds,scattered clouds,3570
2023-01-23 12:00:00,12,No Holiday,0.8,0.0,0.0,9,Clear,sky is clear,3380
2023-01-23 13:00:00,13,No Holiday,2.1,0.0,0.0,17,Clear,sky is clear,3810
2023-01-23 14:00:00,14,No Holiday,0.5,0.0,0.51,99,Snow,heavy snow,2280
2023-01-23 15:00:00,15,No Holiday,-3.3,1.28,0.0,83,Rain,moderate rain,3094
2023-01-23 16:00:00,16,No Holiday,-3.1,0.0,0.0,55,Clouds,few clouds,5728
2023-01-23 17:00:00,17,No Holiday,-0.1,0.0,0.0,93,Mist,mist,5482
2023-01-23 18:00:00,18,No Holiday,-0.5,0.0,0.0,10,Clear,sky is clear,5097
2023-01-23 19:00:00,19,No Holiday,-3.3,0.0,0.0,73,Clouds,scattered clouds,2830
2023-01-23 20:00:00,20,No Holiday,-2.2,0.0,0.0,88,Fog,fog,2604
2023-01-23 21:00:00,21,No Holiday,-5.5,0.18,0.0,95,Drizzle,light intensity drizzle,2467
2023-01-23 22:00:00,22,No Holiday,-5.9,0.0,0.0,94,Fog,fog,539
2023-01-23 23:00:00,23,No Holiday,-6.0,0.0,0.0,53,Clouds,few clouds,549
2023-01-24 00:00:00,0,No Holiday,-9.9,0.0,0.0,18,Clear,sky is clear,816
2023-01-24 01:00:00,1,No Holiday,-8.5,0.0,0.0,8,Clear,sky is clear,527
2023-01-24 02:00:00,2,No Holiday,-10.9,0.0,0.0,42,Clouds,broken clouds,656
2023-01-24 03:00:00,3,No Holiday,-6.5,0.0,0.7,75,Snow,heavy snow,434
2023-01-24 04:00:00,4,No Holiday,-6.8,0.0,0.0,12,Clear,sky is clear,654
2023-01-24 05:00:00,5,No Holiday,-7.1,0.0,0.0,2,Clear,sky is clear,642
2023-01-24 06:00:00,6,No Holiday,-5.7,0.0,0.0,7,Clear,sky is clear,470
2023-01-24 07:00:00,7,No Holiday,-2.1,0.0,0.0,10,Clear,sky is clear,4502
2023-01-24 08:00:00,8,No Holiday,-7.1,0.0,0.0,9,Clear,sky is clear,4514
2023-01-24 09:00:00,9,No Holiday,-6.9,0.0,0.0,66,Clouds,few clouds,4589
2023-01-24 10:00:00,10,No Holiday,-3.6,0.0,0.0,2,Clear,sky is clear,3521
2023-01-24 11:00:00,11,No Holiday,-1.4,0.0,0.0,58,Clouds,overcast clouds,2898
2023-01-24 12:00:00,12,No Holiday,-1.1,0.0,0.0,94,Clouds,scattered clouds,3490
2023-01-24 13:00:00,13,No Holiday,0.6,4.86,0.0,91,Rain,moderate rain,2921
2023-01-24 14:00:00,14,No Holiday,-1.6,0.0,0.0,0,Clear,sky is clear,3548
2023-01-24 15:00:00,15,No Holiday,-2.7,0.0,0.0,45,Clouds,overcast clouds,3683
2023-01-24 16:00:00,16,No Holiday,2.6,0.0,0.0,80,Clouds,overcast clouds,5675
2023-01-24 17:00:00,17,No Holiday,-0.2,0.0,0.0,88,Clouds,scattered clouds,5637
2023-01-24 18:00:00,18,No Holiday,-3.0,0.0,0.0,1,Clear,sky is clear,5337
2023-01-24 19:00:00,19,No Holiday,-4.2,0.0,0.0,11,Clear,sky is clear,3281
2023-01-24 20:00:00,20,No Holiday,-3.9,0.17,0.0,78,Drizzle,light intensity drizzle,2505
2023-01-24 21:00:00,21,No Holiday,-3.7,0.0,0.0,55,Clouds,few clouds,2627
2023-01-24 22:00:00,22,No Holiday,-7.0,0.0,0.0,12,Clear,sky is clear,788
2023-01-24 23:00:00,23,No Holiday,-6.0,0.0,0.0,10,Clear,sky is clear,827
2023-01-25 00:00:00,0,No Holiday,-9.5,0.0,0.0,93,Mist,mist,447
2023-01-25 01:00:00,1,No Holiday,-7.9,0.0,0.0,13,Clear,sky is clear,914
2023-01-25 02:00:00,2,No Holiday,-11.0,0.58,0.0,84,Drizzle,light intensity drizzle,566
2023-01-25 03:00:00,3,No Holiday,-8.1,0.66,0.0,99,Drizzle,light intensity drizzle,567
2023-01-25 04:00:00,4,No Holiday,-9.2,0.0,0.0,32,Clouds,few clouds,861
2023-01-25 05:00:00,5,No Holiday,-8.9,0.0,0.0,10,Clear,sky is clear,489
2023-01-25 06:00:00,6,No Holiday,-9.5,0.0,0.0,80,Thunderstorm,proximity thunderstorm,433
2023-01-25 07:00:00,7,No Holiday,-3.8,0.0,0.0,3,Clear,sky is clear,4470
2023-01-25 08:00:00,8,No Holiday,-9.2,0.0,0.0,84,Clouds,broken clouds,4692
2023-01-25 09:00:00,9,No Holiday,-6.6,0.0,0.0,95,Clouds,broken clouds,4935
2023-01-25 10:00:00,10,No Holiday,-4.1,0.0,1.9,84,Snow,heavy snow,2520
2023-01-25 11:00:00,11,No Holiday,-3.5,3.69,0.0,91,Rain,moderate rain,2740
2023-01-25 12:00:00,12,No Holiday,0.1,4.08,0.0,90,Rain,moderate rain,3157
2023-01-25 13:00:00,13,No Holiday,-2.9,0.0,2.48,91,Snow,heavy snow,2260
2023-01-25 14:00:00,14,No Holiday,-2.0,0.0,0.0,74,Clouds,few clouds,3483
2023-01-25 15:00:00,15,No Holiday,-1.7,0.0,0.0,1,Clear,sky is clear,3338
2023-01-25 16:00:00,16,No Holiday,-2.4,0.0,0.0,2,Clear,sky is clear,5862
2023-01-25 17:00:00,17,No Holiday,-1.7,0.0,0.0,16,Clear,sky is clear,5165
2023-01-25 18:00:00,18,No Holiday,-3.5,0.0,0.0,97,Clouds,broken clouds,5677
2023-01-25 19:00:00,19,No Holiday,-4.6,0.23,0.0,93,Drizzle,light intensity drizzle,2595
2023-01-25 20:00:00,20,No Holiday,-7.0,0.0,0.0,55,Clouds,broken clouds,3037
2023-01-25 21:00:00,21,No Holiday,-5.4,0.0,0.0,55,Clouds,broken clouds,2693
2023-01-25 22:00:00,22,No Holiday,-6.4,5.49,0.0,87,Rain,moderate rain,701
2023-01-25 23:00:00,23,No Holiday,-6.2,0.0,0.0,18,Clear,sky is clear,476
2023-01-26 00:00:00,0,No Holiday,-8.7,0.0,0.0,97,Clouds,broken clouds,677
2023-01-26 01:00:00,1,No Holiday,-7.1,0.0,0.0,53,Clouds,broken clouds,613
2023-01-26 02:00:00,2,No Holiday,-7.1,0.0,0.0,3,Clear,sky is clear,771
2023-01-26 03:00:00,3,No Holiday,-12.6,0.0,0.0,82,Clouds,few clouds,711
2023-01-26 04:00:00,4,No Holiday,-7.5,0.0,0.0,9,Clear,sky is clear,300
2023-01-26 05:00:00,5,No Holiday,-9.6,0.0,0.0,19,Clear,sky is clear,581
2023-01-26 06:00:00,6,No Holiday,-6.5,3.56,0.0,95,Rain,light rain,441
2023-01-26 07:00:00,7,No Holiday,-9.1,0.79,0.0,94,Rain,heavy intensity rain,3712
2023-01-26 08:00:00,8,No Holiday,-4.5,0.62,0.0,91,Rain,heavy intensity rain,4158
2023-01-26 09:00:00,9,No Holiday,-2.1,0.0,0.0,60,Clouds,broken clouds,4284
2023-01-26 10:00:00,10,No Holiday,-3.7,0.0,0.0,9,Clear,sky is clear,3063
2023-01-26 11:00:00,11,No Holiday,-7.5,0.0,0.0,84,Fog,fog,2995
2023-01-26 12:00:00,12,No Holiday,-0.2,0.0,0.0,0,Clear,sky is clear,3701
2023-01-26 13:00:00,13,No Holiday,-3.2,0.5,0.0,71,Drizzle,light intensity drizzle,3199
2023-01-26 14:00:00,14,No Holiday,1.0,0.0,0.0,52,Clouds,few clouds,3749
2023-01-26 15:00:00,15,No Holiday,-1.4,0.0,0.0,8,Clear,sky is clear,3483
2023-01-26 16:00:00,16,No Holiday,-3.7,0.87,0.0,86,Drizzle,light intensity drizzle,4376
2023-01-26 17:00:00,17,No Holiday,-0.6,0.0,0.0,70,Fog,fog,5507
2023-01-26 18:00:00,18,No Holiday,-2.5,0.0,0.0,97,Clouds,overcast clouds,4712
2023-01-26 19:00:00,19,No Holiday,-3.6,0.0,2.4,70,Snow,heavy snow,1950
2023-01-26 20:00:00,20,No Holiday,-4.1,0.0,0.0,18,Clear,sky is clear,2891
2023-01-26 21:00:00,21,No Holiday,-4.4,0.0,0.0,94,Clouds,few clouds,3168
2023-01-26 22:00:00,22,No Holiday,-6.4,0.0,0.0,15,Clear,sky is clear,387
2023-01-26 23:00:00,23,No Holiday,-6.5,0.0,0.0,10,Clear,sky is clear,863
2023-01-27 00:00:00,0,No Holiday,-10.1,0.0,0.0,88,Mist,mist,479
2023-01-27 01:00:00,1,No Holiday,-10.0,0.0,0.0,2,Clear,sky is clear,665
2023-01-27 02:00:00,2,No Holiday,-11.6,0.0,0.0,0,Clear,sky is clear,762
2023-01-27 03:00:00,3,No Holiday,-12.6,0.0,0.0,11,Clear,sky is clear,723
2023-01-27 04:00:00,4,No Holiday,-11.9,2.33,0.0,93,Rain,moderate rain,725
2023-01-27 05:00:00,5,No Holiday,-9.9,0.0,0.0,98,Clouds,broken clouds,798
2023-01-27 06:00:00,6,No Holiday,-7.5,2.5,0.0,83,Rain,heavy intensity rain,580
2023-01-27 07:00:00,7,No Holiday,-5.7,0.0,0.0,58,Clouds,overcast clouds,4749
2023-01-27 08:00:00,8,No Holiday,-5.2,0.0,0.0,77,Mist,mist,4151
2023-01-27 09:00:00,9,No Holiday,-4.9,0.0,0.0,5,Clear,sky is clear,4572
2023-01-27 10:00:00,10,No Holiday,-3.2,0.0,0.0,70,Clouds,scattered clouds,3510
2023-01-27 11:00:00,11,No Holiday,-2.8,0.0,0.0,2,Clear,sky is clear,3139
2023-01-27 12:00:00,12,No Holiday,-2.3,0.0,0.0,9,Clear,sky is clear,3138
2023-01-27 13:00:00,13,No Holiday,-3.2,0.0,0.0,58,Clouds,broken clouds,3609
2023-01-27 14:00:00,14,No Holiday,2.4,0.0,0.0,95,Clouds,broken clouds,3343
2023-01-27 15:00:00,15,No Holiday,1.4,0.0,0.0,88,Clouds,few clouds,3753
2023-01-27 16:00:00,16,No Holiday,0.2,0.0,0.19,94,Snow,light snow,3404
2023-01-27 17:00:00,17,No Holiday,-0.4,0.0,0.0,3,Clear,sky is clear,5519
2023-01-27 18:00:00,18,No Holiday,-0.1,0.0,0.0,74,Clouds,few clouds,5809
2023-01-27 19:00:00,19,No Holiday,-6.1,0.0,0.0,39,Clouds,few clouds,2758
2023-01-27 20:00:00,20,No Holiday,-1.7,0.0,0.0,5,Clear,sky is clear,2733
2023-01-27 21:00:00,21,No Holiday,-5.0,0.0,0.0,14,Clear,sky is clear,2765
2023-01-27 22:00:00,22,No Holiday,-6.9,13.97,0.0,97,Rain,moderate rain,384
2023-01-27 23:00:00,23,No Holiday,-3.9,0.0,0.0,19,Clear,sky is clear,894
2023-01-28 00:00:00,0,No Holiday,-6.7,3.36,0.0,84,Rain,heavy intensity rain,288
2023-01-28 01:00:00,1,No Holiday,-8.6,0.0,0.0,10,Clear,sky is clear,410
2023-01-28 02:00:00,2,No Holiday,-5.5,0.0,0.0,45,Clouds,broken clouds,404
2023-01-28 03:00:00,3,No Holiday,-8.2,0.0,0.5,93,Snow,light snow,332
2023-01-28 04:00:00,4,No Holiday,-7.9,1.84,0.0,88,Rain,heavy intensity rain,279
2023-01-28 05:00:00,5,No Holiday,-9.3,0.0,0.0,10,Clear,sky is clear,568
2023-01-28 06:00:00,6,No Holiday,-11.3,0.0,0.0,4,Clear,sky is clear,459
2023-01-28 07:00:00,7,No Holiday,-4.8,0.0,0.0,87,Clouds,few clouds,3245
2023-01-28 08:00:00,8,No Holiday,-4.4,0.0,0.0,66,Clouds,overcast clouds,2922
2023-01-28 09:00:00,9,No Holiday,-5.8,0.0,0.0,40,Clouds,overcast clouds,3223
2023-01-28 10:00:00,10,No Holiday,-6.5,0.0,0.0,90,Clouds,broken clouds,2227
2023-01-28 11:00:00,11,No Holiday,-3.9,0.0,0.0,0,Clear,sky is clear,2270
2023-01-28 12:00:00,12,No Holiday,-3.2,0.0,0.0,67,Clouds,few clouds,3012
2023-01-28 13:00:00,13,No Holiday,-1.5,3.43,0.0,72,Rain,light rain,2230
2023-01-28 14:00:00,14,No Holiday,0.0,0.0,0.0,4,Clear,sky is clear,2919
2023-01-28 15:00:00,15,No Holiday,2.7,0.0,0.0,19,Clear,sky is clear,2343
2023-01-28 16:00:00,16,No Holiday,-0.9,0.0,0.0,4,Clear,sky is clear,4246
2023-01-28 17:00:00,17,No Holiday,-3.8,0.0,0.0,90,Clouds,broken clouds,3840
2023-01-28 18:00:00,18,No Holiday,-0.0,0.0,0.0,70,Clouds,scattered clouds,3023
2023-01-28 19:00:00,19,No Holiday,-2.2,0.0,0.93,99,Snow,light snow,1351
2023-01-28 20:00:00,20,No Holiday,0.1,0.0,0.0,4,Clear,sky is clear,1673
2023-01-28 21:00:00,21,No Holiday,-1.8,0.0,0.0,15,Clear,sky is clear,1737
2023-01-28 22:00:00,22,No Holiday,-5.8,0.0,0.0,0,Clear,sky is clear,594
2023-01-28 23:00:00,23,No Holiday,-9.0,0.69,0.0,79,Rain,heavy intensity rain,235
2023-01-29 00:00:00,0,No Holiday,-5.6,0.0,0.0,9,Clear,sky is clear,602
2023-01-29 01:00:00,1,No Holiday,-11.3,0.0,0.0,18,Clear,sky is clear,488
2023-01-29 02:00:00,2,No Holiday,-6.5,0.0,0.0,38,Clouds,broken clouds,359
2023-01-29 03:00:00,3,No Holiday,-12.2,0.0,0.0,69,Clouds,scattered clouds,258
2023-01-29 04:00:00,4,No Holiday,-10.6,0.0,0.0,42,Clouds,broken clouds,482
2023-01-29 05:00:00,5,No Holiday,-7.8,0.0,0.0,77,Clouds,few clouds,518
2023-01-29 06:00:00,6,No Holiday,-9.7,0.0,0.0,16,Clear,sky is clear,456
2023-01-29 07:00:00,7,No Holiday,-7.9,0.0,0.0,76,Mist,mist,2508
2023-01-29 08:00:00,8,No Holiday,-5.0,0.0,0.96,84,Snow,light snow,2366
2023-01-29 09:00:00,9,No Holiday,-5.5,3.29,0.0,78,Rain,light rain,2668
2023-01-29 10:00:00,10,No Holiday,-1.5,0.0,0.34,81,Snow,heavy snow,1608
2023-01-29 11:00:00,11,No Holiday,-0.8,0.0,0.0,48,Clouds,broken clouds,2173
2023-01-29 12:00:00,12,No Holiday,-3.8,0.0,0.0,7,Clear,sky is clear,2718
2023-01-29 13:00:00,13,No Holiday,-4.2,0.17,0.0,94,Rain,heavy intensity rain,2387
2023-01-29 14:00:00,14,No Holiday,-1.2,0.0,0.0,49,Clouds,scattered clouds,2799
2023-01-29 15:00:00,15,No Holiday,-3.2,0.0,0.0,7,Clear,sky is clear,2596
2023-01-29 16:00:00,16,No Holiday,-1.5,0.0,0.0,59,Clouds,overcast clouds,4043
2023-01-29 17:00:00,17,No Holiday,-0.2,0.0,0.0,60,Clouds,overcast clouds,3901
2023-01-29 18:00:00,18,No Holiday,-1.0,0.0,0.0,65,Clouds,few clouds,3662
2023-01-29 19:00:00,19,No Holiday,-2.1,1.08,0.0,95,Rain,light rain,1768
2023-01-29 20:00:00,20,No Holiday,-2.6,0.0,0.0,8,Clear,sky is clear,1701
2023-01-29 21:00:00,21,No Holiday,-7.3,0.0,0.0,15,Clear,sky is clear,1530
2023-01-29 22:00:00,22,No Holiday,-5.0,0.0,0.0,91,Clouds,overcast clouds,596
2023-01-29 23:00:00,23,No Holiday,-7.2,1.22,0.0,77,Rain,moderate rain,281
2023-01-30 00:00:00,0,No Holiday,-10.0,0.0,0.0,11,Clear,sky is clear,553
2023-01-30 01:00:00,1,No Holiday,-6.6,0.0,0.0,31,Clouds,scattered clouds,788
2023-01-30 02:00:00,2,No Holiday,-9.2,0.0,0.0,91,Clouds,scattered clouds,511
2023-01-30 03:00:00,3,No Holiday,-11.2,0.0,0.0,99,Fog,fog,729
2023-01-30 04:00:00,4,No Holiday,-8.5,0.0,1.78,82,Snow,light snow,313
2023-01-30 05:00:00,5,No Holiday,-6.4,0.0,0.0,14,Clear,sky is clear,736
2023-01-30 06:00:00,6,No Holiday,-8.1,0.0,0.0,89,Thunderstorm,proximity thunderstorm,511
2023-01-30 07:00:00,7,No Holiday,-5.5,0.0,0.0,7,Clear,sky is clear,4793
2023-01-30 08:00:00,8,No Holiday,-5.3,0.0,0.0,17,Clear,sky is clear,4114
2023-01-30 09:00:00,9,No Holiday,-5.7,0.0,0.0,7,Clear,sky is clear,4965
2023-01-30 10:00:00,10,No Holiday,-4.8,0.0,0.0,31,Clouds,scattered clouds,3908
2023-01-30 11:00:00,11,No Holiday,-1.5,0.25,0.0,89,Rain,moderate rain,3210
2023-01-30 12:00:00,12,No Holiday,-1.0,0.0,0.0,2,Clear,sky is clear,3760
2023-01-30 13:00:00,13,No Holiday,-5.1,0.0,0.0,2,Clear,sky is clear,3477
2023-01-30 14:00:00,14,No Holiday,-1.2,0.03,0.0,97,Rain,heavy intensity rain,3050
2023-01-30 15:00:00,15,No Holiday,-3.4,0.0,0.0,13,Clear,sky is clear,3673
2023-01-30 16:00:00,16,No Holiday,-0.7,0.0,0.0,14,Clear,sky is clear,5569
2023-01-30 17:00:00,17,No Holiday,-1.9,0.0,0.0,74,Fog,fog,4970
2023-01-30 18:00:00,18,No Holiday,-1.7,0.0,0.0,58,Clouds,few clouds,5766
2023-01-30 19:00:00,19,No Holiday,-3.7,2.16,0.0,85,Rain,heavy intensity rain,2739
2023-01-30 20:00:00,20,No Holiday,-2.6,0.0,0.0,92,Fog,fog,2605
2023-01-30 21:00:00,21,No Holiday,-2.0,0.0,0.0,41,Clouds,few clouds,3070
2023-01-30 22:00:00,22,No Holiday,-3.8,0.0,0.0,54,Clouds,scattered clouds,697
2023-01-30 23:00:00,23,No Holiday,-5.7,0.0,1.7,87,Snow,light snow,466
2023-01-31 00:00:00,0,No Holiday,-8.9,0.0,0.0,83,Clouds,few clouds,687
2023-01-31 01:00:00,1,No Holiday,-9.9,0.0,0.0,94,Clouds,overcast clouds,596
2023-01-31 02:00:00,2,No Holiday,-7.7,0.0,0.0,75,Clouds,broken clouds,540
2023-01-31 03:00:00,3,No Holiday,-8.0,0.0,0.0,69,Clouds,overcast clouds,855
2023-01-31 04:00:00,4,No Holiday,-10.8,0.0,0.0,95,Clouds,few clouds,1101
2023-01-31 05:00:00,5,No Holiday,-11.8,0.0,0.0,95,Fog,fog,682
2023-01-31 06:00:00,6,No Holiday,-8.7,0.0,0.0,37,Clouds,overcast clouds,700
2023-01-31 07:00:00,7,No Holiday,-6.6,0.0,0.0,13,Clear,sky is clear,4770
2023-01-31 08:00:00,8,No Holiday,-8.3,0.0,1.73,96,Snow,light snow,3316
2023-01-31 09:00:00,9,No Holiday,-6.8,0.56,0.0,74,Rain,heavy intensity rain,4263
2023-01-31 10:00:00,10,No Holiday,-3.5,0.52,0.0,90,Drizzle,light intensity drizzle,3260
2023-01-31 11:00:00,11,No Holiday,-3.4,0.0,0.0,11,Clear,sky is clear,3379
2023-01-31 12:00:00,12,No Holiday,-1.5,0.0,0.0,88,Fog,fog,3291
2023-01-31 13:00:00,13,No Holiday,1.3,0.0,0.0,63,Clouds,scattered clouds,3564
2023-01-31 14:00:00,14,No Holiday,-2.5,0.0,0.0,89,Fog,fog,3211
2023-01-31 15:00:00,15,No Holiday,1.5,0.0,0.0,77,Thunderstorm,thunderstorm with light rain,1719
2023-01-31 16:00:00,16,No Holiday,-2.0,0.0,0.0,85,Clouds,few clouds,5231
2023-01-31 17:00:00,17,No Holiday,-2.3,0.0,0.0,12,Clear,sky is clear,5197
2023-01-31 18:00:00,18,No Holiday,-2.9,0.0,0.0,1,Clear,sky is clear,5516
2023-01-31 19:00:00,19,No Holiday,-1.9,0.0,0.0,98,Clouds,scattered clouds,2970
2023-01-31 20:00:00,20,No Holiday,-0.9,0.0,0.0,2,Clear,sky is clear,2777
2023-01-31 21:00:00,21,No Holiday,-5.3,0.0,0.0,94,Thunderstorm,proximity thunderstorm,1714
2023-01-31 22:00:00,22,No Holiday,-8.0,0.0,0.0,12,Clear,sky is clear,805
2023-01-31 23:00:00,23,No Holiday,-5.7,0.0,0.0,84,Thunderstorm,thunderstorm with light rain,225
2023-02-01 00:00:00,0,No Holiday,-5.5,0.54,0.0,87,Rain,moderate rain,455
2023-02-01 01:00:00,1,No Holiday,-2.2,0.0,0.0,89,Clouds,scattered clouds,641
2023-02-01 02:00:00,2,No Holiday,-5.0,0.0,0.0,68,Clouds,broken clouds,645
2023-02-01 03:00:00,3,No Holiday,-3.9,0.0,0.0,12,Clear,sky is clear,659
2023-02-01 04:00:00,4,No Holiday,-3.4,0.0,0.0,83,Clouds,scattered clouds,711
2023-02-01 05:00:00,5,No Holiday,-5.9,0.0,0.0,5,Clear,sky is clear,449
2023-02-01 06:00:00,6,No Holiday,-5.4,0.0,0.0,51,Clouds,scattered clouds,634
2023-02-01 07:00:00,7,No Holiday,-2.2,0.0,0.0,86,Clouds,scattered clouds,5362
2023-02-01 08:00:00,8,No Holiday,-5.4,0.0,0.0,96,Fog,fog,4405
2023-02-01 09:00:00,9,No Holiday,-0.5,0.0,0.0,91,Clouds,few clouds,4537
2023-02-01 10:00:00,10,No Holiday,-1.7,0.0,0.0,51,Clouds,broken clouds,3083
2023-02-01 11:00:00,11,No Holiday,0.3,0.0,0.0,49,Clouds,few clouds,3841
2023-02-01 12:00:00,12,No Holiday,-2.8,0.0,0.0,0,Clear,sky is clear,3348
2023-02-01 13:00:00,13,No Holiday,-1.0,0.0,0.0,52,Clouds,scattered clouds,3435
2023-02-01 14:00:00,14,No Holiday,-1.0,0.0,0.0,12,Clear,sky is clear,3333
2023-02-01 15:00:00,15,No Holiday,-3.5,1.67,0.0,87,Rain,heavy intensity rain,2613
2023-02-01 16:00:00,16,No Holiday,4.6,0.0,0.0,87,Fog,fog,5006
2023-02-01 17:00:00,17,No Holiday,2.8,0.0,0.0,15,Clear,sky is clear,5272
2023-02-01 18:00:00,18,No Holiday,0.1,0.0,0.0,81,Clouds,few clouds,4654
2023-02-01 19:00:00,19,No Holiday,0.0,0.0,0.0,19,Clear,sky is clear,3585
2023-02-01 20:00:00,20,No Holiday,-0.5,0.0,0.0,84,Fog,fog,2493
2023-02-01 21:00:00,21,No Holiday,-6.1,0.0,0.0,0,Clear,sky is clear,2603
2023-02-01 22:00:00,22,No Holiday,-3.8,0.0,0.0,11,Clear,sky is clear,713
2023-02-01 23:00:00,23,No Holiday,-2.5,0.0,0.0,10,Clear,sky is clear,627
2023-02-02 00:00:00,0,No Holiday,-2.0,0.0,0.0,7,Clear,sky is clear,830
2023-02-02 01:00:00,1,No Holiday,-6.8,0.0,0.0,4,Clear,sky is clear,760
2023-02-02 02:00:00,2,No Holiday,-7.7,0.0,0.0,16,Clear,sky is clear,888
2023-02-02 03:00:00,3,No Holiday,-8.4,0.0,0.0,18,Clear,sky is clear,493
2023-02-02 04:00:00,4,No Holiday,-4.4,0.0,0.0,57,Clouds,overcast clouds,955
2023-02-02 05:00:00,5,No Holiday,-5.8,0.0,0.0,10,Clear,sky is clear,741
2023-02-02 06:00:00,6,No Holiday,-6.9,0.0,0.0,89,Clouds,few clouds,377
2023-02-02 07:00:00,7,No Holiday,-6.2,0.0,0.0,71,Clouds,few clouds,4495
2023-02-02 08:00:00,8,No Holiday,-2.0,0.0,0.0,77,Fog,fog,4287
2023-02-02 09:00:00,9,No Holiday,-3.1,0.0,0.0,8,Clear,sky is clear,5010
2023-02-02 10:00:00,10,No Holiday,-0.4,0.0,0.0,13,Clear,sky is clear,3253
2023-02-02 11:00:00,11,No Holiday,0.7,0.0,0.0,9,Clear,sky is clear,3474
2023-02-02 12:00:00,12,No Holiday,0.4,0.0,0.0,18,Clear,sky is clear,3681
2023-02-02 13:00:00,13,No Holiday,-1.4,0.0,0.0,79,Clouds,broken clouds,3937
2023-02-02 14:00:00,14,No Holiday,3.1,0.0,0.0,1,Clear,sky is clear,3223
2023-02-02 15:00:00,15,No Holiday,-0.0,0.0,0.0,91,Clouds,few clouds,3236
2023-02-02 16:00:00,16,No Holiday,-1.2,0.0,0.0,81,Clouds,scattered clouds,5387
2023-02-02 17:00:00,17,No Holiday,2.0,0.0,0.0,34,Clouds,scattered clouds,5880
2023-02-02 18:00:00,18,No Holiday,-1.0,0.0,0.0,3,Clear,sky is clear,5354
2023-02-02 19:00:00,19,No Holiday,-2.8,0.0,0.0,77,Mist,mist,2611
2023-02-02 20:00:00,20,No Holiday,-0.5,0.0,0.0,19,Clear,sky is clear,2858
2023-02-02 21:00:00,21,No Holiday,-3.2,0.0,0.0,66,Clouds,broken clouds,2819
2023-02-02 22:00:00,22,No Holiday,-1.0,0.0,0.0,10,Clear,sky is clear,790
2023-02-02 23:00:00,23,No Holiday,-6.9,0.0,0.0,7,Clear,sky is clear,676
2023-02-03 00:00:00,0,No Holiday,-5.2,3.94,0.0,76,Rain,moderate rain,566
2023-02-03 01:00:00,1,No Holiday,-6.6,0.0,0.0,19,Clear,sky is clear,729
2023-02-03 02:00:00,2,No Holiday,-6.8,0.0,0.0,4,Clear,sky is clear,598
2023-02-03 03:00:00,3,No Holiday,-9.8,0.0,0.0,71,Clouds,scattered clouds,758
2023-02-03 04:00:00,4,No Holiday,-6.0,0.0,0.0,37,Clouds,few clouds,727
2023-02-03 05:00:00,5,No Holiday,-8.8,0.0,0.99,75,Snow,heavy snow,485
2023-02-03 06:00:00,6,No Holiday,-8.4,0.0,0.0,14,Clear,sky is clear,703
2023-02-03 07:00:00,7,No Holiday,-5.8,0.0,0.0,64,Clouds,few clouds,4889
2023-02-03 08:00:00,8,No Holiday,-4.3,0.0,0.0,34,Clouds,broken clouds,4572
2023-02-03 09:00:00,9,No Holiday,-5.2,0.0,0.0,47,Clouds,scattered clouds,4326
2023-02-03 10:00:00,10,No Holiday,-0.9,0.0,0.81,92,Snow,light snow,2413
2023-02-03 11:00:00,11,No Holiday,2.1,0.0,0.0,2,Clear,sky is clear,3517
2023-02-03 12:00:00,12,No Holiday,-0.6,0.0,0.0,77,Clouds,overcast clouds,3342
2023-02-03 13:00:00,13,No Holiday,0.2,0.0,0.0,79,Clouds,broken clouds,3427
2023-02-03 14:00:00,14,No Holiday,0.3,0.0,0.0,43,Clouds,scattered clouds,3304
2023-02-03 15:00:00,15,No Holiday,-0.8,0.0,0.0,7,Clear,sky is clear,3323
2023-02-03 16:00:00,16,No Holiday,1.5,0.0,0.0,12,Clear,sky is clear,5283
2023-02-03 17:00:00,17,No Holiday,0.7,0.66,0.0,93,Rain,heavy intensity rain,4285
2023-02-03 18:00:00,18,No Holiday,1.6,0.0,0.0,11,Clear,sky is clear,5226
2023-02-03 19:00:00,19,No Holiday,-0.5,0.0,0.0,59,Clouds,broken clouds,2939
2023-02-03 20:00:00,20,No Holiday,-1.6,0.0,0.0,68,Clouds,few clouds,3126
2023-02-03 21:00:00,21,No Holiday,-1.4,0.0,0.0,4,Clear,sky is clear,2911
2023-02-03 22:00:00,22,No Holiday,-4.8,0.72,0.0,87,Rain,moderate rain,581
2023-02-03 23:00:00,23,No Holiday,-4.4,0.0,0.0,9,Clear,sky is clear,458
2023-02-04 00:00:00,0,No Holiday,-9.5,0.0,0.0,2,Clear,sky is clear,503
2023-02-04 01:00:00,1,No Holiday,-5.4,0.0,0.0,97,Clouds,broken clouds,509
2023-02-04 02:00:00,2,No Holiday,-8.3,0.0,2.46,91,Snow,heavy snow,259
2023-02-04 03:00:00,3,No Holiday,-7.6,0.0,0.0,32,Clouds,few clouds,343
2023-02-04 04:00:00,4,No Holiday,-11.5,0.0,0.0,8,Clear,sky is clear,306
2023-02-04 05:00:00,5,No Holiday,-5.6,0.0,0.0,14,Clear,sky is clear,326
2023-02-04 06:00:00,6,No Holiday,-4.1,0.47,0.0,85,Rain,moderate rain,400
2023-02-04 07:00:00,7,No Holiday,-2.2,1.25,0.0,92,Rain,moderate rain,2699
2023-02-04 08:00:00,8,No Holiday,-4.9,0.0,0.0,10,Clear,sky is clear,2934
2023-02-04 09:00:00,9,No Holiday,-2.0,0.0,0.0,79,Fog,fog,2806
2023-02-04 10:00:00,10,No Holiday,-2.3,0.0,1.31,75,Snow,light snow,1590
2023-02-04 11:00:00,11,No Holiday,-2.4,0.0,0.0,9,Clear,sky is clear,2445
2023-02-04 12:00:00,12,No Holiday,-3.6,0.59,0.0,96,Drizzle,light intensity drizzle,2659
2023-02-04 13:00:00,13,No Holiday,5.3,1.17,0.0,83,Rain,heavy intensity rain,2626
2023-02-04 14:00:00,14,No Holiday,-1.5,0.0,0.0,16,Clear,sky is clear,2670
2023-02-04 15:00:00,15,No Holiday,2.3,0.0,0.0,85,Fog,fog,2413
2023-02-04 16:00:00,16,No Holiday,-2.0,0.0,0.0,13,Clear,sky is clear,4446
2023-02-04 17:00:00,17,No Holiday,-5.3,0.0,0.0,3,Clear,sky is clear,3904
2023-02-04 18:00:00,18,No Holiday,0.8,0.0,0.0,4,Clear,sky is clear,3929
2023-02-04 19:00:00,19,No Holiday,-2.2,0.0,0.0,5,Clear,sky is clear,1879
2023-02-04 20:00:00,20,No Holiday,-4.0,0.0,0.0,17,Clear,sky is clear,1594
2023-02-04 21:00:00,21,No Holiday,0.1,0.0,0.0,3,Clear,sky is clear,1708
2023-02-04 22:00:00,22,No Holiday,-6.0,0.0,0.0,86,Clouds,scattered clouds,363
2023-02-04 23:00:00,23,No Holiday,-4.7,0.0,0.0,4,Clear,sky is clear,345
2023-02-05 00:00:00,0,No Holiday,-4.9,0.0,0.0,3,Clear,sky is clear,387
2023-02-05 01:00:00,1,No Holiday,-7.2,0.0,0.0,76,Thunderstorm,proximity thunderstorm,248
2023-02-05 02:00:00,2,No Holiday,-4.4,0.0,0.0,82,Clouds,broken clouds,386
2023-02-05 03:00:00,3,No Holiday,-7.7,0.0,0.0,89,Clouds,scattered clouds,571
2023-02-05 04:00:00,4,No Holiday,-6.8,0.0,0.0,60,Clouds,broken clouds,627
2023-02-05 05:00:00,5,No Holiday,-4.6,0.0,0.0,55,Clouds,overcast clouds,508
2023-02-05 06:00:00,6,No Holiday,-9.2,0.0,0.0,94,Clouds,broken clouds,447
2023-02-05 07:00:00,7,No Holiday,-2.6,5.02,0.0,81,Rain,moderate rain,2855
2023-02-05 08:00:00,8,No Holiday,-4.3,0.0,0.0,10,Clear,sky is clear,3064
2023-02-05 09:00:00,9,No Holiday,-3.9,0.0,0.0,83,Clouds,few clouds,3294
2023-02-05 10:00:00,10,No Holiday,1.3,0.0,0.0,67,Clouds,scattered clouds,2424
2023-02-05 11:00:00,11,No Holiday,0.4,0.0,0.0,8,Clear,sky is clear,2266
2023-02-05 12:00:00,12,No Holiday,-2.7,0.0,0.0,51,Clouds,few clouds,2879
2023-02-05 13:00:00,13,No Holiday,1.2,0.0,0.0,15,Clear,sky is clear,2595
2023-02-05 14:00:00,14,No Holiday,0.3,0.0,0.0,77,Fog,fog,2132
2023-02-05 15:00:00,15,No Holiday,3.4,0.0,1.5,70,Snow,light snow,1976
2023-02-05 16:00:00,16,No Holiday,3.3,0.0,0.0,60,Clouds,scattered clouds,4463
2023-02-05 17:00:00,17,No Holiday,-0.4,2.15,0.0,98,Rain,light rain,4009
2023-02-05 18:00:00,18,No Holiday,-0.3,0.0,0.0,47,Clouds,few clouds,3465
2023-02-05 19:00:00,19,No Holiday,-0.5,0.0,0.23,73,Snow,heavy snow,1244
2023-02-05 20:00:00,20,No Holiday,-5.1,0.0,4.38,72,Snow,heavy snow,1286
2023-02-05 21:00:00,21,No Holiday,-1.3,0.0,0.0,4,Clear,sky is clear,1715
2023-02-05 22:00:00,22,No Holiday,-1.7,0.0,0.0,99,Clouds,broken clouds,595
2023-02-05 23:00:00,23,No Holiday,-3.7,0.0,0.63,84,Snow,light snow,338
2023-02-06 00:00:00,0,No Holiday,-5.4,0.0,0.0,19,Clear,sky is clear,757
2023-02-06 01:00:00,1,No Holiday,-9.2,0.0,0.0,10,Clear,sky is clear,796
2023-02-06 02:00:00,2,No Holiday,-9.4,0.0,0.0,7,Clear,sky is clear,557
2023-02-06 03:00:00,3,No Holiday,-6.7,1.2,0.0,82,Rain,heavy intensity rain,701
2023-02-06 04:00:00,4,No Holiday,-7.7,0.0,0.0,10,Clear,sky is clear,322
2023-02-06 05:00:00,5,No Holiday,-8.0,0.0,0.0,19,Clear,sky is clear,639
2023-02-06 06:00:00,6,No Holiday,-3.3,0.0,0.0,14,Clear,sky is clear,751
2023-02-06 07:00:00,7,No Holiday,-5.2,0.0,0.57,88,Snow,heavy snow,2792
2023-02-06 08:00:00,8,No Holiday,-1.3,0.0,0.0,49,Clouds,overcast clouds,4571
2023-02-06 09:00:00,9,No Holiday,-1.9,0.0,0.0,74,Clouds,scattered clouds,4908
2023-02-06 10:00:00,10,No Holiday,-0.6,2.4,0.0,91,Rain,heavy intensity rain,3321
2023-02-06 11:00:00,11,No Holiday,-2.5,0.0,0.0,55,Clouds,scattered clouds,3320
2023-02-06 12:00:00,12,No Holiday,-2.3,4.47,0.0,88,Rain,heavy intensity rain,2869
2023-02-06 13:00:00,13,No Holiday,2.8,0.0,0.0,9,Clear,sky is clear,4070
2023-02-06 14:00:00,14,No Holiday,4.8,0.0,0.0,5,Clear,sky is clear,3495
2023-02-06 15:00:00,15,No Holiday,-0.9,0.59,0.0,89,Drizzle,light intensity drizzle,3174
2023-02-06 16:00:00,16,No Holiday,-0.7,0.0,0.0,97,Clouds,few clouds,5878
2023-02-06 17:00:00,17,No Holiday,1.7,0.0,0.0,80,Clouds,broken clouds,5078
2023-02-06 18:00:00,18,No Holiday,-0.9,0.9,0.0,89,Rain,moderate rain,4704
2023-02-06 19:00:00,19,No Holiday,-2.9,0.92,0.0,97,Rain,moderate rain,2751
2023-02-06 20:00:00,20,No Holiday,-1.5,0.44,0.0,91,Drizzle,light intensity drizzle,2292
2023-02-06 21:00:00,21,No Holiday,-4.6,0.0,0.0,2,Clear,sky is clear,2787
2023-02-06 22:00:00,22,No Holiday,-8.2,0.0,0.0,80,Clouds,broken clouds,567
2023-02-06 23:00:00,23,No Holiday,-6.6,0.0,0.0,9,Clear,sky is clear,981
2023-02-07 00:00:00,0,No Holiday,-7.1,0.0,0.0,9,Clear,sky is clear,724
2023-02-07 01:00:00,1,No Holiday,-1.6,0.0,0.0,81,Clouds,scattered clouds,619
2023-02-07 02:00:00,2,No Holiday,-8.5,0.0,0.0,46,Clouds,overcast clouds,593
2023-02-07 03:00:00,3,No Holiday,-4.0,0.0,0.0,6,Clear,sky is clear,836
2023-02-07 04:00:00,4,No Holiday,-4.9,0.0,0.0,53,Clouds,few clouds,738
2023-02-07 05:00:00,5,No Holiday,-6.1,0.0,0.0,13,Clear,sky is clear,863
2023-02-07 06:00:00,6,No Holiday,-6.4,0.0,0.0,72,Mist,mist,574
2023-02-07 07:00:00,7,No Holiday,-5.4,0.0,0.0,68,Clouds,few clouds,4232
2023-02-07 08:00:00,8,No Holiday,-1.6,0.0,0.0,10,Clear,sky is clear,4895
2023-02-07 09:00:00,9,No Holiday,-5.8,0.0,0.0,0,Clear,sky is clear,4272
2023-02-07 10:00:00,10,No Holiday,-3.9,0.0,0.0,48,Clouds,overcast clouds,3095
2023-02-07 11:00:00,11,No Holiday,4.3,0.0,0.0,94,Fog,fog,3342
2023-02-07 12:00:00,12,No Holiday,0.9,0.0,0.0,11,Clear,sky is clear,3820
2023-02-07 13:00:00,13,No Holiday,-0.7,0.0,0.0,14,Clear,sky is clear,3711
2023-02-07 14:00:00,14,No Holiday,0.3,0.0,0.0,17,Clear,sky is clear,3517
2023-02-07 15:00:00,15,No Holiday,2.7,0.0,0.0,4,Clear,sky is clear,3552
2023-02-07 16:00:00,16,No Holiday,0.3,0.0,0.0,3,Clear,sky is clear,4923
2023-02-07 17:00:00,17,No Holiday,2.8,0.0,0.0,35,Clouds,overcast clouds,5204
2023-02-07 18:00:00,18,No Holiday,-5.0,0.0,0.0,15,Clear,sky is clear,4871
2023-02-07 19:00:00,19,No Holiday,-1.2,0.0,0.0,78,Clouds,broken clouds,2824
2023-02-07 20:00:00,20,No Holiday,-4.5,0.0,0.0,4,Clear,sky is clear,2859
2023-02-07 21:00:00,21,No Holiday,-2.7,0.0,0.0,6,Clear,sky is clear,3118
2023-02-07 22:00:00,22,No Holiday,-1.2,0.0,0.0,2,Clear,sky is clear,484
2023-02-07 23:00:00,23,No Holiday,-6.0,0.0,0.0,5,Clear,sky is clear,587
2023-02-08 00:00:00,0,No Holiday,-3.8,0.9,0.0,77,Drizzle,light intensity drizzle,572
2023-02-08 01:00:00,1,No Holiday,-6.9,0.0,0.0,96,Clouds,few clouds,692
2023-02-08 02:00:00,2,No Holiday,-6.6,0.0,0.0,38,Clouds,overcast clouds,560
2023-02-08 03:00:00,3,No Holiday,-5.9,0.0,0.0,14,Clear,sky is clear,675
2023-02-08 04:00:00,4,No Holiday,-5.6,0.0,0.0,86,Mist,mist,681
2023-02-08 05:00:00,5,No Holiday,-7.3,0.0,0.0,83,Fog,fog,629
2023-02-08 06:00:00,6,No Holiday,-9.9,0.0,0.0,94,Fog,fog,356
2023-02-08 07:00:00,7,No Holiday,-8.3,0.0,0.0,10,Clear,sky is clear,4594
2023-02-08 08:00:00,8,No Holiday,-1.8,0.0,0.0,12,Clear,sky is clear,5077
2023-02-08 09:00:00,9,No Holiday,-3.5,0.0,0.0,86,Clouds,broken clouds,4650
2023-02-08 10:00:00,10,No Holiday,-2.3,1.34,0.0,89,Rain,light rain,2988
2023-02-08 11:00:00,11,No Holiday,-1.7,0.0,0.0,72,Thunderstorm,proximity thunderstorm,2109
2023-02-08 12:00:00,12,No Holiday,-0.1,0.2,0.0,82,Drizzle,light intensity drizzle,3188
2023-02-08 13:00:00,13,No Holiday,-0.2,0.0,0.0,14,Clear,sky is clear,3447
2023-02-08 14:00:00,14,No Holiday,1.7,0.0,0.0,14,Clear,sky is clear,3163
2023-02-08 15:00:00,15,No Holiday,-0.8,0.98,0.0,95,Rain,heavy intensity rain,2791
2023-02-08 16:00:00,16,No Holiday,1.0,0.0,0.0,8,Clear,sky is clear,5418
2023-02-08 17:00:00,17,No Holiday,3.2,0.0,0.0,48,Clouds,overcast clouds,5661
2023-02-08 18:00:00,18,No Holiday,2.3,0.0,0.0,62,Clouds,broken clouds,5093
2023-02-08 19:00:00,19,No Holiday,-0.1,0.0,4.73,72,Snow,light snow,2027
2023-02-08 20:00:00,20,No Holiday,-2.5,0.0,0.0,83,Clouds,few clouds,2586
2023-02-08 21:00:00,21,No Holiday,-2.7,0.36,0.0,81,Rain,light rain,2367
2023-02-08 22:00:00,22,No Holiday,-3.0,0.0,0.0,54,Clouds,few clouds,945
2023-02-08 23:00:00,23,No Holiday,-8.5,0.0,0.0,10,Clear,sky is clear,509
2023-02-09 00:00:00,0,No Holiday,-4.3,0.0,0.0,87,Fog,fog,873
2023-02-09 01:00:00,1,No Holiday,-8.8,0.0,0.0,74,Clouds,broken clouds,703
2023-02-09 02:00:00,2,No Holiday,-7.9,0.0,0.0,35,Clouds,overcast clouds,767
2023-02-09 03:00:00,3,No Holiday,-4.6,0.0,0.0,69,Clouds,few clouds,577
2023-02-09 04:00:00,4,No Holiday,-7.4,0.0,0.0,4,Clear,sky is clear,1013
2023-02-09 05:00:00,5,No Holiday,-8.3,0.0,0.0,8,Clear,sky is clear,746
2023-02-09 06:00:00,6,No Holiday,-9.5,0.96,0.0,71,Rain,light rain,581
2023-02-09 07:00:00,7,No Holiday,-6.8,0.0,0.0,64,Clouds,few clouds,4542
2023-02-09 08:00:00,8,No Holiday,-4.1,0.0,0.0,10,Clear,sky is clear,4815
2023-02-09 09:00:00,9,No Holiday,-6.4,0.0,0.0,54,Clouds,broken clouds,4793
2023-02-09 10:00:00,10,No Holiday,-1.3,0.0,0.0,63,Clouds,broken clouds,3549
2023-02-09 11:00:00,11,No Holiday,0.0,0.0,0.0,12,Clear,sky is clear,3358
2023-02-09 12:00:00,12,No Holiday,-3.3,0.0,0.0,68,Clouds,overcast clouds,3966
2023-02-09 13:00:00,13,No Holiday,2.3,0.83,0.0,89,Rain,moderate rain,3245
2023-02-09 14:00:00,14,No Holiday,3.3,0.0,0.0,7,Clear,sky is clear,3090
2023-02-09 15:00:00,15,No Holiday,3.1,0.0,0.0,85,Fog,fog,3359
2023-02-09 16:00:00,16,No Holiday,2.2,2.08,0.0,87,Rain,light rain,4158
2023-02-09 17:00:00,17,No Holiday,0.6,0.0,0.0,12,Clear,sky is clear,5426
2023-02-09 18:00:00,18,No Holiday,-2.1,0.0,0.0,85,Mist,mist,5292
2023-02-09 19:00:00,19,No Holiday,-1.8,0.0,0.0,10,Clear,sky is clear,2768
2023-02-09 20:00:00,20,No Holiday,-2.9,0.0,0.81,74,Snow,heavy snow,1909
2023-02-09 21:00:00,21,No Holiday,-1.4,2.85,0.0,97,Rain,moderate rain,2325
2023-02-09 22:00:00,22,No Holiday,-2.9,0.0,0.0,18,Clear,sky is clear,728
2023-02-09 23:00:00,23,No Holiday,-5.9,0.0,0.0,12,Clear,sky is clear,536
2023-02-10 00:00:00,0,No Holiday,-3.4,0.0,0.0,99,Clouds,scattered clouds,834
2023-02-10 01:00:00,1,No Holiday,-8.4,0.0,0.0,19,Clear,sky is clear,612
2023-02-10 02:00:00,2,No Holiday,-8.5,0.0,0.0,91,Clouds,broken clouds,774
2023-02-10 03:00:00,3,No Holiday,-6.8,0.0,0.0,11,Clear,sky is clear,676
2023-02-10 04:00:00,4,No Holiday,-9.9,0.0,0.0,14,Clear,sky is clear,500
2023-02-10 05:00:00,5,No Holiday,-4.9,0.0,0.0,15,Clear,sky is clear,610
2023-02-10 06:00:00,6,No Holiday,-5.3,0.0,0.0,12,Clear,sky is clear,695
2023-02-10 07:00:00,7,No Holiday,-4.4,0.0,0.0,5,Clear,sky is clear,4922
2023-02-10 08:00:00,8,No Holiday,-3.4,0.0,0.0,84,Clouds,few clouds,4843
2023-02-10 09:00:00,9,No Holiday,1.5,0.0,0.0,57,Clouds,broken clouds,4803
2023-02-10 10:00:00,10,No Holiday,-1.2,0.0,0.0,15,Clear,sky is clear,3578
2023-02-10 11:00:00,11,No Holiday,1.4,7.29,0.0,91,Rain,heavy intensity rain,2803
2023-02-10 12:00:00,12,No Holiday,1.9,0.0,0.0,64,Clouds,overcast clouds,3718
2023-02-10 13:00:00,13,No Holiday,0.3,0.0,0.0,0,Clear,sky is clear,3518
2023-02-10 14:00:00,14,No Holiday,3.3,0.0,0.0,8,Clear,sky is clear,3479
2023-02-10 15:00:00,15,No Holiday,2.1,0.0,0.0,66,Clouds,broken clouds,3745
2023-02-10 16:00:00,16,No Holiday,5.8,0.0,0.0,77,Clouds,few clouds,5493
2023-02-10 17:00:00,17,No Holiday,1.5,0.0,0.0,19,Clear,sky is clear,5694
2023-02-10 18:00:00,18,No Holiday,3.5,0.0,0.0,86,Fog,fog,4877
2023-02-10 19:00:00,19,No Holiday,-2.6,0.0,0.0,99,Clouds,scattered clouds,2715
2023-02-10 20:00:00,20,No Holiday,-0.1,0.0,0.0,14,Clear,sky is clear,2725
2023-02-10 21:00:00,21,No Holiday,-1.0,0.0,0.0,19,Clear,sky is clear,2654
2023-02-10 22:00:00,22,No Holiday,-3.2,0.0,0.0,11,Clear,sky is clear,706
2023-02-10 23:00:00,23,No Holiday,-7.6,0.0,0.0,6,Clear,sky is clear,680
2023-02-11 00:00:00,0,No Holiday,-5.8,0.0,0.0,43,Clouds,scattered clouds,529
2023-02-11 01:00:00,1,No Holiday,-6.0,0.0,0.0,90,Clouds,few clouds,380
2023-02-11 02:00:00,2,No Holiday,-8.1,0.0,1.68,80,Snow,heavy snow,340
2023-02-11 03:00:00,3,No Holiday,-10.3,2.7,0.0,99,Rain,light rain,357
2023-02-11 04:00:00,4,No Holiday,-5.3,0.0,0.0,8,Clear,sky is clear,421
2023-02-11 05:00:00,5,No Holiday,-8.0,0.0,0.0,73,Snow,heavy snow,474
2023-02-11 06:00:00,6,No Holiday,-9.4,0.0,0.19,83,Snow,light snow,310
2023-02-11 07:00:00,7,No Holiday,-4.2,0.0,0.0,0,Clear,sky is clear,3243
2023-02-11 08:00:00,8,No Holiday,-4.0,0.0,0.0,10,Clear,sky is clear,2917
2023-02-11 09:00:00,9,No Holiday,-1.3,0.0,0.0,3,Clear,sky is clear,3315
2023-02-11 10:00:00,10,No Holiday,-0.4,0.0,0.0,16,Clear,sky is clear,2143
2023-02-11 11:00:00,11,No Holiday,1.5,0.0,0.0,4,Clear,sky is clear,2202
2023-02-11 12:00:00,12,No Holiday,1.8,0.0,0.0,87,Mist,mist,2614
2023-02-11 13:00:00,13,No Holiday,0.0,0.0,0.0,87,Thunderstorm,proximity thunderstorm,1814
2023-02-11 14:00:00,14,No Holiday,1.4,0.0,0.0,87,Thunderstorm,proximity thunderstorm,1448
2023-02-11 15:00:00,15,No Holiday,1.6,0.0,0.0,14,Clear,sky is clear,2620
2023-02-11 16:00:00,16,No Holiday,-2.0,0.0,0.0,70,Rain,heavy intensity rain,3582
2023-02-11 17:00:00,17,No Holiday,-2.2,0.0,0.0,84,Clouds,few clouds,4256
2023-02-11 18:00:00,18,No Holiday,-1.4,0.0,0.0,58,Clouds,broken clouds,3226
2023-02-11 19:00:00,19,No Holiday,-0.5,0.0,0.09,92,Snow,heavy snow,1428
2023-02-11 20:00:00,20,No Holiday,-0.1,0.0,0.0,72,Mist,mist,1729
2023-02-11 21:00:00,21,No Holiday,-4.8,0.0,0.0,2,Clear,sky is clear,1862
2023-02-11 22:00:00,22,No Holiday,-4.2,4.81,0.0,77,Rain,heavy intensity rain,290
2023-02-11 23:00:00,23,No Holiday,-5.6,0.0,3.6,94,Snow,heavy snow,287
2023-02-12 00:00:00,0,No Holiday,-5.6,0.0,0.0,82,Mist,mist,610
2023-02-12 01:00:00,1,No Holiday,-4.6,0.0,0.0,18,Clear,sky is clear,237
2023-02-12 02:00:00,2,No Holiday,-8.7,0.0,0.0,99,Clouds,overcast clouds,489
2023-02-12 03:00:00,3,No Holiday,-9.0,0.0,0.0,87,Clouds,broken clouds,595
2023-02-12 04:00:00,4,No Holiday,-7.3,0.0,0.0,52,Clouds,broken clouds,363
2023-02-12 05:00:00,5,No Holiday,-6.7,0.0,0.0,12,Clear,sky is clear,470
2023-02-12 06:00:00,6,No Holiday,-5.8,0.0,5.97,92,Snow,heavy snow,425
2023-02-12 07:00:00,7,No Holiday,-9.7,0.53,0.0,71,Rain,heavy intensity rain,2221
2023-02-12 08:00:00,8,No Holiday,-0.9,2.45,0.0,87,Rain,moderate rain,2320
2023-02-12 09:00:00,9,No Holiday,0.8,0.0,0.0,79,Fog,fog,2993
2023-02-12 10:00:00,10,No Holiday,-1.4,0.69,0.0,70,Rain,moderate rain,1847
2023-02-12 11:00:00,11,No Holiday,-2.2,0.0,0.0,11,Clear,sky is clear,2160
2023-02-12 12:00:00,12,No Holiday,3.1,0.0,0.0,16,Clear,sky is clear,2892
2023-02-12 13:00:00,13,No Holiday,0.2,0.0,0.0,65,Clouds,broken clouds,2460
2023-02-12 14:00:00,14,No Holiday,-4.3,0.0,0.0,0,Clear,sky is clear,2830
2023-02-12 15:00:00,15,No Holiday,1.9,0.0,0.0,5,Clear,sky is clear,2868
2023-02-12 16:00:00,16,No Holiday,1.3,0.0,0.0,0,Clear,sky is clear,3828
2023-02-12 17:00:00,17,No Holiday,0.5,0.0,0.0,8,Clear,sky is clear,4153
2023-02-12 18:00:00,18,No Holiday,-1.7,0.0,0.0,69,Clouds,scattered clouds,3438
2023-02-12 19:00:00,19,No Holiday,-2.9,0.0,0.0,53,Clouds,few clouds,1924
2023-02-12 20:00:00,20,No Holiday,-3.8,0.0,0.0,43,Clouds,few clouds,1959
2023-02-12 21:00:00,21,No Holiday,-4.5,0.76,0.0,93,Drizzle,light intensity drizzle,1738
2023-02-12 22:00:00,22,No Holiday,-5.3,0.0,0.0,14,Clear,sky is clear,442
2023-02-12 23:00:00,23,No Holiday,-4.2,0.0,0.0,13,Clear,sky is clear,425
2023-02-13 00:00:00,0,No Holiday,-5.9,0.0,0.0,71,Clouds,scattered clouds,741
2023-02-13 01:00:00,1,No Holiday,-10.1,0.0,0.0,92,Clouds,overcast clouds,734
2023-02-13 02:00:00,2,No Holiday,-5.1,0.0,2.37,90,Snow,heavy snow,531
2023-02-13 03:00:00,3,No Holiday,-10.3,0.0,0.0,90,Clouds,overcast clouds,815
2023-02-13 04:00:00,4,No Holiday,-7.6,0.0,0.0,15,Clear,sky is clear,896
2023-02-13 05:00:00,5,No Holiday,-3.8,0.0,0.0,45,Clouds,scattered clouds,428
2023-02-13 06:00:00,6,No Holiday,-1.6,0.0,0.0,13,Clear,sky is clear,662
2023-02-13 07:00:00,7,No Holiday,-3.0,0.0,0.0,96,Clouds,broken clouds,4547
2023-02-13 08:00:00,8,No Holiday,-4.2,0.0,0.0,73,Clouds,overcast clouds,4964
2023-02-13 09:00:00,9,No Holiday,1.5,0.0,0.0,55,Clouds,overcast clouds,5005
2023-02-13 10:00:00,10,No Holiday,-7.5,0.0,0.0,9,Clear,sky is clear,3426
2023-02-13 11:00:00,11,No Holiday,0.9,0.0,0.0,49,Clouds,overcast clouds,3616
2023-02-13 12:00:00,12,No Holiday,1.2,4.84,0.0,83,Rain,moderate rain,3416
2023-02-13 13:00:00,13,No Holiday,-3.2,0.0,0.0,93,Clouds,scattered clouds,3716
2023-02-13 14:00:00,14,No Holiday,1.6,0.0,0.0,7,Clear,sky is clear,3771
2023-02-13 15:00:00,15,No Holiday,3.3,0.0,0.0,10,Clear,sky is clear,3478
2023-02-13 16:00:00,16,No Holiday,0.4,0.0,0.0,93,Clouds,broken clouds,5163
2023-02-13 17:00:00,17,No Holiday,1.6,2.52,0.0,98,Rain,light rain,4979
2023-02-13 18:00:00,18,No Holiday,0.1,2.05,0.0,77,Rain,light rain,4187
2023-02-13 19:00:00,19,No Holiday,-0.7,0.0,0.0,13,Clear,sky is clear,2848
2023-02-13 20:00:00,20,No Holiday,-3.9,0.0,0.0,1,Clear,sky is clear,2921
2023-02-13 21:00:00,21,No Holiday,-3.7,0.0,0.0,33,Clouds,overcast clouds,2659
2023-02-13 22:00:00,22,No Holiday,-2.9,8.75,0.0,74,Rain,light rain,503
2023-02-13 23:00:00,23,No Holiday,-6.7,0.0,0.0,10,Clear,sky is clear,748
2023-02-14 00:00:00,0,No Holiday,-3.1,0.0,0.0,40,Clouds,overcast clouds,946
2023-02-14 01:00:00,1,No Holiday,-5.6,1.22,0.0,98,Rain,light rain,502
2023-02-14 02:00:00,2,No Holiday,-8.4,0.0,0.0,11,Clear,sky is clear,940
2023-02-14 03:00:00,3,No Holiday,-5.9,0.0,0.0,76,Fog,fog,586
2023-02-14 04:00:00,4,No Holiday,-4.8,0.0,0.97,81,Snow,light snow,390
2023-02-14 05:00:00,5,No Holiday,-6.2,0.0,0.0,18,Clear,sky is clear,593
2023-02-14 06:00:00,6,No Holiday,-1.0,0.0,0.0,0,Clear,sky is clear,757
2023-02-14 07:00:00,7,No Holiday,-6.5,0.0,0.0,11,Clear,sky is clear,4524
2023-02-14 08:00:00,8,No Holiday,-5.5,0.0,0.0,71,Clouds,overcast clouds,4386
2023-02-14 09:00:00,9,No Holiday,-2.8,0.0,0.0,1,Clear,sky is clear,4598
2023-02-14 10:00:00,10,No Holiday,-4.8,0.0,0.0,6,Clear,sky is clear,3031
2023-02-14 11:00:00,11,No Holiday,1.4,0.0,0.0,0,Clear,sky is clear,3447
2023-02-14 12:00:00,12,No Holiday,3.0,0.0,1.27,83,Snow,light snow,2197
2023-02-14 13:00:00,13,No Holiday,2.9,0.0,0.0,90,Mist,mist,2864
2023-02-14 14:00:00,14,No Holiday,1.3,0.97,0.0,73,Drizzle,light intensity drizzle,3008
2023-02-14 15:00:00,15,No Holiday,-2.6,0.0,0.0,48,Clouds,scattered clouds,3535
2023-02-14 16:00:00,16,No Holiday,-1.4,0.0,0.0,15,Clear,sky is clear,5753
2023-02-14 17:00:00,17,No Holiday,1.5,0.0,0.0,7,Clear,sky is clear,5322
2023-02-14 18:00:00,18,No Holiday,0.2,0.0,0.0,12,Clear,sky is clear,4956
2023-02-14 19:00:00,19,No Holiday,-3.1,0.0,0.0,31,Clouds,scattered clouds,2661
2023-02-14 20:00:00,20,No Holiday,0.8,0.0,0.0,4,Clear,sky is clear,2473
2023-02-14 21:00:00,21,No Holiday,-0.9,0.0,0.0,7,Clear,sky is clear,2736
2023-02-14 22:00:00,22,No Holiday,-2.5,0.0,0.0,12,Clear,sky is clear,795
2023-02-14 23:00:00,23,No Holiday,-3.5,0.0,0.0,79,Clouds,few clouds,742
2023-02-15 00:00:00,0,No Holiday,-6.0,0.0,0.0,61,Clouds,overcast clouds,838
2023-02-15 01:00:00,1,No Holiday,-4.6,0.0,0.0,5,Clear,sky is clear,480
2023-02-15 02:00:00,2,No Holiday,-9.9,0.0,0.0,52,Clouds,few clouds,644
2023-02-15 03:00:00,3,No Holiday,-7.7,0.0,0.0,6,Clear,sky is clear,379
2023-02-15 04:00:00,4,No Holiday,-7.6,0.0,0.0,3,Clear,sky is clear,621
2023-02-15 05:00:00,5,No Holiday,-5.7,0.0,0.0,11,Clear,sky is clear,727
2023-02-15 06:00:00,6,No Holiday,-3.2,0.0,0.0,97,Mist,mist,613
2023-02-15 07:00:00,7,No Holiday,-10.1,0.0,0.0,85,Clouds,overcast clouds,4600
2023-02-15 08:00:00,8,No Holiday,-4.5,0.0,0.0,71,Clouds,scattered clouds,4402
2023-02-15 09:00:00,9,No Holiday,0.9,0.0,0.0,8,Clear,sky is clear,4478
2023-02-15 10:00:00,10,No Holiday,-0.8,1.27,0.0,91,Rain,light rain,2950
2023-02-15 11:00:00,11,No Holiday,-3.0,0.0,0.0,85,Thunderstorm,proximity thunderstorm,1937
2023-02-15 12:00:00,12,No Holiday,2.3,0.0,0.0,82,Clouds,few clouds,3377
2023-02-15 13:00:00,13,No Holiday,-0.9,2.34,0.0,82,Rain,light rain,2839
2023-02-15 14:00:00,14,No Holiday,-0.7,0.0,0.0,89,Fog,fog,2990
2023-02-15 15:00:00,15,No Holiday,0.5,0.0,0.0,16,Clear,sky is clear,3027
2023-02-15 16:00:00,16,No Holiday,-0.3,0.0,0.0,68,Clouds,scattered clouds,5352
2023-02-15 17:00:00,17,No Holiday,1.7,0.0,0.0,16,Clear,sky is clear,4832
2023-02-15 18:00:00,18,No Holiday,2.0,0.0,0.0,14,Clear,sky is clear,5845
2023-02-15 19:00:00,19,No Holiday,-1.1,0.0,0.0,78,Clouds,overcast clouds,2868
2023-02-15 20:00:00,20,No Holiday,-0.7,1.47,0.0,85,Rain,heavy intensity rain,2752
2023-02-15 21:00:00,21,No Holiday,-7.7,0.73,0.0,91,Drizzle,light intensity drizzle,2255
2023-02-15 22:00:00,22,No Holiday,-5.9,0.0,0.0,3,Clear,sky is clear,640
2023-02-15 23:00:00,23,No Holiday,-5.5,0.0,0.1,92,Snow,light snow,497
2023-02-16 00:00:00,0,No Holiday,-5.8,0.0,0.0,17,Clear,sky is clear,733
2023-02-16 01:00:00,1,No Holiday,-5.6,0.0,0.0,91,Clouds,scattered clouds,807
2023-02-16 02:00:00,2,No Holiday,-3.2,0.28,0.0,94,Drizzle,light intensity drizzle,631
2023-02-16 03:00:00,3,No Holiday,-8.0,0.0,0.0,74,Fog,fog,485
2023-02-16 04:00:00,4,No Holiday,-6.9,0.0,0.0,6,Clear,sky is clear,636
2023-02-16 05:00:00,5,No Holiday,-6.7,1.84,0.0,70,Rain,heavy intensity rain,708
2023-02-16 06:00:00,6,No Holiday,-7.8,0.0,0.0,16,Clear,sky is clear,805
2023-02-16 07:00:00,7,No Holiday,-5.2,0.0,0.0,72,Clouds,scattered clouds,4244
2023-02-16 08:00:00,8,No Holiday,-4.3,0.0,0.0,39,Clouds,scattered clouds,5081
2023-02-16 09:00:00,9,No Holiday,-1.2,2.39,0.0,85,Rain,heavy intensity rain,4230
2023-02-16 10:00:00,10,No Holiday,-1.9,0.0,0.0,54,Clouds,scattered clouds,3640
2023-02-16 11:00:00,11,No Holiday,-4.3,0.0,0.0,0,Clear,sky is clear,3651
2023-02-16 12:00:00,12,No Holiday,-1.7,0.0,0.0,12,Clear,sky is clear,3537
2023-02-16 13:00:00,13,No Holiday,-2.9,0.0,0.0,12,Clear,sky is clear,3518
2023-02-16 14:00:00,14,No Holiday,0.7,1.02,0.0,82,Rain,moderate rain,3320
2023-02-16 15:00:00,15,No Holiday,3.3,0.0,0.0,36,Clouds,broken clouds,3352
2023-02-16 16:00:00,16,No Holiday,4.8,0.0,0.0,78,Fog,fog,5369
2023-02-16 17:00:00,17,No Holiday,4.2,5.05,0.0,91,Rain,heavy intensity rain,4604
2023-02-16 18:00:00,18,No Holiday,3.8,0.0,0.0,33,Clouds,few clouds,6198
2023-02-16 19:00:00,19,No Holiday,4.0,0.0,0.0,18,Clear,sky is clear,2792
2023-02-16 20:00:00,20,No Holiday,-2.6,0.0,0.0,18,Clear,sky is clear,2680
2023-02-16 21:00:00,21,No Holiday,-6.1,0.03,0.0,70,Rain,heavy intensity rain,2567
2023-02-16 22:00:00,22,No Holiday,-5.7,1.8,0.0,96,Rain,light rain,346
2023-02-16 23:00:00,23,No Holiday,-2.8,0.0,0.0,16,Clear,sky is clear,618
2023-02-17 00:00:00,0,No Holiday,-7.5,0.0,0.0,6,Clear,sky is clear,776
2023-02-17 01:00:00,1,No Holiday,-12.3,0.61,0.0,87,Drizzle,light intensity drizzle,659
2023-02-17 02:00:00,2,No Holiday,-5.1,0.0,0.0,7,Clear,sky is clear,716
2023-02-17 03:00:00,3,No Holiday,-3.7,0.0,0.0,17,Clear,sky is clear,793
2023-02-17 04:00:00,4,No Holiday,-7.6,0.0,0.0,80,Clouds,few clouds,578
2023-02-17 05:00:00,5,No Holiday,-4.9,0.5,0.0,81,Drizzle,light intensity drizzle,577
2023-02-17 06:00:00,6,No Holiday,-6.5,0.0,0.0,15,Clear,sky is clear,615
2023-02-17 07:00:00,7,No Holiday,-5.3,0.0,0.0,11,Clear,sky is clear,4411
2023-02-17 08:00:00,8,No Holiday,-3.9,0.0,0.0,11,Clear,sky is clear,4850
2023-02-17 09:00:00,9,No Holiday,0.1,0.0,0.0,46,Clouds,overcast clouds,4823
2023-02-17 10:00:00,10,No Holiday,-0.4,0.23,0.0,92,Rain,heavy intensity rain,2836
2023-02-17 11:00:00,11,No Holiday,-1.0,0.0,0.0,99,Thunderstorm,thunderstorm with light rain,2063
2023-02-17 12:00:00,12,No Holiday,3.1,1.54,0.0,72,Rain,light rain,2883
2023-02-17 13:00:00,13,No Holiday,0.8,0.0,0.0,11,Clear,sky is clear,3611
2023-02-17 14:00:00,14,No Holiday,-2.2,0.0,0.0,1,Clear,sky is clear,3478
2023-02-17 15:00:00,15,No Holiday,0.2,0.0,0.0,5,Clear,sky is clear,3330
2023-02-17 16:00:00,16,No Holiday,2.5,0.0,0.0,12,Clear,sky is clear,5727
2023-02-17 17:00:00,17,No Holiday,-2.1,0.96,0.0,72,Drizzle,light intensity drizzle,4260
2023-02-17 18:00:00,18,No Holiday,-3.8,0.78,0.0,81,Rain,heavy intensity rain,4594
2023-02-17 19:00:00,19,No Holiday,-2.7,1.11,0.0,86,Rain,light rain,2439
2023-02-17 20:00:00,20,No Holiday,-3.1,0.0,0.0,81,Clouds,scattered clouds,2668
2023-02-17 21:00:00,21,No Holiday,-4.2,0.0,0.54,92,Snow,heavy snow,1887
2023-02-17 22:00:00,22,No Holiday,-3.5,0.0,0.0,89,Thunderstorm,thunderstorm with light rain,447
2023-02-17 23:00:00,23,No Holiday,-4.7,0.0,0.0,86,Clouds,scattered clouds,562
2023-02-18 00:00:00,0,No Holiday,-5.0,0.0,0.0,2,Clear,sky is clear,607
2023-02-18 01:00:00,1,No Holiday,-6.2,2.11,0.0,79,Rain,light rain,241
2023-02-18 02:00:00,2,No Holiday,-7.8,0.0,0.0,12,Clear,sky is clear,594
2023-02-18 03:00:00,3,No Holiday,-10.9,0.0,0.0,19,Clear,sky is clear,425
2023-02-18 04:00:00,4,No Holiday,-9.2,0.0,0.0,68,Clouds,broken clouds,354
2023-02-18 05:00:00,5,No Holiday,-7.7,5.75,0.0,89,Rain,moderate rain,406
2023-02-18 06:00:00,6,No Holiday,-5.2,0.0,2.17,70,Snow,light snow,249
2023-02-18 07:00:00,7,No Holiday,-1.6,0.0,0.0,5,Clear,sky is clear,2634
2023-02-18 08:00:00,8,No Holiday,-7.8,0.0,0.0,15,Clear,sky is clear,2963
2023-02-18 09:00:00,9,No Holiday,-2.6,0.0,0.0,42,Clouds,scattered clouds,2946
2023-02-18 10:00:00,10,No Holiday,-3.9,0.0,0.0,74,Clouds,few clouds,2262
2023-02-18 11:00:00,11,No Holiday,0.6,0.0,0.0,12,Clear,sky is clear,2487
2023-02-18 12:00:00,12,No Holiday,-1.0,0.0,0.0,1,Clear,sky is clear,2610
2023-02-18 13:00:00,13,No Holiday,0.4,0.0,0.0,38,Clouds,broken clouds,2824
2023-02-18 14:00:00,14,No Holiday,0.4,0.0,0.0,93,Clouds,overcast clouds,2488
2023-02-18 15:00:00,15,No Holiday,4.3,0.0,0.0,96,Thunderstorm,thunderstorm with light rain,1767
2023-02-18 16:00:00,16,No Holiday,-0.1,0.0,0.0,1,Clear,sky is clear,3832
2023-02-18 17:00:00,17,No Holiday,3.1,0.0,0.0,6,Clear,sky is clear,4573
2023-02-18 18:00:00,18,No Holiday,1.4,0.0,0.0,80,Clouds,broken clouds,3694
2023-02-18 19:00:00,19,No Holiday,1.4,0.0,0.95,98,Snow,heavy snow,1305
2023-02-18 20:00:00,20,No Holiday,-0.6,0.0,0.0,15,Clear,sky is clear,1799
2023-02-18 21:00:00,21,No Holiday,-3.7,0.0,0.0,12,Clear,sky is clear,1532
2023-02-18 22:00:00,22,No Holiday,-6.2,0.0,0.0,4,Clear,sky is clear,534
2023-02-18 23:00:00,23,No Holiday,-4.3,0.0,0.0,4,Clear,sky is clear,373
2023-02-19 00:00:00,0,No Holiday,-5.0,0.98,0.0,80,Drizzle,light intensity drizzle,339
2023-02-19 01:00:00,1,No Holiday,-6.0,0.0,1.28,75,Snow,heavy snow,266
2023-02-19 02:00:00,2,No Holiday,-6.2,0.0,0.0,7,Clear,sky is clear,286
2023-02-19 03:00:00,3,No Holiday,-7.4,0.0,0.0,15,Clear,sky is clear,541
2023-02-19 04:00:00,4,No Holiday,-3.4,0.52,0.0,89,Rain,moderate rain,467
2023-02-19 05:00:00,5,No Holiday,-7.2,0.0,0.0,78,Fog,fog,291
2023-02-19 06:00:00,6,No Holiday,-5.6,1.95,0.0,94,Rain,light rain,332
2023-02-19 07:00:00,7,No Holiday,-8.1,0.0,0.0,18,Clear,sky is clear,3087
2023-02-19 08:00:00,8,No Holiday,-2.6,2.81,0.0,76,Rain,light rain,2660
2023-02-19 09:00:00,9,No Holiday,-5.2,0.0,0.0,54,Clouds,scattered clouds,3146
2023-02-19 10:00:00,10,No Holiday,-0.7,0.0,0.0,9,Clear,sky is clear,2496
2023-02-19 11:00:00,11,No Holiday,-0.3,0.0,0.0,87,Clouds,scattered clouds,2484
2023-02-19 12:00:00,12,No Holiday,1.5,0.0,0.0,4,Clear,sky is clear,2830
2023-02-19 13:00:00,13,No Holiday,1.8,0.0,0.0,0,Clear,sky is clear,2729
2023-02-19 14:00:00,14,No Holiday,1.3,0.0,0.0,8,Clear,sky is clear,2714
2023-02-19 15:00:00,15,No Holiday,2.1,0.0,0.0,11,Clear,sky is clear,2571
2023-02-19 16:00:00,16,No Holiday,0.8,0.0,0.0,9,Clear,sky is clear,4039
2023-02-19 17:00:00,17,No Holiday,0.5,0.0,0.0,85,Mist,mist,4282
2023-02-19 18:00:00,18,No Holiday,-1.8,0.0,0.0,84,Mist,mist,3406
2023-02-19 19:00:00,19,No Holiday,0.7,6.07,0.0,74,Rain,heavy intensity rain,1793
2023-02-19 20:00:00,20,No Holiday,-1.5,0.0,0.0,6,Clear,sky is clear,1814
2023-02-19 21:00:00,21,No Holiday,-3.3,0.0,0.0,16,Clear,sky is clear,1983
2023-02-19 22:00:00,22,No Holiday,-2.6,0.0,0.0,3,Clear,sky is clear,481
2023-02-19 23:00:00,23,No Holiday,-1.2,0.0,0.0,12,Clear,sky is clear,501
2023-02-20 00:00:00,0,Washington's Birthday,-7.7,0.0,0.0,3,Clear,sky is clear,261
2023-02-20 01:00:00,1,Washington's Birthday,-3.7,0.0,0.0,10,Clear,sky is clear,291
2023-02-20 02:00:00,2,Washington's Birthday,-5.4,0.0,0.0,65,Clouds,overcast clouds,331
2023-02-20 03:00:00,3,Washington's Birthday,-8.2,0.0,0.0,17,Clear,sky is clear,268
2023-02-20 04:00:00,4,Washington's Birthday,-2.9,0.0,0.0,76,Clouds,broken clouds,343
2023-02-20 05:00:00,5,Washington's Birthday,-4.5,0.0,0.0,78,Clouds,few clouds,308
2023-02-20 06:00:00,6,Washington's Birthday,-4.8,0.0,0.0,87,Clouds,broken clouds,256
2023-02-20 07:00:00,7,Washington's Birthday,-7.2,0.63,0.0,96,Rain,heavy intensity rain,1895
2023-02-20 08:00:00,8,Washington's Birthday,-4.5,0.0,0.0,43,Clouds,broken clouds,2263
2023-02-20 09:00:00,9,Washington's Birthday,-6.6,1.49,0.0,80,Rain,moderate rain,1738
2023-02-20 10:00:00,10,Washington's Birthday,-1.7,1.61,0.0,87,Rain,light rain,1375
2023-02-20 11:00:00,11,Washington's Birthday,-0.2,0.0,0.0,54,Clouds,scattered clouds,1549
2023-02-20 12:00:00,12,Washington's Birthday,1.6,0.0,0.0,3,Clear,sky is clear,1466
2023-02-20 13:00:00,13,Washington's Birthday,-1.5,0.0,4.11,72,Snow,heavy snow,1131
2023-02-20 14:00:00,14,Washington's Birthday,4.1,0.0,0.0,12,Clear,sky is clear,1394
2023-02-20 15:00:00,15,Washington's Birthday,2.6,0.0,0.0,15,Clear,sky is clear,1593
2023-02-20 16:00:00,16,Washington's Birthday,2.6,0.92,0.0,81,Drizzle,light intensity drizzle,1968
2023-02-20 17:00:00,17,Washington's Birthday,1.7,0.0,0.0,78,Thunderstorm,thunderstorm with light rain,1580
2023-02-20 18:00:00,18,Washington's Birthday,-0.0,0.0,0.0,58,Clouds,scattered clouds,2408
2023-02-20 19:00:00,19,Washington's Birthday,-1.9,0.0,0.0,1,Clear,sky is clear,1365
2023-02-20 20:00:00,20,Washington's Birthday,-1.9,0.0,0.0,73,Clouds,few clouds,1269
2023-02-20 21:00:00,21,Washington's Birthday,-0.5,0.91,0.0,74,Rain,moderate rain,1178
2023-02-20 22:00:00,22,Washington's Birthday,-0.5,1.12,0.0,71,Rain,heavy intensity rain,250
2023-02-20 23:00:00,23,Washington's Birthday,-6.2,0.0,0.0,2,Clear,sky is clear,312
2023-02-21 00:00:00,0,No Holiday,-5.8,1.06,0.0,97,Rain,light rain,605
2023-02-21 01:00:00,1,No Holiday,-4.6,0.0,0.0,40,Clouds,scattered clouds,734
2023-02-21 02:00:00,2,No Holiday,-9.2,0.0,0.0,7,Clear,sky is clear,926
2023-02-21 03:00:00,3,No Holiday,-6.8,0.0,0.0,17,Clear,sky is clear,632
2023-02-21 04:00:00,4,No Holiday,-8.9,0.0,0.0,86,Clouds,scattered clouds,596
2023-02-21 05:00:00,5,No Holiday,-4.6,0.0,0.0,7,Clear,sky is clear,886
2023-02-21 06:00:00,6,No Holiday,-5.2,0.0,0.0,91,Clouds,broken clouds,685
2023-02-21 07:00:00,7,No Holiday,-7.8,0.39,0.0,74,Rain,light rain,4043
2023-02-21 08:00:00,8,No Holiday,-5.8,0.49,0.0,77,Rain,moderate rain,4206
2023-02-21 09:00:00,9,No Holiday,-1.7,0.0,1.37,84,Snow,heavy snow,3084
2023-02-21 10:00:00,10,No Holiday,-1.2,0.0,0.0,47,Clouds,broken clouds,3709
2023-02-21 11:00:00,11,No Holiday,0.1,0.0,0.0,6,Clear,sky is clear,3195
2023-02-21 12:00:00,12,No Holiday,-6.0,0.0,0.0,1,Clear,sky is clear,3412
2023-02-21 13:00:00,13,No Holiday,4.0,0.0,0.0,46,Clouds,overcast clouds,3402
2023-02-21 14:00:00,14,No Holiday,-2.4,0.0,0.0,91,Mist,mist,3167
2023-02-21 15:00:00,15,No Holiday,-1.1,0.0,0.0,83,Fog,fog,2529
2023-02-21 16:00:00,16,No Holiday,-1.3,0.0,0.0,17,Clear,sky is clear,5444
2023-02-21 17:00:00,17,No Holiday,0.3,0.0,0.0,8,Clear,sky is clear,5667
2023-02-21 18:00:00,18,No Holiday,-0.8,0.0,0.0,88,Fog,fog,4595
2023-02-21 19:00:00,19,No Holiday,-1.6,0.0,0.5,86,Snow,light snow,1949
2023-02-21 20:00:00,20,No Holiday,-3.1,0.0,0.0,11,Clear,sky is clear,3139
2023-02-21 21:00:00,21,No Holiday,-5.5,9.02,0.0,97,Rain,light rain,2463
2023-02-21 22:00:00,22,No Holiday,-2.3,0.0,0.0,1,Clear,sky is clear,738
2023-02-21 23:00:00,23,No Holiday,-5.1,0.0,0.0,3,Clear,sky is clear,615
2023-02-22 00:00:00,0,No Holiday,-5.0,0.0,0.0,9,Clear,sky is clear,852
2023-02-22 01:00:00,1,No Holiday,-6.9,0.0,0.0,18,Clear,sky is clear,757
2023-02-22 02:00:00,2,No Holiday,-5.0,0.0,0.0,2,Clear,sky is clear,779
2023-02-22 03:00:00,3,No Holiday,-4.4,0.0,0.0,2,Clear,sky is clear,819
2023-02-22 04:00:00,4,No Holiday,-5.3,0.0,0.0,94,Clouds,few clouds,702
2023-02-22 05:00:00,5,No Holiday,-5.3,0.0,0.0,73,Clouds,overcast clouds,647
2023-02-22 06:00:00,6,No Holiday,-3.9,0.0,0.0,77,Mist,mist,639
2023-02-22 07:00:00,7,No Holiday,-7.3,0.56,0.0,91,Rain,moderate rain,3853
2023-02-22 08:00:00,8,No Holiday,-8.0,0.35,0.0,83,Drizzle,light intensity drizzle,4285
2023-02-22 09:00:00,9,No Holiday,-2.9,0.0,0.0,76,Fog,fog,4341
2023-02-22 10:00:00,10,No Holiday,-5.3,0.91,0.0,89,Drizzle,light intensity drizzle,3146
2023-02-22 11:00:00,11,No Holiday,-2.6,0.0,0.0,61,Clouds,scattered clouds,3500
2023-02-22 12:00:00,12,No Holiday,-1.5,0.47,0.0,82,Rain,light rain,2846
2023-02-22 13:00:00,13,No Holiday,1.5,0.0,0.0,2,Clear,sky is clear,3173
2023-02-22 14:00:00,14,No Holiday,-0.7,0.0,0.0,86,Clouds,few clouds,3509
2023-02-22 15:00:00,15,No Holiday,2.0,0.55,0.0,93,Drizzle,light intensity drizzle,3189
2023-02-22 16:00:00,16,No Holiday,2.1,0.0,0.0,45,Clouds,overcast clouds,5541
2023-02-22 17:00:00,17,No Holiday,0.1,0.0,4.95,99,Snow,light snow,3578
2023-02-22 18:00:00,18,No Holiday,1.0,0.0,0.0,17,Clear,sky is clear,5270
2023-02-22 19:00:00,19,No Holiday,-0.9,0.91,0.0,84,Drizzle,light intensity drizzle,2441
2023-02-22 20:00:00,20,No Holiday,-0.6,0.0,0.0,8,Clear,sky is clear,2547
2023-02-22 21:00:00,21,No Holiday,-1.6,0.0,0.0,3,Clear,sky is clear,2924
2023-02-22 22:00:00,22,No Holiday,-6.0,0.0,0.0,58,Clouds,overcast clouds,701
2023-02-22 23:00:00,23,No Holiday,-5.8,0.0,0.0,50,Clouds,few clouds,703
2023-02-23 00:00:00,0,No Holiday,-5.8,0.58,0.0,89,Drizzle,light intensity drizzle,678
2023-02-23 01:00:00,1,No Holiday,-3.8,0.0,0.0,17,Clear,sky is clear,757
2023-02-23 02:00:00,2,No Holiday,-4.4,0.0,1.33,98,Snow,heavy snow,486
2023-02-23 03:00:00,3,No Holiday,-6.2,0.0,0.0,93,Mist,mist,640
2023-02-23 04:00:00,4,No Holiday,-11.0,0.0,0.0,9,Clear,sky is clear,641
2023-02-23 05:00:00,5,No Holiday,-7.1,1.54,0.0,86,Rain,light rain,615
2023-02-23 06:00:00,6,No Holiday,-5.9,0.0,0.0,41,Clouds,overcast clouds,646
2023-02-23 07:00:00,7,No Holiday,-2.9,0.0,0.0,15,Clear,sky is clear,4437
2023-02-23 08:00:00,8,No Holiday,-5.7,0.0,0.0,54,Clouds,overcast clouds,4329
2023-02-23 09:00:00,9,No Holiday,-1.7,0.0,0.0,2,Clear,sky is clear,4521
2023-02-23 10:00:00,10,No Holiday,-5.6,0.57,0.0,71,Rain,light rain,2907
2023-02-23 11:00:00,11,No Holiday,-3.1,5.19,0.0,83,Rain,moderate rain,3603
2023-02-23 12:00:00,12,No Holiday,-0.7,0.0,0.0,9,Clear,sky is clear,3816
2023-02-23 13:00:00,13,No Holiday,0.8,0.0,0.0,15,Clear,sky is clear,3065
2023-02-23 14:00:00,14,No Holiday,1.3,6.42,0.0,87,Rain,heavy intensity rain,2861
2023-02-23 15:00:00,15,No Holiday,-5.1,0.0,0.0,9,Clear,sky is clear,3224
2023-02-23 16:00:00,16,No Holiday,-2.0,0.0,0.0,10,Clear,sky is clear,5447
2023-02-23 17:00:00,17,No Holiday,0.6,0.0,0.0,11,Clear,sky is clear,5921
2023-02-23 18:00:00,18,No Holiday,3.3,0.0,0.0,17,Clear,sky is clear,5722
2023-02-23 19:00:00,19,No Holiday,-2.2,0.0,0.0,33,Clouds,overcast clouds,2602
2023-02-23 20:00:00,20,No Holiday,-3.3,0.0,0.94,93,Snow,light snow,2007
2023-02-23 21:00:00,21,No Holiday,-2.3,0.0,0.0,13,Clear,sky is clear,2704
2023-02-23 22:00:00,22,No Holiday,0.7,0.0,0.0,81,Fog,fog,611
2023-02-23 23:00:00,23,No Holiday,-6.3,0.0,0.0,10,Clear,sky is clear,673
2023-02-24 00:00:00,0,No Holiday,-7.2,0.0,3.85,87,Snow,heavy snow,507
2023-02-24 01:00:00,1,No Holiday,-5.4,0.0,0.0,7,Clear,sky is clear,711
2023-02-24 02:00:00,2,No Holiday,-6.5,0.0,0.0,17,Clear,sky is clear,660
2023-02-24 03:00:00,3,No Holiday,-6.7,0.0,0.0,10,Clear,sky is clear,591
2023-02-24 04:00:00,4,No Holiday,-10.5,0.59,0.0,76,Rain,light rain,684
2023-02-24 05:00:00,5,No Holiday,-7.0,0.0,0.0,13,Clear,sky is clear,539
2023-02-24 06:00:00,6,No Holiday,-7.3,0.0,0.0,4,Clear,sky is clear,630
2023-02-24 07:00:00,7,No Holiday,-5.0,0.0,0.0,80,Thunderstorm,thunderstorm with light rain,2875
2023-02-24 08:00:00,8,No Holiday,-5.9,0.0,0.0,81,Fog,fog,4292
2023-02-24 09:00:00,9,No Holiday,-4.5,0.0,0.0,91,Fog,fog,4860
2023-02-24 10:00:00,10,No Holiday,-0.2,0.0,0.0,96,Fog,fog,3043
2023-02-24 11:00:00,11,No Holiday,-3.0,0.0,0.0,9,Clear,sky is clear,3078
2023-02-24 12:00:00,12,No Holiday,0.5,0.0,0.0,3,Clear,sky is clear,3669
2023-02-24 13:00:00,13,No Holiday,1.8,0.0,0.0,6,Clear,sky is clear,3651
2023-02-24 14:00:00,14,No Holiday,0.3,3.07,0.0,97,Rain,heavy intensity rain,3089
2023-02-24 15:00:00,15,No Holiday,0.1,0.0,0.0,17,Clear,sky is clear,3798
2023-02-24 16:00:00,16,No Holiday,1.0,0.0,0.0,96,Clouds,few clouds,4622
2023-02-24 17:00:00,17,No Holiday,-4.4,0.24,0.0,97,Drizzle,light intensity drizzle,4759
2023-02-24 18:00:00,18,No Holiday,1.6,0.0,0.0,98,Mist,mist,5086
2023-02-24 19:00:00,19,No Holiday,-2.3,3.54,0.0,87,Rain,light rain,2344
2023-02-24 20:00:00,20,No Holiday,-2.8,0.0,0.0,13,Clear,sky is clear,2711
2023-02-24 21:00:00,21,No Holiday,-3.1,0.0,0.0,15,Clear,sky is clear,2628
2023-02-24 22:00:00,22,No Holiday,-5.5,0.0,0.0,18,Clear,sky is clear,617
2023-02-24 23:00:00,23,No Holiday,-1.9,0.0,3.22,88,Snow,light snow,608
2023-02-25 00:00:00,0,No Holiday,-6.2,0.86,0.0,71,Drizzle,light intensity drizzle,396
2023-02-25 01:00:00,1,No Holiday,-5.0,0.0,0.0,71,Fog,fog,393
2023-02-25 02:00:00,2,No Holiday,-2.4,0.0,0.0,89,Clouds,few clouds,572
2023-02-25 03:00:00,3,No Holiday,-4.8,0.0,0.0,48,Clouds,few clouds,487
2023-02-25 04:00:00,4,No Holiday,-8.3,0.0,0.0,7,Clear,sky is clear,434
2023-02-25 05:00:00,5,No Holiday,-8.2,0.0,0.0,2,Clear,sky is clear,439
2023-02-25 06:00:00,6,No Holiday,-3.8,0.93,0.0,80,Rain,moderate rain,297
2023-02-25 07:00:00,7,No Holiday,-7.1,0.0,0.0,69,Clouds,few clouds,3041
2023-02-25 08:00:00,8,No Holiday,-1.6,0.0,1.11,89,Snow,light snow,1956
2023-02-25 09:00:00,9,No Holiday,-4.8,0.0,0.0,16,Clear,sky is clear,3342
2023-02-25 10:00:00,10,No Holiday,-0.8,0.0,0.0,35,Clouds,scattered clouds,2541
2023-02-25 11:00:00,11,No Holiday,-0.6,0.0,0.0,75,Clouds,few clouds,2664
2023-02-25 12:00:00,12,No Holiday,3.7,0.0,0.0,10,Clear,sky is clear,2602
2023-02-25 13:00:00,13,No Holiday,-0.8,0.0,0.0,10,Clear,sky is clear,2720
2023-02-25 14:00:00,14,No Holiday,-2.0,0.0,0.0,85,Clouds,scattered clouds,2591
2023-02-25 15:00:00,15,No Holiday,0.2,0.0,0.0,41,Clouds,scattered clouds,2642
2023-02-25 16:00:00,16,No Holiday,2.3,0.0,0.0,97,Clouds,broken clouds,3864
2023-02-25 17:00:00,17,No Holiday,0.9,0.0,0.0,87,Clouds,overcast clouds,4260
2023-02-25 18:00:00,18,No Holiday,-1.3,0.0,0.0,91,Clouds,scattered clouds,3515
2023-02-25 19:00:00,19,No Holiday,-0.9,0.0,0.0,84,Clouds,few clouds,1884
2023-02-25 20:00:00,20,No Holiday,-1.0,0.0,0.0,71,Mist,mist,1627
2023-02-25 21:00:00,21,No Holiday,-7.9,0.0,0.0,44,Clouds,broken clouds,1522
2023-02-25 22:00:00,22,No Holiday,-4.0,0.0,1.43,92,Snow,heavy snow,232
2023-02-25 23:00:00,23,No Holiday,-3.5,0.9,0.0,74,Drizzle,light intensity drizzle,447
2023-02-26 00:00:00,0,No Holiday,-4.8,0.0,0.0,67,Clouds,broken clouds,366
2023-02-26 01:00:00,1,No Holiday,-5.9,0.0,0.0,17,Clear,sky is clear,433
2023-02-26 02:00:00,2,No Holiday,-3.1,2.96,0.0,79,Rain,light rain,321
2023-02-26 03:00:00,3,No Holiday,-3.1,0.0,0.87,79,Snow,heavy snow,194
2023-02-26 04:00:00,4,No Holiday,-3.4,5.17,0.0,86,Rain,moderate rain,219
2023-02-26 05:00:00,5,No Holiday,-5.9,0.0,0.0,5,Clear,sky is clear,627
2023-02-26 06:00:00,6,No Holiday,-4.4,0.0,0.0,11,Clear,sky is clear,457
2023-02-26 07:00:00,7,No Holiday,-6.1,0.0,0.0,6,Clear,sky is clear,2864
2023-02-26 08:00:00,8,No Holiday,-7.8,0.0,0.0,87,Mist,mist,2514
2023-02-26 09:00:00,9,No Holiday,-4.3,0.0,0.0,89,Mist,mist,3022
2023-02-26 10:00:00,10,No Holiday,-4.3,0.0,0.0,77,Fog,fog,2060
2023-02-26 11:00:00,11,No Holiday,-1.1,0.0,0.0,10,Clear,sky is clear,2519
2023-02-26 12:00:00,12,No Holiday,-0.3,0.0,0.0,5,Clear,sky is clear,2404
2023-02-26 13:00:00,13,No Holiday,4.0,0.0,0.0,15,Clear,sky is clear,3131
2023-02-26 14:00:00,14,No Holiday,2.9,0.0,0.0,19,Clear,sky is clear,2926
2023-02-26 15:00:00,15,No Holiday,1.2,0.0,0.0,62,Clouds,broken clouds,2647
2023-02-26 16:00:00,16,No Holiday,1.0,0.0,0.15,91,Snow,light snow,2812
2023-02-26 17:00:00,17,No Holiday,1.7,0.0,0.0,2,Clear,sky is clear,4136
2023-02-26 18:00:00,18,No Holiday,1.3,0.0,0.0,81,Thunderstorm,proximity thunderstorm,1959
2023-02-26 19:00:00,19,No Holiday,2.8,0.0,0.11,96,Snow,light snow,1263
2023-02-26 20:00:00,20,No Holiday,-2.5,3.13,0.0,71,Rain,light rain,1433
2023-02-26 21:00:00,21,No Holiday,-1.7,0.0,0.0,69,Clouds,overcast clouds,1998
2023-02-26 22:00:00,22,No Holiday,-5.0,0.0,0.0,76,Clouds,broken clouds,703
2023-02-26 23:00:00,23,No Holiday,-5.1,0.45,0.0,76,Drizzle,light intensity drizzle,266
2023-02-27 00:00:00,0,No Holiday,-6.8,0.0,0.0,6,Clear,sky is clear,555
2023-02-27 01:00:00,1,No Holiday,-9.2,0.22,0.0,93,Drizzle,light intensity drizzle,531
2023-02-27 02:00:00,2,No Holiday,-9.0,0.0,0.0,53,Clouds,few clouds,626
2023-02-27 03:00:00,3,No Holiday,-5.8,0.0,0.0,92,Mist,mist,699
2023-02-27 04:00:00,4,No Holiday,-5.6,0.0,0.0,0,Clear,sky is clear,634
2023-02-27 05:00:00,5,No Holiday,-5.7,0.0,0.0,91,Clouds,overcast clouds,730
2023-02-27 06:00:00,6,No Holiday,-4.9,0.0,0.0,71,Thunderstorm,thunderstorm with light rain,486
2023-02-27 07:00:00,7,No Holiday,-6.4,0.17,0.0,86,Rain,heavy intensity rain,3848
2023-02-27 08:00:00,8,No Holiday,-2.2,0.0,0.0,7,Clear,sky is clear,5071
2023-02-27 09:00:00,9,No Holiday,-2.6,0.0,0.0,93,Mist,mist,4747
2023-02-27 10:00:00,10,No Holiday,-4.2,0.0,0.0,88,Fog,fog,3063
2023-02-27 11:00:00,11,No Holiday,0.5,0.0,0.0,97,Clouds,broken clouds,3581
2023-02-27 12:00:00,12,No Holiday,0.9,0.34,0.0,76,Drizzle,light intensity drizzle,2964
2023-02-27 13:00:00,13,No Holiday,-1.8,1.02,0.0,82,Rain,heavy intensity rain,3247
2023-02-27 14:00:00,14,No Holiday,-2.9,0.0,0.0,8,Clear,sky is clear,3463
2023-02-27 15:00:00,15,No Holiday,-0.8,0.0,0.0,3,Clear,sky is clear,3851
2023-02-27 16:00:00,16,No Holiday,-1.1,0.0,0.0,33,Clouds,few clouds,5206
2023-02-27 17:00:00,17,No Holiday,3.2,0.0,0.0,55,Clouds,few clouds,5050
2023-02-27 18:00:00,18,No Holiday,-0.4,0.0,0.0,3,Clear,sky is clear,5405
2023-02-27 19:00:00,19,No Holiday,-0.6,0.0,0.47,97,Snow,heavy snow,1968
2023-02-27 20:00:00,20,No Holiday,-1.9,0.0,0.0,51,Clouds,scattered clouds,2961
2023-02-27 21:00:00,21,No Holiday,-4.6,0.0,0.0,12,Clear,sky is clear,2309
2023-02-27 22:00:00,22,No Holiday,-4.5,0.0,0.0,14,Clear,sky is clear,916
2023-02-27 23:00:00,23,No Holiday,-5.7,0.0,0.0,13,Clear,sky is clear,1004
2023-02-28 00:00:00,0,No Holiday,-6.1,0.0,0.0,93,Clouds,broken clouds,794
2023-02-28 01:00:00,1,No Holiday,-6.2,0.0,0.0,10,Clear,sky is clear,863
2023-02-28 02:00:00,2,No Holiday,-8.1,0.0,0.0,12,Clear,sky is clear,749
2023-02-28 03:00:00,3,No Holiday,-6.7,0.0,0.0,54,Clouds,few clouds,605
2023-02-28 04:00:00,4,No Holiday,-6.8,1.3,0.0,91,Rain,moderate rain,293
2023-02-28 05:00:00,5,No Holiday,-5.1,0.36,0.0,75,Drizzle,light intensity drizzle,677
2023-02-28 06:00:00,6,No Holiday,-4.8,0.0,0.0,65,Clouds,broken clouds,975
2023-02-28 07:00:00,7,No Holiday,-4.2,0.0,0.0,85,Clouds,scattered clouds,4539
2023-02-28 08:00:00,8,No Holiday,-2.7,0.0,0.0,39,Clouds,few clouds,4719
2023-02-28 09:00:00,9,No Holiday,0.2,2.99,0.0,93,Rain,heavy intensity rain,4142
2023-02-28 10:00:00,10,No Holiday,-3.2,0.0,0.0,79,Mist,mist,2861
2023-02-28 11:00:00,11,No Holiday,-3.7,0.0,0.0,31,Clouds,few clouds,3423
2023-02-28 12:00:00,12,No Holiday,-1.1,0.0,0.0,5,Clear,sky is clear,3129
2023-02-28 13:00:00,13,No Holiday,0.7,0.0,0.0,30,Clouds,overcast clouds,3441
2023-02-28 14:00:00,14,No Holiday,-0.0,3.53,0.0,81,Rain,light rain,3348
2023-02-28 15:00:00,15,No Holiday,-0.3,0.0,0.0,0,Clear,sky is clear,3616
2023-02-28 16:00:00,16,No Holiday,2.6,0.0,0.0,12,Clear,sky is clear,5520
2023-02-28 17:00:00,17,No Holiday,1.5,0.0,0.0,71,Mist,mist,5743
2023-02-28 18:00:00,18,No Holiday,4.1,0.0,0.0,18,Clear,sky is clear,5531
2023-02-28 19:00:00,19,No Holiday,-1.0,0.0,0.0,68,Clouds,scattered clouds,2725
2023-02-28 20:00:00,20,No Holiday,0.1,0.0,0.0,9,Clear,sky is clear,2568
2023-02-28 21:00:00,21,No Holiday,-4.3,0.0,0.0,61,Clouds,scattered clouds,2932
2023-02-28 22:00:00,22,No Holiday,-0.8,0.0,0.0,31,Clouds,overcast clouds,762
2023-02-28 23:00:00,23,No Holiday,-2.8,0.7,0.0,97,Rain,light rain,578
2023-03-01 00:00:00,0,No Holiday,1.2,0.0,0.02,75,Snow,light snow,387
2023-03-01 01:00:00,1,No Holiday,-1.2,0.0,0.0,4,Clear,sky is clear,572
2023-03-01 02:00:00,2,No Holiday,0.5,0.0,0.0,91,Mist,mist,674
2023-03-01 03:00:00,3,No Holiday,2.3,0.0,0.0,7,Clear,sky is clear,485
2023-03-01 04:00:00,4,No Holiday,-1.7,0.0,0.0,9,Clear,sky is clear,906
2023-03-01 05:00:00,5,No Holiday,-2.9,0.0,0.0,47,Clouds,few clouds,632
2023-03-01 06:00:00,6,No Holiday,-0.6,0.0,0.0,18,Clear,sky is clear,846
2023-03-01 07:00:00,7,No Holiday,1.7,0.0,7.82,90,Snow,heavy snow,3611
2023-03-01 08:00:00,8,No Holiday,4.6,0.0,0.0,78,Thunderstorm,thunderstorm with light rain,2804
2023-03-01 09:00:00,9,No Holiday,2.6,0.0,0.0,52,Clouds,overcast clouds,4496
2023-03-01 10:00:00,10,No Holiday,2.1,0.0,0.0,99,Clouds,overcast clouds,3486
2023-03-01 11:00:00,11,No Holiday,8.9,0.0,0.0,37,Clouds,few clouds,3909
2023-03-01 12:00:00,12,No Holiday,3.8,0.0,0.0,99,Mist,mist,3144
2023-03-01 13:00:00,13,No Holiday,6.2,3.34,0.0,98,Rain,moderate rain,2959
2023-03-01 14:00:00,14,No Holiday,8.0,0.0,0.0,0,Clear,sky is clear,3075
2023-03-01 15:00:00,15,No Holiday,7.7,0.0,0.0,19,Clear,sky is clear,2604
2023-03-01 16:00:00,16,No Holiday,7.2,0.0,0.0,39,Clouds,few clouds,5524
2023-03-01 17:00:00,17,No Holiday,4.3,0.0,0.0,15,Clear,sky is clear,4838
2023-03-01 18:00:00,18,No Holiday,3.6,0.0,0.0,80,Thunderstorm,thunderstorm with light rain,3060
2023-03-01 19:00:00,19,No Holiday,8.2,0.0,0.0,16,Clear,sky is clear,3032
2023-03-01 20:00:00,20,No Holiday,2.6,0.0,0.0,17,Clear,sky is clear,3118
2023-03-01 21:00:00,21,No Holiday,0.3,0.0,0.0,2,Clear,sky is clear,2786
2023-03-01 22:00:00,22,No Holiday,1.2,0.0,0.0,51,Clouds,broken clouds,978
2023-03-01 23:00:00,23,No Holiday,1.7,0.0,0.0,9,Clear,sky is clear,616
2023-03-02 00:00:00,0,No Holiday,1.2,0.0,0.0,11,Clear,sky is clear,632
2023-03-02 01:00:00,1,No Holiday,-1.8,0.0,0.0,72,Clouds,few clouds,545
2023-03-02 02:00:00,2,No Holiday,-2.1,0.0,0.0,99,Clouds,few clouds,505
2023-03-02 03:00:00,3,No Holiday,0.7,0.0,0.0,7,Clear,sky is clear,479
2023-03-02 04:00:00,4,No Holiday,-4.2,0.0,0.0,18,Clear,sky is clear,912
2023-03-02 05:00:00,5,No Holiday,-2.1,0.0,0.0,14,Clear,sky is clear,801
2023-03-02 06:00:00,6,No Holiday,-2.7,0.0,0.0,64,Clouds,overcast clouds,640
2023-03-02 07:00:00,7,No Holiday,3.7,0.0,0.0,1,Clear,sky is clear,4649
2023-03-02 08:00:00,8,No Holiday,1.1,0.0,0.0,7,Clear,sky is clear,5136
2023-03-02 09:00:00,9,No Holiday,4.8,0.0,0.0,13,Clear,sky is clear,4835
2023-03-02 10:00:00,10,No Holiday,2.4,0.0,0.0,1,Clear,sky is clear,3205
2023-03-02 11:00:00,11,No Holiday,4.8,0.0,0.0,43,Clouds,overcast clouds,4033
2023-03-02 12:00:00,12,No Holiday,7.3,4.04,0.0,87,Rain,moderate rain,3076
2023-03-02 13:00:00,13,No Holiday,3.1,0.0,0.0,7,Clear,sky is clear,3395
2023-03-02 14:00:00,14,No Holiday,3.7,0.0,0.0,16,Clear,sky is clear,3698
2023-03-02 15:00:00,15,No Holiday,8.2,0.0,0.0,11,Clear,sky is clear,3340
2023-03-02 16:00:00,16,No Holiday,5.0,0.0,0.0,7,Clear,sky is clear,5066
2023-03-02 17:00:00,17,No Holiday,6.7,0.0,0.0,11,Clear,sky is clear,6106
2023-03-02 18:00:00,18,No Holiday,5.0,0.0,1.43,82,Snow,heavy snow,3828
2023-03-02 19:00:00,19,No Holiday,2.2,0.0,0.0,15,Clear,sky is clear,3109
2023-03-02 20:00:00,20,No Holiday,0.7,0.0,0.0,18,Clear,sky is clear,3017
2023-03-02 21:00:00,21,No Holiday,2.3,0.0,0.0,1,Clear,sky is clear,2671
2023-03-02 22:00:00,22,No Holiday,-2.5,1.93,0.0,85,Rain,light rain,613
2023-03-02 23:00:00,23,No Holiday,0.7,0.4,0.0,99,Rain,moderate rain,538
2023-03-03 00:00:00,0,No Holiday,-0.7,0.0,0.0,41,Clouds,broken clouds,946
2023-03-03 01:00:00,1,No Holiday,-0.4,0.0,0.0,92,Clouds,few clouds,824
2023-03-03 02:00:00,2,No Holiday,-1.0,0.0,0.0,11,Clear,sky is clear,348
2023-03-03 03:00:00,3,No Holiday,-4.2,0.0,0.0,13,Clear,sky is clear,845
2023-03-03 04:00:00,4,No Holiday,-3.2,0.0,0.0,5,Clear,sky is clear,669
2023-03-03 05:00:00,5,No Holiday,1.0,0.0,0.0,19,Clear,sky is clear,760
2023-03-03 06:00:00,6,No Holiday,0.0,0.0,0.0,83,Fog,fog,453
2023-03-03 07:00:00,7,No Holiday,-0.1,0.0,0.0,98,Mist,mist,3859
2023-03-03 08:00:00,8,No Holiday,-1.0,0.0,0.0,19,Clear,sky is clear,4769
2023-03-03 09:00:00,9,No Holiday,1.4,0.0,0.0,43,Clouds,scattered clouds,5136
2023-03-03 10:00:00,10,No Holiday,3.1,0.0,0.0,78,Clouds,scattered clouds,3720
2023-03-03 11:00:00,11,No Holiday,3.4,0.0,0.0,34,Clouds,broken clouds,3666
2023-03-03 12:00:00,12,No Holiday,4.0,0.0,0.0,2,Clear,sky is clear,3806
2023-03-03 13:00:00,13,No Holiday,3.7,0.0,0.0,8,Clear,sky is clear,3700
2023-03-03 14:00:00,14,No Holiday,4.7,0.0,0.0,45,Clouds,few clouds,3347
2023-03-03 15:00:00,15,No Holiday,6.1,0.0,0.0,19,Clear,sky is clear,3472
2023-03-03 16:00:00,16,No Holiday,7.9,0.0,0.0,18,Clear,sky is clear,5103
2023-03-03 17:00:00,17,No Holiday,6.9,0.0,0.0,73,Clouds,broken clouds,5855
2023-03-03 18:00:00,18,No Holiday,5.3,0.0,0.0,8,Clear,sky is clear,5442
2023-03-03 19:00:00,19,No Holiday,5.8,0.0,0.0,41,Clouds,overcast clouds,2474
2023-03-03 20:00:00,20,No Holiday,4.7,0.0,0.0,79,Clouds,few clouds,2490
2023-03-03 21:00:00,21,No Holiday,2.2,3.97,0.0,86,Rain,light rain,2576
2023-03-03 22:00:00,22,No Holiday,3.6,0.0,0.0,48,Clouds,broken clouds,695
2023-03-03 23:00:00,23,No Holiday,-3.2,0.0,0.0,0,Clear,sky is clear,232
2023-03-04 00:00:00,0,No Holiday,4.0,0.0,0.0,45,Clouds,few clouds,285
2023-03-04 01:00:00,1,No Holiday,3.0,0.0,0.0,63,Clouds,broken clouds,363
2023-03-04 02:00:00,2,No Holiday,-1.1,0.0,0.0,52,Clouds,overcast clouds,447
2023-03-04 03:00:00,3,No Holiday,-2.8,0.0,0.0,97,Clouds,few clouds,474
2023-03-04 04:00:00,4,No Holiday,2.4,0.0,0.0,93,Clouds,few clouds,555
2023-03-04 05:00:00,5,No Holiday,-1.7,0.0,0.0,48,Clouds,overcast clouds,602
2023-03-04 06:00:00,6,No Holiday,-3.4,0.0,0.0,8,Clear,sky is clear,547
2023-03-04 07:00:00,7,No Holiday,0.9,0.0,0.0,11,Clear,sky is clear,3218
2023-03-04 08:00:00,8,No Holiday,-0.7,0.0,0.41,86,Snow,light snow,2024
2023-03-04 09:00:00,9,No Holiday,1.3,0.0,0.0,39,Clouds,few clouds,2930
2023-03-04 10:00:00,10,No Holiday,4.5,6.26,0.0,87,Rain,light rain,2006
2023-03-04 11:00:00,11,No Holiday,2.8,0.17,0.0,79,Rain,heavy intensity rain,2071
2023-03-04 12:00:00,12,No Holiday,4.0,5.29,0.0,95,Rain,moderate rain,2461
2023-03-04 13:00:00,13,No Holiday,6.2,0.0,0.0,17,Clear,sky is clear,2697
2023-03-04 14:00:00,14,No Holiday,6.2,0.0,0.0,59,Clouds,scattered clouds,2764
2023-03-04 15:00:00,15,No Holiday,6.4,0.55,0.0,76,Rain,light rain,2188
2023-03-04 16:00:00,16,No Holiday,8.1,0.0,0.0,93,Clouds,few clouds,4415
2023-03-04 17:00:00,17,No Holiday,4.8,0.0,0.0,35,Clouds,broken clouds,4237
2023-03-04 18:00:00,18,No Holiday,3.7,0.0,0.0,18,Clear,sky is clear,3512
2023-03-04 19:00:00,19,No Holiday,3.9,0.0,0.58,75,Snow,light snow,1323
2023-03-04 20:00:00,20,No Holiday,5.1,5.0,0.0,98,Rain,moderate rain,1402
2023-03-04 21:00:00,21,No Holiday,4.6,0.0,0.0,5,Clear,sky is clear,1952
2023-03-04 22:00:00,22,No Holiday,-0.2,0.0,0.0,80,Mist,mist,502
2023-03-04 23:00:00,23,No Holiday,-0.0,0.27,0.0,82,Rain,heavy intensity rain,475
2023-03-05 00:00:00,0,No Holiday,-0.3,0.0,0.0,11,Clear,sky is clear,311
2023-03-05 01:00:00,1,No Holiday,-1.8,0.0,0.0,96,Clouds,few clouds,377
2023-03-05 02:00:00,2,No Holiday,-4.8,0.0,0.0,56,Clouds,scattered clouds,585
2023-03-05 03:00:00,3,No Holiday,1.1,0.0,0.0,6,Clear,sky is clear,110
2023-03-05 04:00:00,4,No Holiday,-2.0,0.0,0.0,14,Clear,sky is clear,507
2023-03-05 05:00:00,5,No Holiday,-2.9,0.0,0.0,78,Clouds,scattered clouds,422
2023-03-05 06:00:00,6,No Holiday,-1.5,0.0,0.0,6,Clear,sky is clear,309
2023-03-05 07:00:00,7,No Holiday,-2.0,0.0,0.0,7,Clear,sky is clear,3087
2023-03-05 08:00:00,8,No Holiday,2.3,0.0,0.0,4,Clear,sky is clear,3216
2023-03-05 09:00:00,9,No Holiday,3.1,0.0,0.0,94,Mist,mist,2896
2023-03-05 10:00:00,10,No Holiday,3.4,0.0,0.0,53,Clouds,scattered clouds,2344
2023-03-05 11:00:00,11,No Holiday,4.8,0.0,0.0,47,Clouds,overcast clouds,2459
2023-03-05 12:00:00,12,No Holiday,3.8,1.96,0.0,97,Rain,moderate rain,2421
2023-03-05 13:00:00,13,No Holiday,10.7,0.0,2.1,71,Snow,heavy snow,1836
2023-03-05 14:00:00,14,No Holiday,6.5,0.0,0.0,5,Clear,sky is clear,2528
2023-03-05 15:00:00,15,No Holiday,6.4,0.0,0.0,33,Clouds,few clouds,2596
2023-03-05 16:00:00,16,No Holiday,7.3,0.0,0.0,16,Clear,sky is clear,4141
2023-03-05 17:00:00,17,No Holiday,5.1,0.0,0.0,5,Clear,sky is clear,4682
2023-03-05 18:00:00,18,No Holiday,4.6,0.0,0.0,4,Clear,sky is clear,3792
2023-03-05 19:00:00,19,No Holiday,3.6,0.0,0.0,98,Clouds,broken clouds,1662
2023-03-05 20:00:00,20,No Holiday,4.0,0.0,0.0,30,Clouds,few clouds,1747
2023-03-05 21:00:00,21,No Holiday,2.6,0.0,1.18,77,Snow,light snow,1368
2023-03-05 22:00:00,22,No Holiday,1.6,0.0,0.0,5,Clear,sky is clear,516
2023-03-05 23:00:00,23,No Holiday,0.5,0.0,0.0,9,Clear,sky is clear,360
2023-03-06 00:00:00,0,No Holiday,0.3,0.0,0.0,17,Clear,sky is clear,813
2023-03-06 01:00:00,1,No Holiday,-2.8,0.0,0.0,90,Clouds,overcast clouds,751
2023-03-06 02:00:00,2,No Holiday,0.6,0.0,0.0,13,Clear,sky is clear,599
2023-03-06 03:00:00,3,No Holiday,1.5,0.0,0.0,19,Clear,sky is clear,652
2023-03-06 04:00:00,4,No Holiday,-1.1,0.0,0.0,46,Clouds,overcast clouds,652
2023-03-06 05:00:00,5,No Holiday,-3.9,0.0,0.0,18,Clear,sky is clear,948
2023-03-06 06:00:00,6,No Holiday,-1.5,0.26,0.0,78,Rain,heavy intensity rain,535
2023-03-06 07:00:00,7,No Holiday,0.6,0.0,1.01,82,Snow,light snow,3117
2023-03-06 08:00:00,8,No Holiday,4.5,1.0,0.0,86,Rain,heavy intensity rain,4499
2023-03-06 09:00:00,9,No Holiday,0.6,5.21,0.0,93,Rain,heavy intensity rain,4364
2023-03-06 10:00:00,10,No Holiday,5.2,0.0,0.0,1,Clear,sky is clear,3182
2023-03-06 11:00:00,11,No Holiday,-0.1,0.0,0.0,90,Clouds,few clouds,3410
2023-03-06 12:00:00,12,No Holiday,6.0,0.0,0.0,72,Clouds,overcast clouds,3339
2023-03-06 13:00:00,13,No Holiday,2.5,0.0,0.0,2,Clear,sky is clear,3336
2023-03-06 14:00:00,14,No Holiday,3.7,0.0,0.0,83,Clouds,broken clouds,3319
2023-03-06 15:00:00,15,No Holiday,10.2,0.0,0.0,0,Clear,sky is clear,3650
2023-03-06 16:00:00,16,No Holiday,9.0,0.0,0.0,15,Clear,sky is clear,5089
2023-03-06 17:00:00,17,No Holiday,6.3,0.0,0.0,10,Clear,sky is clear,5877
2023-03-06 18:00:00,18,No Holiday,4.8,0.0,0.0,10,Clear,sky is clear,5477
2023-03-06 19:00:00,19,No Holiday,5.8,0.0,0.0,88,Clouds,few clouds,3154
2023-03-06 20:00:00,20,No Holiday,4.3,0.0,0.0,74,Clouds,broken clouds,2561
2023-03-06 21:00:00,21,No Holiday,3.9,0.0,0.0,72,Clouds,scattered clouds,2691
2023-03-06 22:00:00,22,No Holiday,-0.4,0.0,0.0,9,Clear,sky is clear,615
2023-03-06 23:00:00,23,No Holiday,-1.5,0.0,0.0,19,Clear,sky is clear,1014
2023-03-07 00:00:00,0,No Holiday,-4.8,0.0,0.0,2,Clear,sky is clear,622
2023-03-07 01:00:00,1,No Holiday,-2.9,0.0,0.0,11,Clear,sky is clear,805
2023-03-07 02:00:00,2,No Holiday,-1.2,0.0,0.49,98,Snow,light snow,618
2023-03-07 03:00:00,3,No Holiday,-1.3,0.0,0.0,62,Clouds,scattered clouds,724
2023-03-07 04:00:00,4,No Holiday,1.2,0.0,0.0,97,Clouds,broken clouds,553
2023-03-07 05:00:00,5,No Holiday,-2.6,0.0,0.0,67,Clouds,few clouds,748
2023-03-07 06:00:00,6,No Holiday,1.6,0.0,0.0,72,Thunderstorm,proximity thunderstorm,445
2023-03-07 07:00:00,7,No Holiday,-2.3,0.0,0.0,16,Clear,sky is clear,4655
2023-03-07 08:00:00,8,No Holiday,2.2,0.0,0.0,11,Clear,sky is clear,5123
2023-03-07 09:00:00,9,No Holiday,-0.3,0.0,2.68,76,Snow,light snow,3041
2023-03-07 10:00:00,10,No Holiday,5.6,0.0,0.0,15,Clear,sky is clear,3367
2023-03-07 11:00:00,11,No Holiday,4.6,0.0,0.0,39,Clouds,overcast clouds,3420
2023-03-07 12:00:00,12,No Holiday,5.6,0.0,0.0,17,Clear,sky is clear,3219
2023-03-07 13:00:00,13,No Holiday,6.0,0.0,0.0,12,Clear,sky is clear,3487
2023-03-07 14:00:00,14,No Holiday,9.7,0.0,0.0,96,Clouds,few clouds,3275
2023-03-07 15:00:00,15,No Holiday,7.4,0.0,0.0,17,Clear,sky is clear,3699
2023-03-07 16:00:00,16,No Holiday,7.3,0.0,0.0,81,Clouds,few clouds,4938
2023-03-07 17:00:00,17,No Holiday,6.9,0.0,0.0,5,Clear,sky is clear,5402
2023-03-07 18:00:00,18,No Holiday,6.6,0.0,0.0,62,Clouds,scattered clouds,5429
2023-03-07 19:00:00,19,No Holiday,5.0,0.0,1.2,70,Snow,heavy snow,1834
2023-03-07 20:00:00,20,No Holiday,3.7,0.0,0.0,32,Clouds,overcast clouds,2337
2023-03-07 21:00:00,21,No Holiday,0.6,0.0,0.45,90,Snow,heavy snow,2093
2023-03-07 22:00:00,22,No Holiday,0.9,0.0,0.0,93,Clouds,overcast clouds,639
2023-03-07 23:00:00,23,No Holiday,2.4,0.0,0.0,9,Clear,sky is clear,801
2023-03-08 00:00:00,0,No Holiday,-1.4,0.0,0.0,88,Mist,mist,760
2023-03-08 01:00:00,1,No Holiday,-0.7,0.0,0.0,5,Clear,sky is clear,704
2023-03-08 02:00:00,2,No Holiday,-4.5,0.0,0.0,89,Fog,fog,610
2023-03-08 03:00:00,3,No Holiday,-1.0,0.0,0.0,93,Clouds,overcast clouds,718
2023-03-08 04:00:00,4,No Holiday,3.1,0.0,0.0,56,Clouds,few clouds,611
2023-03-08 05:00:00,5,No Holiday,5.5,2.73,0.0,76,Rain,moderate rain,734
2023-03-08 06:00:00,6,No Holiday,-0.3,0.0,0.0,93,Mist,mist,894
2023-03-08 07:00:00,7,No Holiday,-0.6,1.14,0.0,89,Rain,moderate rain,4429
2023-03-08 08:00:00,8,No Holiday,4.4,0.0,0.0,3,Clear,sky is clear,5062
2023-03-08 09:00:00,9,No Holiday,5.8,0.0,0.0,89,Mist,mist,4588
2023-03-08 10:00:00,10,No Holiday,2.0,0.32,0.0,86,Rain,light rain,3385
2023-03-08 11:00:00,11,No Holiday,-0.3,0.0,0.0,0,Clear,sky is clear,3445
2023-03-08 12:00:00,12,No Holiday,6.3,0.0,0.0,87,Mist,mist,3393
2023-03-08 13:00:00,13,No Holiday,6.2,0.0,0.0,4,Clear,sky is clear,3535
2023-03-08 14:00:00,14,No Holiday,4.6,5.86,0.0,87,Rain,heavy intensity rain,2960
2023-03-08 15:00:00,15,No Holiday,7.0,1.03,0.0,76,Rain,heavy intensity rain,3131
2023-03-08 16:00:00,16,No Holiday,3.2,0.0,0.0,75,Mist,mist,5224
2023-03-08 17:00:00,17,No Holiday,4.8,0.0,0.0,46,Clouds,overcast clouds,5388
2023-03-08 18:00:00,18,No Holiday,6.5,0.0,0.0,2,Clear,sky is clear,5047
2023-03-08 19:00:00,19,No Holiday,4.8,0.0,0.0,38,Clouds,overcast clouds,3191
2023-03-08 20:00:00,20,No Holiday,5.3,2.31,0.0,71,Rain,light rain,2440
2023-03-08 21:00:00,21,No Holiday,4.4,0.14,0.0,92,Drizzle,light intensity drizzle,2488
2023-03-08 22:00:00,22,No Holiday,0.0,0.0,0.0,78,Clouds,broken clouds,623
2023-03-08 23:00:00,23,No Holiday,2.2,0.0,0.0,10,Clear,sky is clear,446
2023-03-09 00:00:00,0,No Holiday,0.8,2.77,0.0,98,Rain,light rain,712
2023-03-09 01:00:00,1,No Holiday,-0.6,3.76,0.0,86,Rain,heavy intensity rain,590
2023-03-09 02:00:00,2,No Holiday,0.9,0.0,0.0,1,Clear,sky is clear,518
2023-03-09 03:00:00,3,No Holiday,-2.1,0.97,0.0,77,Rain,light rain,771
2023-03-09 04:00:00,4,No Holiday,2.2,0.0,0.0,58,Clouds,broken clouds,1118
2023-03-09 05:00:00,5,No Holiday,-3.0,0.0,0.0,72,Fog,fog,518
2023-03-09 06:00:00,6,No Holiday,4.3,0.0,0.0,59,Clouds,few clouds,791
2023-03-09 07:00:00,7,No Holiday,2.0,0.0,0.0,5,Clear,sky is clear,5048
2023-03-09 08:00:00,8,No Holiday,2.5,0.74,0.0,73,Rain,heavy intensity rain,4668
2023-03-09 09:00:00,9,No Holiday,0.5,0.0,0.0,65,Clouds,few clouds,4867
2023-03-09 10:00:00,10,No Holiday,5.3,0.0,0.0,13,Clear,sky is clear,3248
2023-03-09 11:00:00,11,No Holiday,1.8,0.0,0.0,19,Clear,sky is clear,3834
2023-03-09 12:00:00,12,No Holiday,4.6,0.0,0.0,12,Clear,sky is clear,3496
2023-03-09 13:00:00,13,No Holiday,3.4,0.0,0.0,66,Clouds,overcast clouds,3336
2023-03-09 14:00:00,14,No Holiday,7.2,0.0,0.0,12,Clear,sky is clear,3299
2023-03-09 15:00:00,15,No Holiday,6.2,0.0,0.0,15,Clear,sky is clear,3349
2023-03-09 16:00:00,16,No Holiday,6.0,0.0,0.0,80,Fog,fog,4687
2023-03-09 17:00:00,17,No Holiday,5.0,0.45,0.0,71,Drizzle,light intensity drizzle,4900
2023-03-09 18:00:00,18,No Holiday,5.8,0.0,0.0,96,Mist,mist,4737
2023-03-09 19:00:00,19,No Holiday,5.6,0.0,0.0,11,Clear,sky is clear,3123
2023-03-09 20:00:00,20,No Holiday,4.6,0.0,0.0,17,Clear,sky is clear,2655
2023-03-09 21:00:00,21,No Holiday,0.2,6.36,0.0,73,Rain,moderate rain,2526
2023-03-09 22:00:00,22,No Holiday,2.4,0.0,0.0,5,Clear,sky is clear,569
2023-03-09 23:00:00,23,No Holiday,2.1,0.0,0.0,17,Clear,sky is clear,574
2023-03-10 00:00:00,0,No Holiday,-0.6,0.0,0.0,42,Clouds,overcast clouds,722
2023-03-10 01:00:00,1,No Holiday,2.1,0.0,0.0,79,Clouds,few clouds,583
2023-03-10 02:00:00,2,No Holiday,-3.0,0.0,0.0,14,Clear,sky is clear,482
2023-03-10 03:00:00,3,No Holiday,-2.3,0.0,0.59,95,Snow,light snow,272
2023-03-10 04:00:00,4,No Holiday,0.1,0.0,0.0,64,Clouds,scattered clouds,578
2023-03-10 05:00:00,5,No Holiday,0.5,0.0,0.0,54,Clouds,overcast clouds,684
2023-03-10 06:00:00,6,No Holiday,-3.1,0.0,0.0,18,Clear,sky is clear,834
2023-03-10 07:00:00,7,No Holiday,0.5,0.0,0.0,48,Clouds,broken clouds,5155
2023-03-10 08:00:00,8,No Holiday,2.8,0.0,0.0,5,Clear,sky is clear,4847
2023-03-10 09:00:00,9,No Holiday,3.4,0.0,0.0,0,Clear,sky is clear,5054
2023-03-10 10:00:00,10,No Holiday,5.0,0.0,0.0,2,Clear,sky is clear,3612
2023-03-10 11:00:00,11,No Holiday,3.5,0.0,0.0,85,Clouds,scattered clouds,3131
2023-03-10 12:00:00,12,No Holiday,7.6,0.0,0.0,90,Clouds,broken clouds,3052
2023-03-10 13:00:00,13,No Holiday,6.3,0.59,0.0,76,Drizzle,light intensity drizzle,2942
2023-03-10 14:00:00,14,No Holiday,5.6,0.0,0.31,81,Snow,light snow,2749
2023-03-10 15:00:00,15,No Holiday,4.7,0.0,0.0,17,Clear,sky is clear,3533
2023-03-10 16:00:00,16,No Holiday,10.5,0.0,0.0,16,Clear,sky is clear,5527
2023-03-10 17:00:00,17,No Holiday,1.0,0.0,0.0,12,Clear,sky is clear,5119
2023-03-10 18:00:00,18,No Holiday,5.2,0.0,0.39,91,Snow,heavy snow,3597
2023-03-10 19:00:00,19,No Holiday,2.4,0.0,0.0,9,Clear,sky is clear,2797
2023-03-10 20:00:00,20,No Holiday,5.5,0.0,0.0,10,Clear,sky is clear,2934
2023-03-10 21:00:00,21,No Holiday,2.9,0.0,0.0,85,Clouds,overcast clouds,2586
2023-03-10 22:00:00,22,No Holiday,-1.5,0.27,0.0,87,Drizzle,light intensity drizzle,751
2023-03-10 23:00:00,23,No Holiday,3.2,2.36,0.0,84,Rain,heavy intensity rain,681
2023-03-11 00:00:00,0,No Holiday,3.8,0.0,0.0,3,Clear,sky is clear,512
2023-03-11 01:00:00,1,No Holiday,-3.7,1.99,0.0,97,Rain,moderate rain,246
2023-03-11 02:00:00,2,No Holiday,-1.9,1.25,0.0,84,Rain,heavy intensity rain,645
2023-03-11 03:00:00,3,No Holiday,3.9,0.0,2.43,89,Snow,light snow,272
2023-03-11 04:00:00,4,No Holiday,-1.7,0.0,0.0,75,Mist,mist,586
2023-03-11 05:00:00,5,No Holiday,-4.4,0.0,0.0,79,Mist,mist,413
2023-03-11 06:00:00,6,No Holiday,1.8,0.11,0.0,88,Rain,heavy intensity rain,342
2023-03-11 07:00:00,7,No Holiday,-1.7,4.1,0.0,93,Rain,heavy intensity rain,2570
2023-03-11 08:00:00,8,No Holiday,3.5,0.0,0.0,0,Clear,sky is clear,2658
2023-03-11 09:00:00,9,No Holiday,5.2,0.0,0.0,41,Clouds,few clouds,3228
2023-03-11 10:00:00,10,No Holiday,1.2,0.0,0.0,56,Clouds,scattered clouds,2091
2023-03-11 11:00:00,11,No Holiday,3.0,0.0,0.0,3,Clear,sky is clear,2315
2023-03-11 12:00:00,12,No Holiday,6.3,0.0,0.0,5,Clear,sky is clear,3004
2023-03-11 13:00:00,13,No Holiday,4.0,0.0,0.0,5,Clear,sky is clear,2703
2023-03-11 14:00:00,14,No Holiday,10.3,0.0,0.0,16,Clear,sky is clear,2893
2023-03-11 15:00:00,15,No Holiday,4.5,0.0,0.0,84,Clouds,scattered clouds,2665
2023-03-11 16:00:00,16,No Holiday,3.9,0.0,0.0,14,Clear,sky is clear,4567
2023-03-11 17:00:00,17,No Holiday,8.0,0.0,1.66,97,Snow,heavy snow,3080
2023-03-11 18:00:00,18,No Holiday,6.3,0.0,0.0,6,Clear,sky is clear,3842
2023-03-11 19:00:00,19,No Holiday,9.3,0.0,0.0,18,Clear,sky is clear,1720
2023-03-11 20:00:00,20,No Holiday,1.5,0.0,0.0,80,Mist,mist,1725
2023-03-11 21:00:00,21,No Holiday,2.0,0.0,0.0,83,Clouds,few clouds,1907
2023-03-11 22:00:00,22,No Holiday,0.3,0.0,0.0,61,Clouds,overcast clouds,395
2023-03-11 23:00:00,23,No Holiday,3.4,0.88,0.0,77,Rain,heavy intensity rain,373
2023-03-12 00:00:00,0,No Holiday,0.6,0.0,0.0,11,Clear,sky is clear,551
2023-03-12 01:00:00,1,No Holiday,1.3,0.66,0.0,88,Drizzle,light intensity drizzle,578
2023-03-12 02:00:00,2,No Holiday,0.4,0.0,0.0,17,Clear,sky is clear,446
2023-03-12 03:00:00,3,No Holiday,-2.7,0.0,0.0,94,Fog,fog,444
2023-03-12 04:00:00,4,No Holiday,-2.7,0.0,1.77,96,Snow,heavy snow,309
2023-03-12 05:00:00,5,No Holiday,-0.6,0.0,0.38,91,Snow,heavy snow,290
2023-03-12 06:00:00,6,No Holiday,-3.6,1.52,0.0,90,Rain,moderate rain,332
2023-03-12 07:00:00,7,No Holiday,-0.8,0.0,0.0,9,Clear,sky is clear,2969
2023-03-12 08:00:00,8,No Holiday,-1.4,0.0,0.0,90,Clouds,few clouds,3028
2023-03-12 09:00:00,9,No Holiday,3.7,0.0,0.0,11,Clear,sky is clear,3223
2023-03-12 10:00:00,10,No Holiday,1.0,0.0,0.0,13,Clear,sky is clear,2392
2023-03-12 11:00:00,11,No Holiday,3.0,9.03,0.0,86,Rain,heavy intensity rain,2128
2023-03-12 12:00:00,12,No Holiday,6.7,0.0,0.0,88,Mist,mist,2500
2023-03-12 13:00:00,13,No Holiday,4.1,1.59,0.0,81,Rain,heavy intensity rain,2383
2023-03-12 14:00:00,14,No Holiday,8.3,0.0,0.0,5,Clear,sky is clear,2852
2023-03-12 15:00:00,15,No Holiday,7.5,0.0,0.0,6,Clear,sky is clear,2516
2023-03-12 16:00:00,16,No Holiday,3.7,0.0,0.0,96,Fog,fog,4060
2023-03-12 17:00:00,17,No Holiday,4.9,0.0,0.0,10,Clear,sky is clear,4366
2023-03-12 18:00:00,18,No Holiday,8.5,0.0,0.0,70,Clouds,broken clouds,3379
2023-03-12 19:00:00,19,No Holiday,5.7,0.0,0.0,71,Clouds,broken clouds,1635
2023-03-12 20:00:00,20,No Holiday,-0.4,0.0,0.0,8,Clear,sky is clear,1801
2023-03-12 21:00:00,21,No Holiday,3.5,0.0,0.0,99,Clouds,broken clouds,1859
2023-03-12 22:00:00,22,No Holiday,1.1,0.0,0.0,55,Clouds,scattered clouds,562
2023-03-12 23:00:00,23,No Holiday,2.3,0.0,0.0,0,Clear,sky is clear,462
2023-03-13 00:00:00,0,No Holiday,1.2,0.12,0.0,73,Rain,light rain,536
2023-03-13 01:00:00,1,No Holiday,-3.6,0.0,0.0,43,Clouds,scattered clouds,652
2023-03-13 02:00:00,2,No Holiday,-0.8,0.0,0.0,13,Clear,sky is clear,642
2023-03-13 03:00:00,3,No Holiday,-4.7,0.47,0.0,94,Rain,heavy intensity rain,528
2023-03-13 04:00:00,4,No Holiday,-1.4,0.0,0.0,3,Clear,sky is clear,683
2023-03-13 05:00:00,5,No Holiday,0.5,0.0,0.0,91,Clouds,few clouds,594
2023-03-13 06:00:00,6,No Holiday,2.6,0.0,0.0,3,Clear,sky is clear,545
2023-03-13 07:00:00,7,No Holiday,3.6,0.0,0.0,90,Clouds,overcast clouds,5079
2023-03-13 08:00:00,8,No Holiday,-1.1,0.12,0.0,96,Drizzle,light intensity drizzle,4614
2023-03-13 09:00:00,9,No Holiday,2.0,0.0,0.0,18,Clear,sky is clear,4964
2023-03-13 10:00:00,10,No Holiday,1.4,0.0,0.0,93,Mist,mist,3356
2023-03-13 11:00:00,11,No Holiday,4.5,0.0,0.77,85,Snow,heavy snow,2779
2023-03-13 12:00:00,12,No Holiday,3.9,0.0,0.0,70,Clouds,few clouds,4164
2023-03-13 13:00:00,13,No Holiday,9.0,0.0,0.0,18,Clear,sky is clear,3803
2023-03-13 14:00:00,14,No Holiday,8.3,0.0,0.0,7,Clear,sky is clear,3151
2023-03-13 15:00:00,15,No Holiday,5.8,0.0,0.0,14,Clear,sky is clear,3427
2023-03-13 16:00:00,16,No Holiday,4.8,0.0,0.0,9,Clear,sky is clear,5239
2023-03-13 17:00:00,17,No Holiday,4.6,0.0,0.0,15,Clear,sky is clear,5527
2023-03-13 18:00:00,18,No Holiday,6.3,0.0,0.0,40,Clouds,overcast clouds,5922
2023-03-13 19:00:00,19,No Holiday,7.3,0.0,0.0,92,Clouds,few clouds,2703
2023-03-13 20:00:00,20,No Holiday,5.7,3.58,0.0,74,Rain,heavy intensity rain,2448
2023-03-13 21:00:00,21,No Holiday,3.1,0.0,0.0,15,Clear,sky is clear,2899
2023-03-13 22:00:00,22,No Holiday,2.1,0.26,0.0,72,Rain,moderate rain,638
2023-03-13 23:00:00,23,No Holiday,-1.5,0.0,0.0,35,Clouds,broken clouds,628
2023-03-14 00:00:00,0,No Holiday,-4.3,0.0,0.0,4,Clear,sky is clear,746
2023-03-14 01:00:00,1,No Holiday,1.5,0.0,0.0,98,Clouds,broken clouds,830
2023-03-14 02:00:00,2,No Holiday,1.4,0.0,0.0,2,Clear,sky is clear,525
2023-03-14 03:00:00,3,No Holiday,-4.0,0.0,0.3,76,Snow,heavy snow,678
2023-03-14 04:00:00,4,No Holiday,1.2,0.0,0.0,11,Clear,sky is clear,774
2023-03-14 05:00:00,5,No Holiday,1.6,0.0,0.0,58,Clouds,scattered clouds,463
2023-03-14 06:00:00,6,No Holiday,0.9,0.09,0.0,86,Rain,heavy intensity rain,951
2023-03-14 07:00:00,7,No Holiday,-0.2,0.0,0.0,8,Clear,sky is clear,4778
2023-03-14 08:00:00,8,No Holiday,2.5,0.0,0.0,9,Clear,sky is clear,4969
2023-03-14 09:00:00,9,No Holiday,2.5,0.72,0.0,97,Drizzle,light intensity drizzle,4012
2023-03-14 10:00:00,10,No Holiday,3.6,0.0,1.44,77,Snow,heavy snow,2292
2023-03-14 11:00:00,11,No Holiday,2.5,0.0,0.0,9,Clear,sky is clear,3666
2023-03-14 12:00:00,12,No Holiday,7.1,0.0,0.0,11,Clear,sky is clear,3246
2023-03-14 13:00:00,13,No Holiday,8.9,0.0,0.0,88,Thunderstorm,proximity thunderstorm,2171
2023-03-14 14:00:00,14,No Holiday,-0.1,0.0,0.0,12,Clear,sky is clear,3799
2023-03-14 15:00:00,15,No Holiday,6.1,0.0,0.0,11,Clear,sky is clear,3663
2023-03-14 16:00:00,16,No Holiday,5.3,0.0,0.0,82,Clouds,few clouds,5031
2023-03-14 17:00:00,17,No Holiday,5.7,1.4,0.0,90,Rain,moderate rain,5095
2023-03-14 18:00:00,18,No Holiday,8.2,0.0,0.0,46,Clouds,overcast clouds,5282
2023-03-14 19:00:00,19,No Holiday,7.5,0.0,0.2,85,Snow,heavy snow,1933
2023-03-14 20:00:00,20,No Holiday,4.5,3.28,0.0,77,Rain,heavy intensity rain,2458
2023-03-14 21:00:00,21,No Holiday,6.8,0.0,2.69,79,Snow,light snow,1894
2023-03-14 22:00:00,22,No Holiday,-1.3,0.0,0.0,10,Clear,sky is clear,733
2023-03-14 23:00:00,23,No Holiday,0.4,0.0,0.0,93,Clouds,few clouds,847
2023-03-15 00:00:00,0,No Holiday,-1.1,0.0,0.0,4,Clear,sky is clear,853
2023-03-15 01:00:00,1,No Holiday,2.2,0.0,0.0,43,Clouds,overcast clouds,716
2023-03-15 02:00:00,2,No Holiday,-2.8,0.0,0.0,59,Clouds,broken clouds,688
2023-03-15 03:00:00,3,No Holiday,0.1,0.0,0.0,71,Clouds,scattered clouds,1044
2023-03-15 04:00:00,4,No Holiday,-1.4,0.0,0.0,18,Clear,sky is clear,430
2023-03-15 05:00:00,5,No Holiday,-3.5,0.0,0.0,78,Clouds,overcast clouds,709
2023-03-15 06:00:00,6,No Holiday,-0.4,0.4,0.0,94,Drizzle,light intensity drizzle,391
2023-03-15 07:00:00,7,No Holiday,1.7,3.43,0.0,88,Rain,heavy intensity rain,4214
2023-03-15 08:00:00,8,No Holiday,2.8,0.0,0.0,53,Clouds,broken clouds,5089
2023-03-15 09:00:00,9,No Holiday,1.5,0.0,0.0,12,Clear,sky is clear,5149
2023-03-15 10:00:00,10,No Holiday,2.7,0.0,0.01,90,Snow,heavy snow,2623
2023-03-15 11:00:00,11,No Holiday,0.2,0.0,0.0,92,Thunderstorm,thunderstorm with light rain,2148
2023-03-15 12:00:00,12,No Holiday,4.7,0.0,0.0,8,Clear,sky is clear,3678
2023-03-15 13:00:00,13,No Holiday,6.4,0.0,0.0,14,Clear,sky is clear,3216
2023-03-15 14:00:00,14,No Holiday,9.2,0.0,0.0,4,Clear,sky is clear,3400
2023-03-15 15:00:00,15,No Holiday,1.1,0.0,0.0,3,Clear,sky is clear,3476
2023-03-15 16:00:00,16,No Holiday,6.4,0.0,0.0,56,Clouds,scattered clouds,5359
2023-03-15 17:00:00,17,No Holiday,7.2,0.0,0.0,73,Clouds,few clouds,5002
2023-03-15 18:00:00,18,No Holiday,6.6,0.0,0.42,87,Snow,heavy snow,4224
2023-03-15 19:00:00,19,No Holiday,3.0,0.0,0.0,42,Clouds,broken clouds,2868
2023-03-15 20:00:00,20,No Holiday,1.0,0.4,0.0,92,Drizzle,light intensity drizzle,2734
2023-03-15 21:00:00,21,No Holiday,4.7,0.0,0.0,88,Clouds,scattered clouds,2956
2023-03-15 22:00:00,22,No Holiday,3.3,0.19,0.0,81,Drizzle,light intensity drizzle,410
2023-03-15 23:00:00,23,No Holiday,-0.4,0.0,0.0,7,Clear,sky is clear,441
2023-03-16 00:00:00,0,No Holiday,1.6,0.0,0.0,76,Clouds,scattered clouds,876
2023-03-16 01:00:00,1,No Holiday,-1.4,0.0,0.0,14,Clear,sky is clear,331
2023-03-16 02:00:00,2,No Holiday,-1.5,0.0,0.0,7,Clear,sky is clear,696
2023-03-16 03:00:00,3,No Holiday,-4.6,0.0,0.0,19,Clear,sky is clear,712
2023-03-16 04:00:00,4,No Holiday,-1.2,0.0,0.0,99,Fog,fog,653
2023-03-16 05:00:00,5,No Holiday,-0.9,0.0,0.0,8,Clear,sky is clear,721
2023-03-16 06:00:00,6,No Holiday,-0.0,0.0,0.0,88,Clouds,overcast clouds,861
2023-03-16 07:00:00,7,No Holiday,-0.2,0.0,0.0,16,Clear,sky is clear,4874
2023-03-16 08:00:00,8,No Holiday,2.5,0.12,0.0,81,Rain,moderate rain,3939
2023-03-16 09:00:00,9,No Holiday,2.3,0.0,1.01,92,Snow,light snow,3528
2023-03-16 10:00:00,10,No Holiday,3.0,0.0,0.0,37,Clouds,overcast clouds,3209
2023-03-16 11:00:00,11,No Holiday,7.4,0.0,0.0,54,Clouds,overcast clouds,3427
2023-03-16 12:00:00,12,No Holiday,8.2,0.0,0.0,90,Clouds,broken clouds,3571
2023-03-16 13:00:00,13,No Holiday,7.7,4.08,0.0,80,Rain,moderate rain,3352
2023-03-16 14:00:00,14,No Holiday,3.0,1.17,0.0,81,Rain,heavy intensity rain,3296
2023-03-16 15:00:00,15,No Holiday,6.3,0.0,0.0,14,Clear,sky is clear,3593
2023-03-16 16:00:00,16,No Holiday,9.7,0.0,0.0,3,Clear,sky is clear,5091
2023-03-16 17:00:00,17,No Holiday,7.2,0.0,0.0,8,Clear,sky is clear,5578
2023-03-16 18:00:00,18,No Holiday,7.0,0.0,0.0,71,Clouds,broken clouds,5516
2023-03-16 19:00:00,19,No Holiday,0.5,0.0,0.0,15,Clear,sky is clear,2774
2023-03-16 20:00:00,20,No Holiday,1.0,0.0,0.0,13,Clear,sky is clear,2756
2023-03-16 21:00:00,21,No Holiday,0.6,0.0,0.0,19,Clear,sky is clear,2904
2023-03-16 22:00:00,22,No Holiday,0.4,0.0,0.0,3,Clear,sky is clear,634
2023-03-16 23:00:00,23,No Holiday,0.1,0.0,0.0,63,Clouds,broken clouds,474
2023-03-17 00:00:00,0,No Holiday,-0.2,0.0,0.0,57,Clouds,broken clouds,940
2023-03-17 01:00:00,1,No Holiday,-1.0,0.0,0.0,96,Mist,mist,642
2023-03-17 02:00:00,2,No Holiday,-1.7,0.0,0.0,55,Clouds,broken clouds,611
2023-03-17 03:00:00,3,No Holiday,1.8,0.0,0.9,91,Snow,heavy snow,488
2023-03-17 04:00:00,4,No Holiday,-3.6,0.0,0.0,76,Clouds,overcast clouds,823
2023-03-17 05:00:00,5,No Holiday,-2.6,0.0,0.0,91,Clouds,broken clouds,429
2023-03-17 06:00:00,6,No Holiday,0.1,0.04,0.0,90,Rain,light rain,609
2023-03-17 07:00:00,7,No Holiday,1.0,0.0,0.0,63,Clouds,overcast clouds,4812
2023-03-17 08:00:00,8,No Holiday,0.3,0.0,0.0,7,Clear,sky is clear,5135
2023-03-17 09:00:00,9,No Holiday,4.7,0.0,0.0,0,Clear,sky is clear,5160
2023-03-17 10:00:00,10,No Holiday,4.3,7.35,0.0,96,Rain,heavy intensity rain,3088
2023-03-17 11:00:00,11,No Holiday,7.6,0.0,0.81,73,Snow,light snow,2725
2023-03-17 12:00:00,12,No Holiday,5.9,0.0,0.0,77,Clouds,few clouds,3074
2023-03-17 13:00:00,13,No Holiday,6.5,0.0,0.0,10,Clear,sky is clear,3379
2023-03-17 14:00:00,14,No Holiday,4.3,0.0,0.0,93,Clouds,overcast clouds,3500
2023-03-17 15:00:00,15,No Holiday,6.0,0.54,0.0,88,Drizzle,light intensity drizzle,3269
2023-03-17 16:00:00,16,No Holiday,5.4,0.0,0.0,39,Clouds,overcast clouds,5369
2023-03-17 17:00:00,17,No Holiday,5.8,0.0,0.0,9,Clear,sky is clear,5410
2023-03-17 18:00:00,18,No Holiday,11.3,0.0,0.0,15,Clear,sky is clear,5681
2023-03-17 19:00:00,19,No Holiday,9.7,0.0,0.0,18,Clear,sky is clear,2798
2023-03-17 20:00:00,20,No Holiday,2.6,0.0,0.0,79,Clouds,scattered clouds,2892
2023-03-17 21:00:00,21,No Holiday,-0.9,0.0,0.0,4,Clear,sky is clear,2960
2023-03-17 22:00:00,22,No Holiday,2.5,0.0,0.0,0,Clear,sky is clear,1062
2023-03-17 23:00:00,23,No Holiday,5.4,0.63,0.0,89,Drizzle,light intensity drizzle,674
2023-03-18 00:00:00,0,No Holiday,-2.6,0.0,0.0,5,Clear,sky is clear,227
2023-03-18 01:00:00,1,No Holiday,-2.5,0.0,0.0,93,Clouds,broken clouds,370
2023-03-18 02:00:00,2,No Holiday,-2.9,1.76,0.0,71,Rain,moderate rain,401
2023-03-18 03:00:00,3,No Holiday,-3.2,0.0,0.0,77,Mist,mist,584
2023-03-18 04:00:00,4,No Holiday,-0.5,0.0,2.1,81,Snow,heavy snow,300
2023-03-18 05:00:00,5,No Holiday,1.0,2.74,0.0,93,Rain,light rain,374
2023-03-18 06:00:00,6,No Holiday,-3.0,0.0,0.0,7,Clear,sky is clear,367
2023-03-18 07:00:00,7,No Holiday,0.6,0.35,0.0,83,Drizzle,light intensity drizzle,2985
2023-03-18 08:00:00,8,No Holiday,0.0,0.0,0.0,14,Clear,sky is clear,3083
2023-03-18 09:00:00,9,No Holiday,-0.5,0.0,0.0,90,Clouds,scattered clouds,3472
2023-03-18 10:00:00,10,No Holiday,5.6,0.0,0.0,2,Clear,sky is clear,2848
2023-03-18 11:00:00,11,No Holiday,6.0,0.55,0.0,86,Rain,light rain,1997
2023-03-18 12:00:00,12,No Holiday,4.5,0.0,0.0,15,Clear,sky is clear,2836
2023-03-18 13:00:00,13,No Holiday,4.9,5.72,0.0,95,Rain,heavy intensity rain,2459
2023-03-18 14:00:00,14,No Holiday,5.0,0.0,0.0,13,Clear,sky is clear,2759
2023-03-18 15:00:00,15,No Holiday,8.3,0.0,1.22,81,Snow,light snow,1922
2023-03-18 16:00:00,16,No Holiday,10.1,0.0,0.0,4,Clear,sky is clear,4299
2023-03-18 17:00:00,17,No Holiday,7.4,0.0,0.0,9,Clear,sky is clear,4014
2023-03-18 18:00:00,18,No Holiday,4.2,0.0,0.0,18,Clear,sky is clear,3735
2023-03-18 19:00:00,19,No Holiday,3.8,0.0,0.0,2,Clear,sky is clear,1816
2023-03-18 20:00:00,20,No Holiday,5.0,0.0,0.0,5,Clear,sky is clear,1859
2023-03-18 21:00:00,21,No Holiday,-0.4,0.0,0.0,1,Clear,sky is clear,1989
2023-03-18 22:00:00,22,No Holiday,-5.9,0.0,0.0,18,Clear,sky is clear,439
2023-03-18 23:00:00,23,No Holiday,-3.8,0.0,0.0,13,Clear,sky is clear,446
2023-03-19 00:00:00,0,No Holiday,-2.0,0.0,0.0,8,Clear,sky is clear,549
2023-03-19 01:00:00,1,No Holiday,-1.8,0.0,1.45,70,Snow,heavy snow,230
2023-03-19 02:00:00,2,No Holiday,-0.0,0.0,0.0,15,Clear,sky is clear,616
2023-03-19 03:00:00,3,No Holiday,-2.8,0.0,0.0,93,Thunderstorm,proximity thunderstorm,259
2023-03-19 04:00:00,4,No Holiday,0.7,0.0,0.0,5,Clear,sky is clear,325
2023-03-19 05:00:00,5,No Holiday,-0.4,0.0,0.0,5,Clear,sky is clear,567
2023-03-19 06:00:00,6,No Holiday,1.1,0.0,0.0,12,Clear,sky is clear,457
2023-03-19 07:00:00,7,No Holiday,2.0,0.0,0.0,19,Clear,sky is clear,3150
2023-03-19 08:00:00,8,No Holiday,2.5,0.0,0.0,1,Clear,sky is clear,2772
2023-03-19 09:00:00,9,No Holiday,2.9,0.0,0.0,39,Clouds,few clouds,3225
2023-03-19 10:00:00,10,No Holiday,3.4,0.0,0.0,8,Clear,sky is clear,2409
2023-03-19 11:00:00,11,No Holiday,4.3,0.0,0.0,88,Thunderstorm,thunderstorm with light rain,1443
2023-03-19 12:00:00,12,No Holiday,3.6,0.0,0.0,55,Clouds,broken clouds,2776
2023-03-19 13:00:00,13,No Holiday,6.6,0.0,0.0,13,Clear,sky is clear,2925
2023-03-19 14:00:00,14,No Holiday,5.5,0.0,0.0,47,Clouds,few clouds,2827
2023-03-19 15:00:00,15,No Holiday,5.9,0.0,0.0,12,Clear,sky is clear,2599
2023-03-19 16:00:00,16,No Holiday,2.2,0.0,0.0,5,Clear,sky is clear,4396
2023-03-19 17:00:00,17,No Holiday,3.8,0.0,0.0,3,Clear,sky is clear,4519
2023-03-19 18:00:00,18,No Holiday,3.0,0.0,0.01,78,Snow,heavy snow,2397
2023-03-19 19:00:00,19,No Holiday,3.2,0.0,0.0,90,Fog,fog,1675
2023-03-19 20:00:00,20,No Holiday,3.2,0.0,0.0,96,Mist,mist,1737
2023-03-19 21:00:00,21,No Holiday,2.4,0.0,0.0,59,Clouds,scattered clouds,1806
2023-03-19 22:00:00,22,No Holiday,0.1,0.0,0.0,17,Clear,sky is clear,488
2023-03-19 23:00:00,23,No Holiday,2.2,0.0,0.0,79,Mist,mist,484
2023-03-20 00:00:00,0,No Holiday,2.7,0.0,0.0,4,Clear,sky is clear,799
2023-03-20 01:00:00,1,No Holiday,-0.9,2.25,0.0,75,Rain,moderate rain,903
2023-03-20 02:00:00,2,No Holiday,-2.2,0.0,0.0,12,Clear,sky is clear,848
2023-03-20 03:00:00,3,No Holiday,-2.7,0.0,0.0,79,Clouds,overcast clouds,624
2023-03-20 04:00:00,4,No Holiday,-2.8,0.0,0.0,77,Mist,mist,678
2023-03-20 05:00:00,5,No Holiday,1.7,0.2,0.0,83,Drizzle,light intensity drizzle,525
2023-03-20 06:00:00,6,No Holiday,-0.7,0.0,2.62,82,Snow,heavy snow,536
2023-03-20 07:00:00,7,No Holiday,1.4,0.0,0.0,1,Clear,sky is clear,4343
2023-03-20 08:00:00,8,No Holiday,-2.4,0.0,0.0,9,Clear,sky is clear,5031
2023-03-20 09:00:00,9,No Holiday,-0.4,0.0,0.0,14,Clear,sky is clear,4893
2023-03-20 10:00:00,10,No Holiday,-2.0,0.0,0.0,16,Clear,sky is clear,3775
2023-03-20 11:00:00,11,No Holiday,7.6,0.0,0.0,78,Clouds,broken clouds,3649
2023-03-20 12:00:00,12,No Holiday,7.3,0.0,0.0,19,Clear,sky is clear,3900
2023-03-20 13:00:00,13,No Holiday,7.0,0.0,0.0,36,Clouds,few clouds,3278
2023-03-20 14:00:00,14,No Holiday,3.6,2.02,0.0,81,Rain,moderate rain,2917
2023-03-20 15:00:00,15,No Holiday,4.6,0.0,0.0,87,Fog,fog,3561
2023-03-20 16:00:00,16,No Holiday,0.4,0.0,0.0,33,Clouds,overcast clouds,5719
2023-03-20 17:00:00,17,No Holiday,2.2,0.0,0.0,46,Clouds,few clouds,5325
2023-03-20 18:00:00,18,No Holiday,7.3,0.0,0.0,17,Clear,sky is clear,4695
2023-03-20 19:00:00,19,No Holiday,8.0,0.0,0.0,99,Clouds,scattered clouds,2840
2023-03-20 20:00:00,20,No Holiday,1.0,0.0,0.0,98,Clouds,broken clouds,2595
2023-03-20 21:00:00,21,No Holiday,-0.8,0.0,0.0,18,Clear,sky is clear,2924
2023-03-20 22:00:00,22,No Holiday,-1.1,0.0,0.0,92,Mist,mist,765
2023-03-20 23:00:00,23,No Holiday,-1.4,0.0,0.0,71,Mist,mist,655
2023-03-21 00:00:00,0,No Holiday,-2.3,0.0,0.0,76,Thunderstorm,thunderstorm with light rain,435
2023-03-21 01:00:00,1,No Holiday,1.7,0.0,0.0,8,Clear,sky is clear,558
2023-03-21 02:00:00,2,No Holiday,-1.3,0.0,0.0,16,Clear,sky is clear,637
2023-03-21 03:00:00,3,No Holiday,0.4,0.0,0.0,77,Thunderstorm,proximity thunderstorm,548
2023-03-21 04:00:00,4,No Holiday,-5.0,0.0,0.0,96,Clouds,few clouds,442
2023-03-21 05:00:00,5,No Holiday,5.2,0.0,0.0,63,Clouds,scattered clouds,429
2023-03-21 06:00:00,6,No Holiday,-0.7,0.0,0.0,13,Clear,sky is clear,769
2023-03-21 07:00:00,7,No Holiday,1.5,0.56,0.0,76,Rain,moderate rain,4180
2023-03-21 08:00:00,8,No Holiday,3.2,0.0,0.0,5,Clear,sky is clear,5068
2023-03-21 09:00:00,9,No Holiday,2.6,0.0,0.0,8,Clear,sky is clear,4296
2023-03-21 10:00:00,10,No Holiday,2.7,0.0,0.0,93,Clouds,broken clouds,3666
2023-03-21 11:00:00,11,No Holiday,5.5,0.0,0.0,42,Clouds,broken clouds,3697
2023-03-21 12:00:00,12,No Holiday,4.6,0.0,0.0,0,Clear,sky is clear,2982
2023-03-21 13:00:00,13,No Holiday,9.3,0.0,0.0,34,Clouds,scattered clouds,3396
2023-03-21 14:00:00,14,No Holiday,5.6,0.0,0.0,9,Clear,sky is clear,3475
2023-03-21 15:00:00,15,No Holiday,6.7,0.0,0.0,97,Mist,mist,3656
2023-03-21 16:00:00,16,No Holiday,9.5,0.0,0.0,68,Clouds,broken clouds,5439
2023-03-21 17:00:00,17,No Holiday,4.6,0.0,0.0,16,Clear,sky is clear,5545
2023-03-21 18:00:00,18,No Holiday,4.7,0.0,0.0,79,Clouds,overcast clouds,5877
2023-03-21 19:00:00,19,No Holiday,9.5,0.0,0.0,56,Clouds,few clouds,3148
2023-03-21 20:00:00,20,No Holiday,8.4,0.0,0.0,92,Thunderstorm,proximity thunderstorm,1611
2023-03-21 21:00:00,21,No Holiday,6.7,0.0,0.0,70,Mist,mist,2498
2023-03-21 22:00:00,22,No Holiday,2.1,0.0,0.0,84,Clouds,scattered clouds,785
2023-03-21 23:00:00,23,No Holiday,0.8,0.0,0.0,13,Clear,sky is clear,951
2023-03-22 00:00:00,0,No Holiday,2.3,0.0,0.0,58,Clouds,overcast clouds,759
2023-03-22 01:00:00,1,No Holiday,0.1,0.0,0.0,98,Clouds,scattered clouds,674
2023-03-22 02:00:00,2,No Holiday,-3.6,0.0,0.0,31,Clouds,few clouds,978
2023-03-22 03:00:00,3,No Holiday,2.6,0.0,0.0,49,Clouds,scattered clouds,1009
2023-03-22 04:00:00,4,No Holiday,-3.9,0.0,0.0,9,Clear,sky is clear,698
2023-03-22 05:00:00,5,No Holiday,-2.3,0.0,0.0,1,Clear,sky is clear,543
2023-03-22 06:00:00,6,No Holiday,0.2,8.05,0.0,98,Rain,light rain,712
2023-03-22 07:00:00,7,No Holiday,1.1,0.0,0.0,12,Clear,sky is clear,4271
2023-03-22 08:00:00,8,No Holiday,-0.5,0.0,2.21,86,Snow,heavy snow,3164
2023-03-22 09:00:00,9,No Holiday,0.8,0.0,0.0,18,Clear,sky is clear,4607
2023-03-22 10:00:00,10,No Holiday,2.7,0.0,0.0,91,Clouds,few clouds,3397
2023-03-22 11:00:00,11,No Holiday,4.3,0.0,0.0,57,Clouds,scattered clouds,3817
2023-03-22 12:00:00,12,No Holiday,2.4,0.0,4.83,72,Snow,heavy snow,2434
2023-03-22 13:00:00,13,No Holiday,0.7,0.0,0.0,73,Mist,mist,3259
2023-03-22 14:00:00,14,No Holiday,5.2,0.0,0.0,90,Fog,fog,3784
2023-03-22 15:00:00,15,No Holiday,7.5,0.0,0.0,72,Fog,fog,3026
2023-03-22 16:00:00,16,No Holiday,8.0,0.0,0.0,82,Fog,fog,5022
2023-03-22 17:00:00,17,No Holiday,2.6,0.0,0.0,69,Clouds,scattered clouds,5709
2023-03-22 18:00:00,18,No Holiday,6.5,0.0,0.0,62,Clouds,overcast clouds,5825
2023-03-22 19:00:00,19,No Holiday,6.2,0.0,0.0,41,Clouds,broken clouds,2689
2023-03-22 20:00:00,20,No Holiday,-2.0,0.0,0.0,9,Clear,sky is clear,3022
2023-03-22 21:00:00,21,No Holiday,3.0,0.0,0.0,2,Clear,sky is clear,2727
2023-03-22 22:00:00,22,No Holiday,-0.1,0.0,0.0,10,Clear,sky is clear,905
2023-03-22 23:00:00,23,No Holiday,-1.2,0.0,0.0,42,Clouds,scattered clouds,646
2023-03-23 00:00:00,0,No Holiday,-0.2,0.0,0.0,13,Clear,sky is clear,885
2023-03-23 01:00:00,1,No Holiday,-1.0,0.0,0.0,43,Clouds,few clouds,829
2023-03-23 02:00:00,2,No Holiday,-1.7,0.0,0.0,58,Clouds,broken clouds,690
2023-03-23 03:00:00,3,No Holiday,-2.9,0.0,0.0,18,Clear,sky is clear,868
2023-03-23 04:00:00,4,No Holiday,0.3,0.0,0.0,46,Clouds,scattered clouds,588
2023-03-23 05:00:00,5,No Holiday,-1.0,0.0,0.0,13,Clear,sky is clear,686
2023-03-23 06:00:00,6,No Holiday,1.0,0.2,0.0,93,Rain,heavy intensity rain,473
2023-03-23 07:00:00,7,No Holiday,-2.0,0.0,0.0,65,Clouds,broken clouds,4507
2023-03-23 08:00:00,8,No Holiday,1.2,0.0,0.0,85,Fog,fog,4203
2023-03-23 09:00:00,9,No Holiday,3.4,0.0,0.0,71,Clouds,overcast clouds,5103
2023-03-23 10:00:00,10,No Holiday,6.0,0.52,0.0,70,Drizzle,light intensity drizzle,3195
2023-03-23 11:00:00,11,No Holiday,5.7,0.0,0.0,98,Mist,mist,3241
2023-03-23 12:00:00,12,No Holiday,5.4,0.0,0.0,0,Clear,sky is clear,3410
2023-03-23 13:00:00,13,No Holiday,5.9,0.0,0.1,99,Snow,heavy snow,2146
2023-03-23 14:00:00,14,No Holiday,5.5,1.27,0.0,73,Rain,light rain,2948
2023-03-23 15:00:00,15,No Holiday,4.9,5.86,0.0,93,Rain,light rain,2797
2023-03-23 16:00:00,16,No Holiday,9.3,2.39,0.0,85,Rain,moderate rain,4361
2023-03-23 17:00:00,17,No Holiday,3.6,0.0,0.0,16,Clear,sky is clear,6080
2023-03-23 18:00:00,18,No Holiday,3.0,0.0,0.0,96,Mist,mist,4481
2023-03-23 19:00:00,19,No Holiday,2.9,0.0,0.0,5,Clear,sky is clear,3100
2023-03-23 20:00:00,20,No Holiday,2.7,0.0,0.0,88,Clouds,few clouds,2418
2023-03-23 21:00:00,21,No Holiday,3.4,0.0,0.0,10,Clear,sky is clear,2922
2023-03-23 22:00:00,22,No Holiday,3.3,0.0,0.0,15,Clear,sky is clear,739
2023-03-23 23:00:00,23,No Holiday,3.2,0.0,0.0,0,Clear,sky is clear,392
2023-03-24 00:00:00,0,No Holiday,1.8,0.0,0.0,51,Clouds,broken clouds,544
2023-03-24 01:00:00,1,No Holiday,-0.1,0.0,0.0,54,Clouds,broken clouds,825
2023-03-24 02:00:00,2,No Holiday,-4.0,0.0,0.0,18,Clear,sky is clear,648
2023-03-24 03:00:00,3,No Holiday,-0.4,0.0,0.0,9,Clear,sky is clear,780
2023-03-24 04:00:00,4,No Holiday,1.5,0.0,0.0,14,Clear,sky is clear,761
2023-03-24 05:00:00,5,No Holiday,4.7,0.0,0.0,92,Clouds,broken clouds,654
2023-03-24 06:00:00,6,No Holiday,-4.1,0.0,0.0,36,Clouds,overcast clouds,877
2023-03-24 07:00:00,7,No Holiday,0.0,0.0,0.0,82,Clouds,broken clouds,4920
2023-03-24 08:00:00,8,No Holiday,4.7,0.0,0.0,6,Clear,sky is clear,4979
2023-03-24 09:00:00,9,No Holiday,0.7,0.0,0.0,9,Clear,sky is clear,3891
2023-03-24 10:00:00,10,No Holiday,4.3,0.0,0.0,9,Clear,sky is clear,3412
2023-03-24 11:00:00,11,No Holiday,4.0,0.0,0.0,83,Clouds,overcast clouds,3470
2023-03-24 12:00:00,12,No Holiday,7.7,0.0,0.0,15,Clear,sky is clear,3696
2023-03-24 13:00:00,13,No Holiday,6.3,0.0,0.0,5,Clear,sky is clear,3326
2023-03-24 14:00:00,14,No Holiday,7.4,0.0,0.0,12,Clear,sky is clear,3179
2023-03-24 15:00:00,15,No Holiday,8.1,0.0,0.0,34,Clouds,scattered clouds,3379
2023-03-24 16:00:00,16,No Holiday,5.4,18.98,0.0,85,Rain,heavy intensity rain,4898
2023-03-24 17:00:00,17,No Holiday,8.1,0.0,0.0,15,Clear,sky is clear,5069
2023-03-24 18:00:00,18,No Holiday,0.9,8.95,0.0,82,Rain,heavy intensity rain,4491
2023-03-24 19:00:00,19,No Holiday,2.6,0.0,0.0,3,Clear,sky is clear,3036
2023-03-24 20:00:00,20,No Holiday,2.9,0.0,0.0,89,Clouds,overcast clouds,2920
2023-03-24 21:00:00,21,No Holiday,2.9,0.0,1.63,87,Snow,light snow,1886
2023-03-24 22:00:00,22,No Holiday,1.3,3.14,0.0,82,Rain,light rain,844
2023-03-24 23:00:00,23,No Holiday,0.6,0.0,0.0,4,Clear,sky is clear,834
2023-03-25 00:00:00,0,No Holiday,1.1,0.0,0.0,5,Clear,sky is clear,489
2023-03-25 01:00:00,1,No Holiday,2.5,0.0,0.0,0,Clear,sky is clear,564
2023-03-25 02:00:00,2,No Holiday,-2.5,0.0,0.0,9,Clear,sky is clear,425
2023-03-25 03:00:00,3,No Holiday,3.0,0.0,0.0,14,Clear,sky is clear,460
2023-03-25 04:00:00,4,No Holiday,-3.5,0.0,0.0,78,Clouds,few clouds,406
2023-03-25 05:00:00,5,No Holiday,-6.5,0.29,0.0,74,Drizzle,light intensity drizzle,366
2023-03-25 06:00:00,6,No Holiday,-0.3,0.26,0.0,83,Drizzle,light intensity drizzle,433
2023-03-25 07:00:00,7,No Holiday,-2.6,0.0,0.0,10,Clear,sky is clear,3274
2023-03-25 08:00:00,8,No Holiday,-0.1,0.0,0.0,90,Clouds,few clouds,3132
2023-03-25 09:00:00,9,No Holiday,2.2,0.61,0.0,89,Rain,light rain,2511
2023-03-25 10:00:00,10,No Holiday,5.5,0.0,0.0,96,Fog,fog,1856
2023-03-25 11:00:00,11,No Holiday,2.7,0.0,0.0,57,Clouds,overcast clouds,2050
2023-03-25 12:00:00,12,No Holiday,4.4,6.77,0.0,82,Rain,moderate rain,2220
2023-03-25 13:00:00,13,No Holiday,4.5,0.0,0.0,10,Clear,sky is clear,2591
2023-03-25 14:00:00,14,No Holiday,8.9,0.0,0.0,2,Clear,sky is clear,2850
2023-03-25 15:00:00,15,No Holiday,8.4,0.0,0.0,4,Clear,sky is clear,2595
2023-03-25 16:00:00,16,No Holiday,7.6,0.0,0.0,2,Clear,sky is clear,4201
2023-03-25 17:00:00,17,No Holiday,3.4,0.0,0.0,74,Fog,fog,3603
2023-03-25 18:00:00,18,No Holiday,9.2,0.0,0.0,37,Clouds,broken clouds,3521
2023-03-25 19:00:00,19,No Holiday,1.5,0.0,0.0,62,Clouds,broken clouds,1885
2023-03-25 20:00:00,20,No Holiday,5.9,0.0,0.0,30,Clouds,broken clouds,1793
2023-03-25 21:00:00,21,No Holiday,2.2,0.0,0.0,17,Clear,sky is clear,1752
2023-03-25 22:00:00,22,No Holiday,0.5,0.0,0.0,15,Clear,sky is clear,390
2023-03-25 23:00:00,23,No Holiday,-1.8,0.0,0.0,17,Clear,sky is clear,470
2023-03-26 00:00:00,0,No Holiday,-1.8,0.0,0.0,51,Clouds,overcast clouds,442
2023-03-26 01:00:00,1,No Holiday,0.4,0.0,0.0,47,Clouds,scattered clouds,570
2023-03-26 02:00:00,2,No Holiday,-4.3,0.0,0.0,9,Clear,sky is clear,392
2023-03-26 03:00:00,3,No Holiday,-2.6,0.0,0.0,6,Clear,sky is clear,316
2023-03-26 04:00:00,4,No Holiday,-2.7,0.0,0.0,34,Clouds,few clouds,523
2023-03-26 05:00:00,5,No Holiday,-2.2,0.0,0.42,97,Snow,light snow,287
2023-03-26 06:00:00,6,No Holiday,0.6,0.0,1.75,75,Snow,light snow,315
2023-03-26 07:00:00,7,No Holiday,-2.8,0.0,0.0,42,Clouds,few clouds,3008
2023-03-26 08:00:00,8,No Holiday,3.7,0.66,0.0,73,Rain,moderate rain,2396
2023-03-26 09:00:00,9,No Holiday,0.3,0.0,0.0,95,Clouds,broken clouds,3049
2023-03-26 10:00:00,10,No Holiday,1.0,0.0,0.0,2,Clear,sky is clear,2431
2023-03-26 11:00:00,11,No Holiday,4.9,1.65,0.0,86,Rain,heavy intensity rain,2109
2023-03-26 12:00:00,12,No Holiday,4.0,0.0,0.0,50,Clouds,scattered clouds,2783
2023-03-26 13:00:00,13,No Holiday,8.3,0.0,0.0,90,Thunderstorm,thunderstorm with light rain,1603
2023-03-26 14:00:00,14,No Holiday,8.6,0.53,0.0,84,Drizzle,light intensity drizzle,2933
2023-03-26 15:00:00,15,No Holiday,11.9,0.0,0.0,97,Fog,fog,2663
2023-03-26 16:00:00,16,No Holiday,5.0,0.0,0.0,72,Mist,mist,3492
2023-03-26 17:00:00,17,No Holiday,7.4,1.81,0.0,88,Rain,heavy intensity rain,3474
2023-03-26 18:00:00,18,No Holiday,3.1,0.0,0.0,1,Clear,sky is clear,3428
2023-03-26 19:00:00,19,No Holiday,0.4,0.0,0.0,33,Clouds,few clouds,1832
2023-03-26 20:00:00,20,No Holiday,5.4,0.0,0.0,76,Clouds,scattered clouds,1748
2023-03-26 21:00:00,21,No Holiday,4.7,0.49,0.0,82,Drizzle,light intensity drizzle,1558
2023-03-26 22:00:00,22,No Holiday,3.7,0.0,0.0,18,Clear,sky is clear,383
2023-03-26 23:00:00,23,No Holiday,2.0,0.0,0.0,62,Clouds,overcast clouds,373
2023-03-27 00:00:00,0,No Holiday,-0.3,0.0,0.0,43,Clouds,broken clouds,486
2023-03-27 01:00:00,1,No Holiday,-5.1,0.0,0.0,38,Clouds,scattered clouds,568
2023-03-27 02:00:00,2,No Holiday,-3.3,0.0,0.0,17,Clear,sky is clear,978
2023-03-27 03:00:00,3,No Holiday,-4.5,0.0,0.0,3,Clear,sky is clear,699
2023-03-27 04:00:00,4,No Holiday,1.1,0.0,0.0,9,Clear,sky is clear,781
2023-03-27 05:00:00,5,No Holiday,1.0,0.0,0.0,7,Clear,sky is clear,835
2023-03-27 06:00:00,6,No Holiday,-1.5,0.0,0.0,11,Clear,sky is clear,621
2023-03-27 07:00:00,7,No Holiday,1.9,0.0,0.0,4,Clear,sky is clear,4653
2023-03-27 08:00:00,8,No Holiday,2.7,0.0,0.0,32,Clouds,few clouds,5237
2023-03-27 09:00:00,9,No Holiday,0.2,0.0,0.0,66,Clouds,scattered clouds,5066
2023-03-27 10:00:00,10,No Holiday,0.9,0.63,0.0,81,Rain,heavy intensity rain,3354
2023-03-27 11:00:00,11,No Holiday,4.0,0.0,0.0,8,Clear,sky is clear,3464
2023-03-27 12:00:00,12,No Holiday,6.8,0.0,0.0,11,Clear,sky is clear,3533
2023-03-27 13:00:00,13,No Holiday,8.5,0.0,0.0,7,Clear,sky is clear,3713
2023-03-27 14:00:00,14,No Holiday,9.0,0.0,0.0,77,Thunderstorm,thunderstorm with light rain,2200
2023-03-27 15:00:00,15,No Holiday,5.1,0.0,0.0,18,Clear,sky is clear,3795
2023-03-27 16:00:00,16,No Holiday,8.9,0.0,0.0,3,Clear,sky is clear,6441
2023-03-27 17:00:00,17,No Holiday,3.4,0.0,0.0,79,Clouds,few clouds,4834
2023-03-27 18:00:00,18,No Holiday,4.9,0.0,0.0,0,Clear,sky is clear,5452
2023-03-27 19:00:00,19,No Holiday,3.8,0.0,0.0,19,Clear,sky is clear,2802
2023-03-27 20:00:00,20,No Holiday,5.0,0.0,0.0,65,Clouds,broken clouds,2826
2023-03-27 21:00:00,21,No Holiday,4.0,0.52,0.0,94,Drizzle,light intensity drizzle,2338
2023-03-27 22:00:00,22,No Holiday,4.3,2.25,0.0,87,Rain,moderate rain,655
2023-03-27 23:00:00,23,No Holiday,-1.5,0.0,0.13,79,Snow,heavy snow,499
2023-03-28 00:00:00,0,No Holiday,0.3,0.0,0.0,3,Clear,sky is clear,770
2023-03-28 01:00:00,1,No Holiday,0.8,2.84,0.0,85,Rain,light rain,443
2023-03-28 02:00:00,2,No Holiday,-1.0,0.0,0.0,0,Clear,sky is clear,847
2023-03-28 03:00:00,3,No Holiday,-3.5,0.0,0.0,70,Mist,mist,884
2023-03-28 04:00:00,4,No Holiday,0.2,0.0,0.0,12,Clear,sky is clear,728
2023-03-28 05:00:00,5,No Holiday,-1.5,3.87,0.0,83,Rain,heavy intensity rain,675
2023-03-28 06:00:00,6,No Holiday,1.8,0.0,0.0,0,Clear,sky is clear,547
2023-03-28 07:00:00,7,No Holiday,3.9,0.0,0.98,83,Snow,light snow,3402
2023-03-28 08:00:00,8,No Holiday,-2.7,0.0,0.0,4,Clear,sky is clear,4736
2023-03-28 09:00:00,9,No Holiday,2.6,0.0,0.0,89,Fog,fog,4745
2023-03-28 10:00:00,10,No Holiday,0.8,0.0,0.0,12,Clear,sky is clear,3799
2023-03-28 11:00:00,11,No Holiday,3.4,0.0,0.0,67,Clouds,broken clouds,3291
2023-03-28 12:00:00,12,No Holiday,6.2,0.0,0.0,10,Clear,sky is clear,3169
2023-03-28 13:00:00,13,No Holiday,6.8,0.0,0.0,98,Clouds,scattered clouds,3931
2023-03-28 14:00:00,14,No Holiday,7.8,0.0,0.0,19,Clear,sky is clear,3266
2023-03-28 15:00:00,15,No Holiday,6.9,0.0,0.0,11,Clear,sky is clear,3175
2023-03-28 16:00:00,16,No Holiday,8.3,0.0,0.0,8,Clear,sky is clear,5726
2023-03-28 17:00:00,17,No Holiday,6.9,1.17,0.0,88,Rain,light rain,4640
2023-03-28 18:00:00,18,No Holiday,6.7,0.0,0.0,2,Clear,sky is clear,5349
2023-03-28 19:00:00,19,No Holiday,5.8,0.0,0.0,18,Clear,sky is clear,2746
2023-03-28 20:00:00,20,No Holiday,1.2,0.0,0.0,11,Clear,sky is clear,2781
2023-03-28 21:00:00,21,No Holiday,-0.9,0.0,1.11,94,Snow,heavy snow,1890
2023-03-28 22:00:00,22,No Holiday,-0.3,0.0,0.0,30,Clouds,broken clouds,710
2023-03-28 23:00:00,23,No Holiday,-0.8,0.0,0.0,68,Clouds,few clouds,651
2023-03-29 00:00:00,0,No Holiday,0.7,0.0,0.0,19,Clear,sky is clear,845
2023-03-29 01:00:00,1,No Holiday,-3.1,0.0,0.0,87,Mist,mist,615
2023-03-29 02:00:00,2,No Holiday,-0.2,0.0,0.0,55,Clouds,broken clouds,274
2023-03-29 03:00:00,3,No Holiday,-2.9,0.0,0.0,9,Clear,sky is clear,623
2023-03-29 04:00:00,4,No Holiday,0.2,0.0,0.0,12,Clear,sky is clear,876
2023-03-29 05:00:00,5,No Holiday,0.4,0.0,1.02,97,Snow,heavy snow,565
2023-03-29 06:00:00,6,No Holiday,0.9,0.0,0.0,13,Clear,sky is clear,925
2023-03-29 07:00:00,7,No Holiday,0.3,0.0,0.0,2,Clear,sky is clear,4593
2023-03-29 08:00:00,8,No Holiday,-1.6,0.0,0.0,97,Clouds,broken clouds,4333
2023-03-29 09:00:00,9,No Holiday,6.1,0.0,0.0,48,Clouds,few clouds,5061
2023-03-29 10:00:00,10,No Holiday,0.9,0.0,0.0,93,Clouds,broken clouds,3629
2023-03-29 11:00:00,11,No Holiday,4.1,0.0,0.0,9,Clear,sky is clear,3830
2023-03-29 12:00:00,12,No Holiday,7.1,0.0,3.42,87,Snow,heavy snow,2444
2023-03-29 13:00:00,13,No Holiday,2.8,0.0,0.0,65,Clouds,overcast clouds,3398
2023-03-29 14:00:00,14,No Holiday,7.2,0.0,0.0,3,Clear,sky is clear,3457
2023-03-29 15:00:00,15,No Holiday,7.4,1.01,0.0,80,Rain,moderate rain,3146
2023-03-29 16:00:00,16,No Holiday,3.9,0.0,0.0,50,Clouds,few clouds,6039
2023-03-29 17:00:00,17,No Holiday,6.2,6.0,0.0,77,Rain,heavy intensity rain,4881
2023-03-29 18:00:00,18,No Holiday,3.2,0.0,0.0,51,Clouds,broken clouds,5738
2023-03-29 19:00:00,19,No Holiday,4.6,0.65,0.0,70,Drizzle,light intensity drizzle,2154
2023-03-29 20:00:00,20,No Holiday,5.7,0.0,3.83,81,Snow,heavy snow,1856
2023-03-29 21:00:00,21,No Holiday,1.4,0.0,0.0,2,Clear,sky is clear,3254
2023-03-29 22:00:00,22,No Holiday,1.6,0.0,0.0,82,Mist,mist,619
2023-03-29 23:00:00,23,No Holiday,2.3,0.0,0.0,65,Clouds,overcast clouds,687
2023-03-30 00:00:00,0,No Holiday,-5.7,6.16,0.0,74,Rain,moderate rain,437
2023-03-30 01:00:00,1,No Holiday,-3.9,0.0,0.0,12,Clear,sky is clear,767
2023-03-30 02:00:00,2,No Holiday,-0.4,5.61,0.0,88,Rain,heavy intensity rain,571
2023-03-30 03:00:00,3,No Holiday,-2.0,0.0,0.0,6,Clear,sky is clear,604
2023-03-30 04:00:00,4,No Holiday,-1.9,0.0,0.0,0,Clear,sky is clear,492
2023-03-30 05:00:00,5,No Holiday,1.6,2.37,0.0,83,Rain,moderate rain,497
2023-03-30 06:00:00,6,No Holiday,-1.5,0.0,0.0,15,Clear,sky is clear,725
2023-03-30 07:00:00,7,No Holiday,-0.6,0.0,0.0,8,Clear,sky is clear,4662
2023-03-30 08:00:00,8,No Holiday,-1.7,0.0,0.0,3,Clear,sky is clear,4632
2023-03-30 09:00:00,9,No Holiday,2.9,0.0,0.0,19,Clear,sky is clear,4813
2023-03-30 10:00:00,10,No Holiday,2.1,0.0,0.0,63,Clouds,broken clouds,3288
2023-03-30 11:00:00,11,No Holiday,3.5,0.0,0.0,14,Clear,sky is clear,3317
2023-03-30 12:00:00,12,No Holiday,3.5,0.0,0.0,17,Clear,sky is clear,3496
2023-03-30 13:00:00,13,No Holiday,6.6,0.11,0.0,71,Drizzle,light intensity drizzle,3121
2023-03-30 14:00:00,14,No Holiday,7.3,4.94,0.0,99,Rain,heavy intensity rain,3015
2023-03-30 15:00:00,15,No Holiday,8.9,0.0,0.0,93,Clouds,overcast clouds,3494
2023-03-30 16:00:00,16,No Holiday,4.9,0.0,0.0,3,Clear,sky is clear,6173
2023-03-30 17:00:00,17,No Holiday,8.2,0.0,0.0,36,Clouds,broken clouds,5549
2023-03-30 18:00:00,18,No Holiday,5.3,0.0,0.0,81,Fog,fog,4806
2023-03-30 19:00:00,19,No Holiday,3.2,0.0,0.0,87,Mist,mist,2541
2023-03-30 20:00:00,20,No Holiday,5.8,0.0,0.0,17,Clear,sky is clear,2812
2023-03-30 21:00:00,21,No Holiday,2.3,0.0,0.0,57,Clouds,overcast clouds,2537
2023-03-30 22:00:00,22,No Holiday,-1.4,0.0,0.0,16,Clear,sky is clear,634
2023-03-30 23:00:00,23,No Holiday,0.2,1.61,0.0,85,Rain,moderate rain,473
2023-03-31 00:00:00,0,No Holiday,-1.4,0.0,0.0,30,Clouds,broken clouds,703
2023-03-31 01:00:00,1,No Holiday,1.1,0.0,0.0,99,Clouds,overcast clouds,677
2023-03-31 02:00:00,2,No Holiday,0.8,0.0,0.0,67,Clouds,broken clouds,666
2023-03-31 03:00:00,3,No Holiday,0.3,0.0,0.0,46,Clouds,overcast clouds,874
2023-03-31 04:00:00,4,No Holiday,1.6,0.0,0.0,76,Clouds,broken clouds,503
2023-03-31 05:00:00,5,No Holiday,-1.1,0.0,0.0,17,Clear,sky is clear,710
2023-03-31 06:00:00,6,No Holiday,-0.3,0.0,0.0,77,Clouds,overcast clouds,638
2023-03-31 07:00:00,7,No Holiday,3.8,0.0,0.0,88,Thunderstorm,thunderstorm with light rain,2832
2023-03-31 08:00:00,8,No Holiday,3.1,0.0,0.0,80,Clouds,overcast clouds,4510
2023-03-31 09:00:00,9,No Holiday,0.7,0.0,0.0,10,Clear,sky is clear,4657
2023-03-31 10:00:00,10,No Holiday,6.2,0.0,0.0,52,Clouds,overcast clouds,3710
2023-03-31 11:00:00,11,No Holiday,5.4,0.0,0.0,99,Mist,mist,3418
2023-03-31 12:00:00,12,No Holiday,5.5,0.0,0.0,62,Clouds,few clouds,3538
2023-03-31 13:00:00,13,No Holiday,3.9,0.0,0.0,4,Clear,sky is clear,3757
2023-03-31 14:00:00,14,No Holiday,6.4,2.34,0.0,70,Rain,heavy intensity rain,3000
2023-03-31 15:00:00,15,No Holiday,6.7,0.0,0.0,14,Clear,sky is clear,3071
2023-03-31 16:00:00,16,No Holiday,9.2,0.0,0.0,47,Clouds,broken clouds,5356
2023-03-31 17:00:00,17,No Holiday,5.4,0.0,0.0,9,Clear,sky is clear,5383
2023-03-31 18:00:00,18,No Holiday,5.1,0.0,0.0,5,Clear,sky is clear,4880
2023-03-31 19:00:00,19,No Holiday,2.3,10.36,0.0,71,Rain,heavy intensity rain,2469
2023-03-31 20:00:00,20,No Holiday,1.4,0.0,0.0,9,Clear,sky is clear,2969
2023-03-31 21:00:00,21,No Holiday,3.0,0.0,0.0,13,Clear,sky is clear,2916
2023-03-31 22:00:00,22,No Holiday,3.8,0.0,0.0,40,Clouds,few clouds,874
2023-03-31 23:00:00,23,No Holiday,-4.3,0.0,0.0,9,Clear,sky is clear,598
2023-04-01 00:00:00,0,No Holiday,8.6,0.0,0.0,55,Clouds,overcast clouds,545
2023-04-01 01:00:00,1,No Holiday,5.4,0.0,0.0,87,Clouds,scattered clouds,465
2023-04-01 02:00:00,2,No Holiday,7.5,11.9,0.0,77,Rain,light rain,384
2023-04-01 03:00:00,3,No Holiday,4.2,0.0,0.0,40,Clouds,scattered clouds,439
2023-04-01 04:00:00,4,No Holiday,7.7,0.0,0.0,95,Clouds,scattered clouds,487
2023-04-01 05:00:00,5,No Holiday,7.6,0.0,0.0,51,Clouds,overcast clouds,513
2023-04-01 06:00:00,6,No Holiday,8.9,0.34,0.0,75,Rain,heavy intensity rain,325
2023-04-01 07:00:00,7,No Holiday,8.4,0.0,0.0,18,Clear,sky is clear,3038
2023-04-01 08:00:00,8,No Holiday,9.5,0.0,0.0,11,Clear,sky is clear,3085
2023-04-01 09:00:00,9,No Holiday,11.0,0.0,0.0,7,Clear,sky is clear,3070
2023-04-01 10:00:00,10,No Holiday,7.4,0.0,0.0,0,Clear,sky is clear,2702
2023-04-01 11:00:00,11,No Holiday,12.5,0.0,0.0,13,Clear,sky is clear,2056
2023-04-01 12:00:00,12,No Holiday,15.6,0.15,0.0,70,Drizzle,light intensity drizzle,2338
2023-04-01 13:00:00,13,No Holiday,13.4,0.0,0.0,99,Mist,mist,2228
2023-04-01 14:00:00,14,No Holiday,10.7,0.0,0.0,18,Clear,sky is clear,2968
2023-04-01 15:00:00,15,No Holiday,14.9,0.0,0.0,5,Clear,sky is clear,2624
2023-04-01 16:00:00,16,No Holiday,12.4,0.0,0.0,8,Clear,sky is clear,4469
2023-04-01 17:00:00,17,No Holiday,14.3,0.0,0.0,71,Mist,mist,3684
2023-04-01 18:00:00,18,No Holiday,12.2,0.0,0.0,1,Clear,sky is clear,3613
2023-04-01 19:00:00,19,No Holiday,9.2,0.0,0.0,13,Clear,sky is clear,1839
2023-04-01 20:00:00,20,No Holiday,10.5,0.0,0.0,5,Clear,sky is clear,1986
2023-04-01 21:00:00,21,No Holiday,12.4,0.0,0.0,6,Clear,sky is clear,1909
2023-04-01 22:00:00,22,No Holiday,8.0,0.0,0.0,50,Clouds,overcast clouds,564
2023-04-01 23:00:00,23,No Holiday,9.5,0.0,0.0,32,Clouds,broken clouds,430
2023-04-02 00:00:00,0,No Holiday,10.7,0.0,0.0,3,Clear,sky is clear,573
2023-04-02 01:00:00,1,No Holiday,7.7,0.73,0.0,78,Rain,moderate rain,455
2023-04-02 02:00:00,2,No Holiday,5.6,0.0,0.0,11,Clear,sky is clear,479
2023-04-02 03:00:00,3,No Holiday,10.2,0.0,0.0,80,Clouds,overcast clouds,513
2023-04-02 04:00:00,4,No Holiday,10.5,0.0,0.0,67,Clouds,overcast clouds,463
2023-04-02 05:00:00,5,No Holiday,5.0,0.0,0.0,1,Clear,sky is clear,407
2023-04-02 06:00:00,6,No Holiday,9.6,0.0,0.0,69,Clouds,broken clouds,416
2023-04-02 07:00:00,7,No Holiday,8.8,0.19,0.0,73,Rain,light rain,2664
2023-04-02 08:00:00,8,No Holiday,8.0,0.0,0.0,5,Clear,sky is clear,3167
2023-04-02 09:00:00,9,No Holiday,9.6,0.0,0.0,82,Clouds,scattered clouds,2860
2023-04-02 10:00:00,10,No Holiday,12.1,0.0,0.0,10,Clear,sky is clear,2348
2023-04-02 11:00:00,11,No Holiday,11.3,0.0,0.0,12,Clear,sky is clear,2444
2023-04-02 12:00:00,12,No Holiday,11.4,0.0,0.0,68,Clouds,overcast clouds,3016
2023-04-02 13:00:00,13,No Holiday,10.5,0.0,0.0,6,Clear,sky is clear,2962
2023-04-02 14:00:00,14,No Holiday,17.1,0.0,0.0,47,Clouds,few clouds,2542
2023-04-02 15:00:00,15,No Holiday,10.9,0.0,0.0,79,Mist,mist,2642
2023-04-02 16:00:00,16,No Holiday,13.5,0.0,0.0,5,Clear,sky is clear,4577
2023-04-02 17:00:00,17,No Holiday,13.5,0.0,0.0,68,Clouds,scattered clouds,4103
2023-04-02 18:00:00,18,No Holiday,16.7,0.0,0.0,77,Fog,fog,3271
2023-04-02 19:00:00,19,No Holiday,14.3,0.0,0.0,76,Clouds,scattered clouds,1749
2023-04-02 20:00:00,20,No Holiday,12.0,0.0,0.0,16,Clear,sky is clear,1936
2023-04-02 21:00:00,21,No Holiday,10.0,0.76,0.0,70,Drizzle,light intensity drizzle,1366
2023-04-02 22:00:00,22,No Holiday,11.0,0.0,0.0,16,Clear,sky is clear,528
2023-04-02 23:00:00,23,No Holiday,8.3,0.0,0.0,9,Clear,sky is clear,512
2023-04-03 00:00:00,0,No Holiday,10.3,0.0,0.0,1,Clear,sky is clear,812
2023-04-03 01:00:00,1,No Holiday,3.2,0.0,0.0,16,Clear,sky is clear,810
2023-04-03 02:00:00,2,No Holiday,4.7,1.51,0.0,92,Rain,light rain,623
2023-04-03 03:00:00,3,No Holiday,4.8,0.0,0.0,16,Clear,sky is clear,728
2023-04-03 04:00:00,4,No Holiday,4.9,0.0,0.0,98,Clouds,few clouds,414
2023-04-03 05:00:00,5,No Holiday,8.1,7.09,0.0,84,Rain,moderate rain,905
2023-04-03 06:00:00,6,No Holiday,8.7,0.0,0.0,59,Clouds,overcast clouds,756
2023-04-03 07:00:00,7,No Holiday,8.9,0.0,0.0,5,Clear,sky is clear,5240
2023-04-03 08:00:00,8,No Holiday,10.6,0.15,0.0,85,Drizzle,light intensity drizzle,4435
2023-04-03 09:00:00,9,No Holiday,8.8,0.0,0.0,17,Clear,sky is clear,5128
2023-04-03 10:00:00,10,No Holiday,9.2,0.0,0.0,10,Clear,sky is clear,4175
2023-04-03 11:00:00,11,No Holiday,9.8,0.0,0.0,52,Clouds,few clouds,3207
2023-04-03 12:00:00,12,No Holiday,9.9,0.0,0.0,13,Clear,sky is clear,3493
2023-04-03 13:00:00,13,No Holiday,16.4,0.0,0.0,56,Clouds,broken clouds,3033
2023-04-03 14:00:00,14,No Holiday,10.1,0.0,0.0,5,Clear,sky is clear,3697
2023-04-03 15:00:00,15,No Holiday,14.3,0.0,0.0,51,Clouds,broken clouds,3501
2023-04-03 16:00:00,16,No Holiday,17.4,0.53,0.0,73,Rain,moderate rain,5129
2023-04-03 17:00:00,17,No Holiday,13.8,0.0,0.0,6,Clear,sky is clear,5340
2023-04-03 18:00:00,18,No Holiday,12.3,0.0,0.0,5,Clear,sky is clear,6103
2023-04-03 19:00:00,19,No Holiday,12.8,0.0,0.0,80,Clouds,overcast clouds,2739
2023-04-03 20:00:00,20,No Holiday,14.5,0.0,0.0,88,Clouds,few clouds,3033
2023-04-03 21:00:00,21,No Holiday,7.9,0.0,0.0,65,Clouds,scattered clouds,2692
2023-04-03 22:00:00,22,No Holiday,6.1,0.4,0.0,87,Drizzle,light intensity drizzle,657
2023-04-03 23:00:00,23,No Holiday,5.4,0.0,0.0,83,Clouds,scattered clouds,635
2023-04-04 00:00:00,0,No Holiday,8.3,0.0,0.0,48,Clouds,broken clouds,757
2023-04-04 01:00:00,1,No Holiday,5.8,0.0,0.0,19,Clear,sky is clear,563
2023-04-04 02:00:00,2,No Holiday,3.5,0.0,0.0,87,Mist,mist,579
2023-04-04 03:00:00,3,No Holiday,5.1,0.0,0.0,7,Clear,sky is clear,540
2023-04-04 04:00:00,4,No Holiday,5.4,0.0,0.0,16,Clear,sky is clear,709
2023-04-04 05:00:00,5,No Holiday,6.7,0.0,0.0,17,Clear,sky is clear,886
2023-04-04 06:00:00,6,No Holiday,10.9,0.0,0.0,15,Clear,sky is clear,888
2023-04-04 07:00:00,7,No Holiday,5.2,0.5,0.0,96,Drizzle,light intensity drizzle,3862
2023-04-04 08:00:00,8,No Holiday,10.9,0.0,0.0,17,Clear,sky is clear,5034
2023-04-04 09:00:00,9,No Holiday,9.9,0.0,0.0,97,Fog,fog,4683
2023-04-04 10:00:00,10,No Holiday,13.1,0.0,0.0,79,Clouds,few clouds,3217
2023-04-04 11:00:00,11,No Holiday,11.9,0.0,0.0,9,Clear,sky is clear,3547
2023-04-04 12:00:00,12,No Holiday,13.3,0.0,0.0,19,Clear,sky is clear,3791
2023-04-04 13:00:00,13,No Holiday,13.8,0.0,0.0,13,Clear,sky is clear,3171
2023-04-04 14:00:00,14,No Holiday,12.6,0.0,0.0,71,Mist,mist,3211
2023-04-04 15:00:00,15,No Holiday,12.8,0.0,0.0,38,Clouds,scattered clouds,3919
2023-04-04 16:00:00,16,No Holiday,11.8,0.0,0.0,16,Clear,sky is clear,4574
2023-04-04 17:00:00,17,No Holiday,14.4,0.0,0.0,69,Clouds,broken clouds,5514
2023-04-04 18:00:00,18,No Holiday,12.4,0.32,0.0,91,Drizzle,light intensity drizzle,4191
2023-04-04 19:00:00,19,No Holiday,9.3,0.1,0.0,71,Rain,moderate rain,2367
2023-04-04 20:00:00,20,No Holiday,11.4,0.53,0.0,97,Drizzle,light intensity drizzle,2498
2023-04-04 21:00:00,21,No Holiday,9.6,0.0,0.0,18,Clear,sky is clear,2781
2023-04-04 22:00:00,22,No Holiday,10.3,0.0,0.0,76,Clouds,overcast clouds,1031
2023-04-04 23:00:00,23,No Holiday,10.2,0.0,0.0,13,Clear,sky is clear,577
2023-04-05 00:00:00,0,No Holiday,8.1,0.0,0.0,61,Clouds,broken clouds,678
2023-04-05 01:00:00,1,No Holiday,6.3,0.0,0.0,19,Clear,sky is clear,755
2023-04-05 02:00:00,2,No Holiday,6.8,0.0,0.0,7,Clear,sky is clear,801
2023-04-05 03:00:00,3,No Holiday,6.8,0.0,0.0,34,Clouds,overcast clouds,703
2023-04-05 04:00:00,4,No Holiday,4.0,0.59,0.0,93,Rain,light rain,657
2023-04-05 05:00:00,5,No Holiday,3.5,0.0,0.0,19,Clear,sky is clear,689
2023-04-05 06:00:00,6,No Holiday,7.6,0.0,0.0,6,Clear,sky is clear,608
2023-04-05 07:00:00,7,No Holiday,8.1,0.0,0.0,9,Clear,sky is clear,4408
2023-04-05 08:00:00,8,No Holiday,11.2,0.0,0.0,46,Clouds,few clouds,5428
2023-04-05 09:00:00,9,No Holiday,7.8,0.12,0.0,83,Rain,light rain,4356
2023-04-05 10:00:00,10,No Holiday,10.8,0.0,0.0,78,Clouds,few clouds,3361
2023-04-05 11:00:00,11,No Holiday,13.1,0.0,0.0,99,Clouds,few clouds,3802
2023-04-05 12:00:00,12,No Holiday,17.8,0.0,0.0,34,Clouds,scattered clouds,3387
2023-04-05 13:00:00,13,No Holiday,10.7,0.0,0.0,5,Clear,sky is clear,3424
2023-04-05 14:00:00,14,No Holiday,16.0,0.0,0.0,11,Clear,sky is clear,3644
2023-04-05 15:00:00,15,No Holiday,15.7,0.0,0.0,71,Clouds,few clouds,3501
2023-04-05 16:00:00,16,No Holiday,11.3,0.0,0.0,79,Mist,mist,5173
2023-04-05 17:00:00,17,No Holiday,15.8,0.0,0.0,4,Clear,sky is clear,5182
2023-04-05 18:00:00,18,No Holiday,14.8,0.0,0.0,6,Clear,sky is clear,5824
2023-04-05 19:00:00,19,No Holiday,9.8,0.0,0.0,39,Clouds,broken clouds,3154
2023-04-05 20:00:00,20,No Holiday,14.5,0.0,0.0,18,Clear,sky is clear,3006
2023-04-05 21:00:00,21,No Holiday,12.6,0.0,0.0,40,Clouds,few clouds,2682
2023-04-05 22:00:00,22,No Holiday,8.0,7.43,0.0,72,Rain,moderate rain,658
2023-04-05 23:00:00,23,No Holiday,9.0,0.0,0.0,33,Clouds,scattered clouds,587
2023-04-06 00:00:00,0,No Holiday,8.0,0.0,0.0,70,Clouds,overcast clouds,590
2023-04-06 01:00:00,1,No Holiday,3.4,0.0,0.0,2,Clear,sky is clear,721
2023-04-06 02:00:00,2,No Holiday,6.3,2.14,0.0,83,Rain,light rain,687
2023-04-06 03:00:00,3,No Holiday,8.8,0.0,0.0,7,Clear,sky is clear,622
2023-04-06 04:00:00,4,No Holiday,8.3,0.0,0.0,19,Clear,sky is clear,687
2023-04-06 05:00:00,5,No Holiday,7.3,0.0,0.0,43,Clouds,broken clouds,578
2023-04-06 06:00:00,6,No Holiday,7.1,3.94,0.0,98,Rain,heavy intensity rain,860
2023-04-06 07:00:00,7,No Holiday,11.5,0.0,0.0,14,Clear,sky is clear,4944
2023-04-06 08:00:00,8,No Holiday,4.8,0.0,0.0,85,Clouds,overcast clouds,5203
2023-04-06 09:00:00,9,No Holiday,8.3,0.13,0.0,82,Drizzle,light intensity drizzle,4228
2023-04-06 10:00:00,10,No Holiday,13.0,0.0,0.0,36,Clouds,scattered clouds,3604
2023-04-06 11:00:00,11,No Holiday,12.9,0.0,0.0,18,Clear,sky is clear,3437
2023-04-06 12:00:00,12,No Holiday,12.2,0.17,0.0,87,Drizzle,light intensity drizzle,3336
2023-04-06 13:00:00,13,No Holiday,13.1,0.0,0.0,73,Clouds,overcast clouds,3318
2023-04-06 14:00:00,14,No Holiday,15.3,0.0,0.0,12,Clear,sky is clear,3817
2023-04-06 15:00:00,15,No Holiday,16.5,0.0,0.0,16,Clear,sky is clear,3105
2023-04-06 16:00:00,16,No Holiday,11.6,0.82,0.0,84,Drizzle,light intensity drizzle,4747
2023-04-06 17:00:00,17,No Holiday,16.2,0.0,0.0,33,Clouds,scattered clouds,5545
2023-04-06 18:00:00,18,No Holiday,11.3,0.0,0.0,4,Clear,sky is clear,4527
2023-04-06 19:00:00,19,No Holiday,11.3,0.0,0.0,54,Clouds,overcast clouds,2729
2023-04-06 20:00:00,20,No Holiday,16.0,0.0,0.0,15,Clear,sky is clear,2778
2023-04-06 21:00:00,21,No Holiday,10.0,0.0,0.0,17,Clear,sky is clear,2744
2023-04-06 22:00:00,22,No Holiday,8.4,0.0,0.0,90,Clouds,broken clouds,879
2023-04-06 23:00:00,23,No Holiday,4.7,0.15,0.0,75,Drizzle,light intensity drizzle,849
2023-04-07 00:00:00,0,No Holiday,7.3,0.0,0.0,78,Clouds,broken clouds,671
2023-04-07 01:00:00,1,No Holiday,8.0,0.0,0.0,97,Thunderstorm,thunderstorm with light rain,396
2023-04-07 02:00:00,2,No Holiday,6.8,0.0,0.0,10,Clear,sky is clear,451
2023-04-07 03:00:00,3,No Holiday,5.4,0.95,0.0,88,Rain,moderate rain,464
2023-04-07 04:00:00,4,No Holiday,7.0,0.0,0.0,99,Fog,fog,682
2023-04-07 05:00:00,5,No Holiday,6.0,0.0,0.0,57,Clouds,broken clouds,663
2023-04-07 06:00:00,6,No Holiday,6.3,0.0,0.0,88,Fog,fog,473
2023-04-07 07:00:00,7,No Holiday,7.3,0.0,0.0,99,Clouds,overcast clouds,5018
2023-04-07 08:00:00,8,No Holiday,9.7,0.0,0.0,7,Clear,sky is clear,5264
2023-04-07 09:00:00,9,No Holiday,6.9,2.38,0.0,78,Rain,heavy intensity rain,4344
2023-04-07 10:00:00,10,No Holiday,11.7,3.5,0.0,74,Rain,heavy intensity rain,2817
2023-04-07 11:00:00,11,No Holiday,12.8,0.0,0.0,48,Clouds,overcast clouds,3099
2023-04-07 12:00:00,12,No Holiday,12.2,0.68,0.0,72,Drizzle,light intensity drizzle,3050
2023-04-07 13:00:00,13,No Holiday,13.1,0.0,0.0,94,Mist,mist,3149
2023-04-07 14:00:00,14,No Holiday,15.0,0.0,0.0,89,Fog,fog,3137
2023-04-07 15:00:00,15,No Holiday,14.2,0.0,0.0,17,Clear,sky is clear,3479
2023-04-07 16:00:00,16,No Holiday,14.1,0.0,0.0,2,Clear,sky is clear,5264
2023-04-07 17:00:00,17,No Holiday,18.2,0.0,0.0,0,Clear,sky is clear,4910
2023-04-07 18:00:00,18,No Holiday,16.0,2.34,0.0,81,Rain,moderate rain,4571
2023-04-07 19:00:00,19,No Holiday,15.5,0.0,0.0,93,Fog,fog,2698
2023-04-07 20:00:00,20,No Holiday,10.9,0.0,0.0,4,Clear,sky is clear,2937
2023-04-07 21:00:00,21,No Holiday,7.2,0.0,0.0,17,Clear,sky is clear,2459
2023-04-07 22:00:00,22,No Holiday,9.5,0.0,0.0,85,Mist,mist,869
2023-04-07 23:00:00,23,No Holiday,9.3,0.0,0.0,16,Clear,sky is clear,722
2023-04-08 00:00:00,0,No Holiday,6.6,0.12,0.0,84,Rain,moderate rain,417
2023-04-08 01:00:00,1,No Holiday,6.8,0.0,0.0,50,Clouds,overcast clouds,250
2023-04-08 02:00:00,2,No Holiday,5.7,0.0,0.0,13,Clear,sky is clear,526
2023-04-08 03:00:00,3,No Holiday,9.3,0.0,0.0,11,Clear,sky is clear,486
2023-04-08 04:00:00,4,No Holiday,5.7,0.0,0.0,65,Clouds,few clouds,340
2023-04-08 05:00:00,5,No Holiday,9.6,0.0,0.0,7,Clear,sky is clear,438
2023-04-08 06:00:00,6,No Holiday,9.4,0.0,0.0,75,Clouds,scattered clouds,539
2023-04-08 07:00:00,7,No Holiday,8.4,0.63,0.0,74,Drizzle,light intensity drizzle,2495
2023-04-08 08:00:00,8,No Holiday,10.2,8.71,0.0,72,Rain,light rain,2681
2023-04-08 09:00:00,9,No Holiday,10.3,0.0,0.0,77,Clouds,scattered clouds,3076
2023-04-08 10:00:00,10,No Holiday,8.7,0.0,0.0,4,Clear,sky is clear,2369
2023-04-08 11:00:00,11,No Holiday,9.5,1.88,0.0,82,Rain,light rain,1961
2023-04-08 12:00:00,12,No Holiday,16.0,0.0,0.0,18,Clear,sky is clear,2653
2023-04-08 13:00:00,13,No Holiday,12.9,0.0,0.0,90,Mist,mist,2529
2023-04-08 14:00:00,14,No Holiday,13.2,0.0,0.0,94,Clouds,scattered clouds,2953
2023-04-08 15:00:00,15,No Holiday,12.5,0.0,0.0,5,Clear,sky is clear,2916
2023-04-08 16:00:00,16,No Holiday,11.5,0.0,0.0,9,Clear,sky is clear,4273
2023-04-08 17:00:00,17,No Holiday,12.7,0.0,0.0,13,Clear,sky is clear,4287
2023-04-08 18:00:00,18,No Holiday,8.6,4.18,0.0,85,Rain,heavy intensity rain,3004
2023-04-08 19:00:00,19,No Holiday,8.8,0.0,0.0,15,Clear,sky is clear,1992
2023-04-08 20:00:00,20,No Holiday,8.7,2.72,0.0,86,Rain,moderate rain,1651
2023-04-08 21:00:00,21,No Holiday,10.3,0.0,0.0,72,Mist,mist,1587
2023-04-08 22:00:00,22,No Holiday,7.5,0.0,0.0,80,Clouds,broken clouds,567
2023-04-08 23:00:00,23,No Holiday,6.3,7.19,0.0,79,Rain,heavy intensity rain,398
2023-04-09 00:00:00,0,No Holiday,11.3,0.0,0.0,10,Clear,sky is clear,587
2023-04-09 01:00:00,1,No Holiday,6.6,0.0,0.0,18,Clear,sky is clear,468
2023-04-09 02:00:00,2,No Holiday,7.2,0.0,0.0,37,Clouds,scattered clouds,340
2023-04-09 03:00:00,3,No Holiday,3.7,0.0,0.0,84,Clouds,scattered clouds,382
2023-04-09 04:00:00,4,No Holiday,8.6,0.0,0.0,15,Clear,sky is clear,613
2023-04-09 05:00:00,5,No Holiday,6.9,0.0,0.0,14,Clear,sky is clear,397
2023-04-09 06:00:00,6,No Holiday,6.2,0.0,0.0,47,Clouds,broken clouds,547
2023-04-09 07:00:00,7,No Holiday,6.9,0.0,0.0,75,Clouds,scattered clouds,2857
2023-04-09 08:00:00,8,No Holiday,8.9,0.0,0.0,15,Clear,sky is clear,3085
2023-04-09 09:00:00,9,No Holiday,9.0,0.0,0.0,15,Clear,sky is clear,3283
2023-04-09 10:00:00,10,No Holiday,9.5,0.0,0.0,90,Clouds,few clouds,2576
2023-04-09 11:00:00,11,No Holiday,14.8,0.0,0.0,77,Mist,mist,2014
2023-04-09 12:00:00,12,No Holiday,11.0,0.78,0.0,84,Rain,moderate rain,2223
2023-04-09 13:00:00,13,No Holiday,10.3,0.0,0.0,88,Clouds,few clouds,2569
2023-04-09 14:00:00,14,No Holiday,12.9,0.0,0.0,40,Clouds,overcast clouds,2741
2023-04-09 15:00:00,15,No Holiday,18.0,0.0,0.0,4,Clear,sky is clear,2829
2023-04-09 16:00:00,16,No Holiday,10.3,0.0,0.0,67,Clouds,few clouds,4483
2023-04-09 17:00:00,17,No Holiday,9.2,0.0,0.0,5,Clear,sky is clear,4111
2023-04-09 18:00:00,18,No Holiday,13.6,0.0,0.0,93,Thunderstorm,thunderstorm with light rain,2117
2023-04-09 19:00:00,19,No Holiday,8.1,0.09,0.0,77,Rain,light rain,1718
2023-04-09 20:00:00,20,No Holiday,12.8,0.0,0.0,65,Clouds,broken clouds,1619
2023-04-09 21:00:00,21,No Holiday,10.6,0.0,0.0,15,Clear,sky is clear,1911
2023-04-09 22:00:00,22,No Holiday,7.6,0.0,0.0,11,Clear,sky is clear,410
2023-04-09 23:00:00,23,No Holiday,5.6,0.0,0.0,98,Mist,mist,488
2023-04-10 00:00:00,0,No Holiday,8.6,0.18,0.0,87,Rain,moderate rain,413
2023-04-10 01:00:00,1,No Holiday,5.1,0.0,0.0,82,Clouds,scattered clouds,407
2023-04-10 02:00:00,2,No Holiday,7.3,0.0,0.0,93,Clouds,broken clouds,417
2023-04-10 03:00:00,3,No Holiday,7.8,0.0,0.0,0,Clear,sky is clear,624
2023-04-10 04:00:00,4,No Holiday,4.5,0.0,0.0,7,Clear,sky is clear,652
2023-04-10 05:00:00,5,No Holiday,7.4,0.0,0.0,7,Clear,sky is clear,587
2023-04-10 06:00:00,6,No Holiday,0.9,0.95,0.0,87,Drizzle,light intensity drizzle,721
2023-04-10 07:00:00,7,No Holiday,9.7,0.0,0.0,16,Clear,sky is clear,5168
2023-04-10 08:00:00,8,No Holiday,10.0,0.0,0.0,4,Clear,sky is clear,4915
2023-04-10 09:00:00,9,No Holiday,8.0,0.07,0.0,72,Rain,moderate rain,4325
2023-04-10 10:00:00,10,No Holiday,12.8,0.0,0.0,70,Fog,fog,2966
2023-04-10 11:00:00,11,No Holiday,12.5,0.0,0.0,17,Clear,sky is clear,3197
2023-04-10 12:00:00,12,No Holiday,12.3,0.0,0.0,7,Clear,sky is clear,3763
2023-04-10 13:00:00,13,No Holiday,17.1,7.57,0.0,72,Rain,heavy intensity rain,3098
2023-04-10 14:00:00,14,No Holiday,16.2,0.0,0.0,94,Clouds,few clouds,3446
2023-04-10 15:00:00,15,No Holiday,17.4,0.0,0.0,14,Clear,sky is clear,3233
2023-04-10 16:00:00,16,No Holiday,13.6,0.0,0.0,3,Clear,sky is clear,5379
2023-04-10 17:00:00,17,No Holiday,12.1,0.0,0.0,14,Clear,sky is clear,5865
2023-04-10 18:00:00,18,No Holiday,13.1,0.0,0.0,16,Clear,sky is clear,5104
2023-04-10 19:00:00,19,No Holiday,13.5,0.0,0.0,78,Clouds,overcast clouds,2673
2023-04-10 20:00:00,20,No Holiday,11.4,0.0,0.0,73,Clouds,scattered clouds,2769
2023-04-10 21:00:00,21,No Holiday,6.9,0.0,0.0,18,Clear,sky is clear,2608
2023-04-10 22:00:00,22,No Holiday,7.2,0.0,0.0,3,Clear,sky is clear,896
2023-04-10 23:00:00,23,No Holiday,8.7,0.0,0.0,11,Clear,sky is clear,693
2023-04-11 00:00:00,0,No Holiday,11.3,0.0,0.0,2,Clear,sky is clear,574
2023-04-11 01:00:00,1,No Holiday,5.8,0.0,0.0,76,Mist,mist,411
2023-04-11 02:00:00,2,No Holiday,8.2,0.0,0.0,44,Clouds,overcast clouds,681
2023-04-11 03:00:00,3,No Holiday,3.4,0.0,0.0,70,Clouds,broken clouds,756
2023-04-11 04:00:00,4,No Holiday,4.2,0.0,0.0,13,Clear,sky is clear,662
2023-04-11 05:00:00,5,No Holiday,6.2,0.0,0.0,6,Clear,sky is clear,569
2023-04-11 06:00:00,6,No Holiday,10.8,0.0,0.0,2,Clear,sky is clear,930
2023-04-11 07:00:00,7,No Holiday,5.9,0.0,0.0,89,Fog,fog,4659
2023-04-11 08:00:00,8,No Holiday,8.0,0.0,0.0,97,Clouds,few clouds,4870
2023-04-11 09:00:00,9,No Holiday,7.9,0.0,0.0,70,Clouds,overcast clouds,5237
2023-04-11 10:00:00,10,No Holiday,11.0,5.45,0.0,71,Rain,moderate rain,3167
2023-04-11 11:00:00,11,No Holiday,13.4,0.0,0.0,18,Clear,sky is clear,3428
2023-04-11 12:00:00,12,No Holiday,14.5,0.0,0.0,96,Clouds,broken clouds,4017
2023-04-11 13:00:00,13,No Holiday,15.8,0.0,0.0,6,Clear,sky is clear,3405
2023-04-11 14:00:00,14,No Holiday,8.6,0.0,0.0,49,Clouds,overcast clouds,3714
2023-04-11 15:00:00,15,No Holiday,13.7,0.0,0.0,68,Clouds,few clouds,3111
2023-04-11 16:00:00,16,No Holiday,14.3,0.0,0.0,16,Clear,sky is clear,5156
2023-04-11 17:00:00,17,No Holiday,11.2,0.0,0.0,77,Clouds,scattered clouds,5706
2023-04-11 18:00:00,18,No Holiday,15.2,0.0,0.0,8,Clear,sky is clear,5278
2023-04-11 19:00:00,19,No Holiday,15.5,0.0,0.0,12,Clear,sky is clear,2685
2023-04-11 20:00:00,20,No Holiday,9.1,0.0,0.0,14,Clear,sky is clear,2838
2023-04-11 21:00:00,21,No Holiday,14.1,0.0,0.0,2,Clear,sky is clear,3109
2023-04-11 22:00:00,22,No Holiday,6.7,0.0,0.0,58,Clouds,overcast clouds,821
2023-04-11 23:00:00,23,No Holiday,9.9,0.82,0.0,80,Drizzle,light intensity drizzle,763
2023-04-12 00:00:00,0,No Holiday,11.2,0.0,0.0,0,Clear,sky is clear,999
2023-04-12 01:00:00,1,No Holiday,6.3,0.0,0.0,44,Clouds,few clouds,552
2023-04-12 02:00:00,2,No Holiday,7.2,7.44,0.0,95,Rain,moderate rain,348
2023-04-12 03:00:00,3,No Holiday,3.5,0.0,0.0,1,Clear,sky is clear,516
2023-04-12 04:00:00,4,No Holiday,5.8,0.0,0.0,13,Clear,sky is clear,790
2023-04-12 05:00:00,5,No Holiday,3.7,0.0,0.0,4,Clear,sky is clear,918
2023-04-12 06:00:00,6,No Holiday,8.0,0.0,0.0,15,Clear,sky is clear,825
2023-04-12 07:00:00,7,No Holiday,9.3,0.0,0.0,7,Clear,sky is clear,5069
2023-04-12 08:00:00,8,No Holiday,9.9,0.28,0.0,79,Drizzle,light intensity drizzle,3815
2023-04-12 09:00:00,9,No Holiday,9.4,1.98,0.0,93,Rain,moderate rain,3970
2023-04-12 10:00:00,10,No Holiday,12.7,0.0,0.0,9,Clear,sky is clear,3630
2023-04-12 11:00:00,11,No Holiday,11.9,0.0,0.0,15,Clear,sky is clear,3305
2023-04-12 12:00:00,12,No Holiday,13.2,0.0,0.0,74,Clouds,few clouds,3769
2023-04-12 13:00:00,13,No Holiday,16.6,0.0,0.0,79,Clouds,few clouds,3445
2023-04-12 14:00:00,14,No Holiday,13.6,0.0,0.0,8,Clear,sky is clear,2971
2023-04-12 15:00:00,15,No Holiday,15.1,0.0,0.0,72,Clouds,overcast clouds,3405
2023-04-12 16:00:00,16,No Holiday,12.0,1.84,0.0,86,Rain,moderate rain,4749
2023-04-12 17:00:00,17,No Holiday,13.0,0.34,0.0,98,Rain,heavy intensity rain,4604
2023-04-12 18:00:00,18,No Holiday,13.3,0.72,0.0,76,Rain,moderate rain,4927
2023-04-12 19:00:00,19,No Holiday,14.6,0.0,0.0,81,Clouds,broken clouds,2643
2023-04-12 20:00:00,20,No Holiday,12.8,0.0,0.0,58,Clouds,overcast clouds,2721
2023-04-12 21:00:00,21,No Holiday,9.9,0.0,0.0,93,Clouds,few clouds,2837
2023-04-12 22:00:00,22,No Holiday,9.1,0.0,0.0,14,Clear,sky is clear,916
2023-04-12 23:00:00,23,No Holiday,8.6,0.0,0.0,8,Clear,sky is clear,676
2023-04-13 00:00:00,0,No Holiday,9.7,0.0,0.0,2,Clear,sky is clear,620
2023-04-13 01:00:00,1,No Holiday,7.0,0.61,0.0,76,Rain,heavy intensity rain,649
2023-04-13 02:00:00,2,No Holiday,5.8,0.0,0.0,92,Fog,fog,635
2023-04-13 03:00:00,3,No Holiday,2.6,0.0,0.0,6,Clear,sky is clear,759
2023-04-13 04:00:00,4,No Holiday,3.5,0.0,0.0,0,Clear,sky is clear,1048
2023-04-13 05:00:00,5,No Holiday,4.7,0.0,0.0,79,Fog,fog,394
2023-04-13 06:00:00,6,No Holiday,8.0,1.28,0.0,77,Rain,moderate rain,722
2023-04-13 07:00:00,7,No Holiday,7.5,0.0,0.0,65,Clouds,overcast clouds,5182
2023-04-13 08:00:00,8,No Holiday,6.6,0.0,0.0,18,Clear,sky is clear,5094
2023-04-13 09:00:00,9,No Holiday,8.5,0.0,0.0,3,Clear,sky is clear,4842
2023-04-13 10:00:00,10,No Holiday,9.8,0.0,0.0,8,Clear,sky is clear,3475
2023-04-13 11:00:00,11,No Holiday,13.5,0.0,0.0,95,Thunderstorm,thunderstorm with light rain,2035
2023-04-13 12:00:00,12,No Holiday,14.1,0.0,0.0,18,Clear,sky is clear,3663
2023-04-13 13:00:00,13,No Holiday,13.9,0.0,0.0,13,Clear,sky is clear,3526
2023-04-13 14:00:00,14,No Holiday,12.1,0.0,0.0,16,Clear,sky is clear,3397
2023-04-13 15:00:00,15,No Holiday,11.1,0.0,0.0,16,Clear,sky is clear,3054
2023-04-13 16:00:00,16,No Holiday,10.1,0.0,0.0,1,Clear,sky is clear,5778
2023-04-13 17:00:00,17,No Holiday,13.5,0.0,0.0,5,Clear,sky is clear,4839
2023-04-13 18:00:00,18,No Holiday,13.0,0.0,0.0,11,Clear,sky is clear,5354
2023-04-13 19:00:00,19,No Holiday,10.5,0.0,0.0,19,Clear,sky is clear,2909
2023-04-13 20:00:00,20,No Holiday,9.4,0.0,0.0,56,Clouds,overcast clouds,2557
2023-04-13 21:00:00,21,No Holiday,8.0,0.0,0.0,14,Clear,sky is clear,2798
2023-04-13 22:00:00,22,No Holiday,6.8,0.0,0.0,52,Clouds,overcast clouds,468
2023-04-13 23:00:00,23,No Holiday,6.4,0.0,0.0,13,Clear,sky is clear,606
2023-04-14 00:00:00,0,No Holiday,3.1,0.0,0.0,1,Clear,sky is clear,862
2023-04-14 01:00:00,1,No Holiday,4.4,0.0,0.0,2,Clear,sky is clear,826
2023-04-14 02:00:00,2,No Holiday,6.6,0.0,0.0,10,Clear,sky is clear,891
2023-04-14 03:00:00,3,No Holiday,4.1,0.0,0.0,17,Clear,sky is clear,801
2023-04-14 04:00:00,4,No Holiday,9.7,0.0,0.0,54,Clouds,few clouds,635
2023-04-14 05:00:00,5,No Holiday,4.5,0.0,0.0,18,Clear,sky is clear,855
2023-04-14 06:00:00,6,No Holiday,3.8,0.0,0.0,86,Thunderstorm,proximity thunderstorm,493
2023-04-14 07:00:00,7,No Holiday,11.1,0.0,0.0,94,Clouds,few clouds,4672
2023-04-14 08:00:00,8,No Holiday,8.2,0.0,0.0,1,Clear,sky is clear,5052
2023-04-14 09:00:00,9,No Holiday,13.9,0.0,0.0,12,Clear,sky is clear,4828
2023-04-14 10:00:00,10,No Holiday,11.7,0.0,0.0,46,Clouds,broken clouds,3728
2023-04-14 11:00:00,11,No Holiday,13.2,0.56,0.0,85,Drizzle,light intensity drizzle,3151
2023-04-14 12:00:00,12,No Holiday,12.3,0.0,0.0,7,Clear,sky is clear,3394
2023-04-14 13:00:00,13,No Holiday,12.9,0.0,0.0,11,Clear,sky is clear,3581
2023-04-14 14:00:00,14,No Holiday,12.5,0.73,0.0,81,Drizzle,light intensity drizzle,2857
2023-04-14 15:00:00,15,No Holiday,15.7,0.0,0.0,97,Mist,mist,3306
2023-04-14 16:00:00,16,No Holiday,11.5,0.0,0.0,46,Clouds,few clouds,5641
2023-04-14 17:00:00,17,No Holiday,15.9,0.0,0.0,73,Clouds,few clouds,5707
2023-04-14 18:00:00,18,No Holiday,11.4,0.0,0.0,13,Clear,sky is clear,5735
2023-04-14 19:00:00,19,No Holiday,12.7,0.0,0.0,3,Clear,sky is clear,2684
2023-04-14 20:00:00,20,No Holiday,13.1,0.0,0.0,37,Clouds,overcast clouds,2639
2023-04-14 21:00:00,21,No Holiday,8.9,0.0,0.0,19,Clear,sky is clear,2924
2023-04-14 22:00:00,22,No Holiday,7.2,0.0,0.0,65,Clouds,broken clouds,722
2023-04-14 23:00:00,23,No Holiday,7.4,0.0,0.0,13,Clear,sky is clear,739
2023-04-15 00:00:00,0,No Holiday,10.0,4.57,0.0,99,Rain,moderate rain,382
2023-04-15 01:00:00,1,No Holiday,6.9,0.76,0.0,77,Rain,moderate rain,326
2023-04-15 02:00:00,2,No Holiday,6.2,0.0,0.0,84,Mist,mist,404
2023-04-15 03:00:00,3,No Holiday,1.6,0.0,0.0,35,Clouds,broken clouds,497
2023-04-15 04:00:00,4,No Holiday,7.4,0.0,0.0,95,Mist,mist,389
2023-04-15 05:00:00,5,No Holiday,6.7,0.0,0.0,13,Clear,sky is clear,469
2023-04-15 06:00:00,6,No Holiday,9.5,4.4,0.0,71,Rain,light rain,351
2023-04-15 07:00:00,7,No Holiday,7.2,0.0,0.0,1,Clear,sky is clear,3180
2023-04-15 08:00:00,8,No Holiday,11.1,0.0,0.0,87,Clouds,few clouds,3313
2023-04-15 09:00:00,9,No Holiday,12.2,0.0,0.0,70,Fog,fog,2947
2023-04-15 10:00:00,10,No Holiday,10.4,0.0,0.0,19,Clear,sky is clear,2369
2023-04-15 11:00:00,11,No Holiday,9.0,0.0,0.0,6,Clear,sky is clear,2267
2023-04-15 12:00:00,12,No Holiday,16.8,0.0,0.0,93,Clouds,overcast clouds,2573
2023-04-15 13:00:00,13,No Holiday,13.0,0.0,0.0,36,Clouds,broken clouds,2420
2023-04-15 14:00:00,14,No Holiday,17.2,0.65,0.0,93,Rain,moderate rain,2284
2023-04-15 15:00:00,15,No Holiday,11.4,0.0,0.0,95,Fog,fog,2592
2023-04-15 16:00:00,16,No Holiday,14.0,0.0,0.0,5,Clear,sky is clear,4050
2023-04-15 17:00:00,17,No Holiday,12.9,0.0,0.0,82,Thunderstorm,proximity thunderstorm,2494
2023-04-15 18:00:00,18,No Holiday,12.8,0.0,0.0,2,Clear,sky is clear,3419
2023-04-15 19:00:00,19,No Holiday,13.5,0.0,0.0,98,Clouds,few clouds,1896
2023-04-15 20:00:00,20,No Holiday,10.3,0.0,0.0,13,Clear,sky is clear,1996
2023-04-15 21:00:00,21,No Holiday,9.5,0.0,0.0,19,Clear,sky is clear,1875
2023-04-15 22:00:00,22,No Holiday,6.8,0.0,0.0,13,Clear,sky is clear,412
2023-04-15 23:00:00,23,No Holiday,11.5,0.0,0.0,80,Thunderstorm,thunderstorm with light rain,295
2023-04-16 00:00:00,0,No Holiday,7.4,2.84,0.0,89,Rain,moderate rain,379
2023-04-16 01:00:00,1,No Holiday,4.6,0.0,0.0,4,Clear,sky is clear,590
2023-04-16 02:00:00,2,No Holiday,5.2,0.0,0.0,11,Clear,sky is clear,538
2023-04-16 03:00:00,3,No Holiday,7.7,0.0,0.0,1,Clear,sky is clear,374
2023-04-16 04:00:00,4,No Holiday,5.5,4.93,0.0,75,Rain,light rain,480
2023-04-16 05:00:00,5,No Holiday,7.7,0.0,0.0,19,Clear,sky is clear,559
2023-04-16 06:00:00,6,No Holiday,3.4,0.0,0.0,99,Clouds,broken clouds,593
2023-04-16 07:00:00,7,No Holiday,6.7,0.0,0.0,6,Clear,sky is clear,3430
2023-04-16 08:00:00,8,No Holiday,8.2,0.0,0.0,94,Fog,fog,3003
2023-04-16 09:00:00,9,No Holiday,11.9,0.0,0.0,44,Clouds,few clouds,3140
2023-04-16 10:00:00,10,No Holiday,14.0,0.0,0.0,0,Clear,sky is clear,2296
2023-04-16 11:00:00,11,No Holiday,13.5,0.76,0.0,78,Rain,light rain,1954
2023-04-16 12:00:00,12,No Holiday,15.7,0.88,0.0,75,Rain,light rain,2083
2023-04-16 13:00:00,13,No Holiday,10.1,0.0,0.0,0,Clear,sky is clear,3138
2023-04-16 14:00:00,14,No Holiday,16.3,0.0,0.0,77,Clouds,broken clouds,2583
2023-04-16 15:00:00,15,No Holiday,15.9,0.58,0.0,71,Rain,heavy intensity rain,2284
2023-04-16 16:00:00,16,No Holiday,12.6,3.24,0.0,80,Rain,moderate rain,4214
2023-04-16 17:00:00,17,No Holiday,13.9,0.29,0.0,77,Rain,light rain,3696
2023-04-16 18:00:00,18,No Holiday,15.2,1.78,0.0,83,Rain,light rain,2822
2023-04-16 19:00:00,19,No Holiday,11.5,0.0,0.0,5,Clear,sky is clear,1992
2023-04-16 20:00:00,20,No Holiday,8.2,0.0,0.0,2,Clear,sky is clear,1867
2023-04-16 21:00:00,21,No Holiday,11.2,0.0,0.0,32,Clouds,overcast clouds,1846
2023-04-16 22:00:00,22,No Holiday,8.2,0.0,0.0,18,Clear,sky is clear,262
2023-04-16 23:00:00,23,No Holiday,7.7,0.0,0.0,89,Fog,fog,272
2023-04-17 00:00:00,0,No Holiday,7.6,0.0,0.0,7,Clear,sky is clear,498
2023-04-17 01:00:00,1,No Holiday,6.7,0.0,0.0,79,Clouds,scattered clouds,634
2023-04-17 02:00:00,2,No Holiday,7.3,0.0,0.0,0,Clear,sky is clear,618
2023-04-17 03:00:00,3,No Holiday,10.0,0.0,0.0,35,Clouds,few clouds,877
2023-04-17 04:00:00,4,No Holiday,4.7,0.52,0.0,94,Rain,light rain,762
2023-04-17 05:00:00,5,No Holiday,8.0,0.0,0.0,17,Clear,sky is clear,657
2023-04-17 06:00:00,6,No Holiday,5.9,0.88,0.0,90,Rain,moderate rain,743
2023-04-17 07:00:00,7,No Holiday,9.2,0.0,0.0,9,Clear,sky is clear,4894
2023-04-17 08:00:00,8,No Holiday,11.8,5.25,0.0,80,Rain,heavy intensity rain,4191
2023-04-17 09:00:00,9,No Holiday,14.5,0.39,0.0,72,Drizzle,light intensity drizzle,3936
2023-04-17 10:00:00,10,No Holiday,11.9,0.0,0.0,85,Clouds,overcast clouds,3140
2023-04-17 11:00:00,11,No Holiday,13.1,0.0,0.0,1,Clear,sky is clear,3801
2023-04-17 12:00:00,12,No Holiday,15.3,0.0,0.0,96,Clouds,few clouds,3323
2023-04-17 13:00:00,13,No Holiday,13.8,0.0,0.0,50,Clouds,scattered clouds,3281
2023-04-17 14:00:00,14,No Holiday,13.4,0.0,0.0,16,Clear,sky is clear,3141
2023-04-17 15:00:00,15,No Holiday,15.4,0.0,0.0,50,Clouds,overcast clouds,3713
2023-04-17 16:00:00,16,No Holiday,12.7,0.0,0.0,1,Clear,sky is clear,5619
2023-04-17 17:00:00,17,No Holiday,13.1,0.0,0.0,17,Clear,sky is clear,5149
2023-04-17 18:00:00,18,No Holiday,14.4,0.0,0.0,3,Clear,sky is clear,6148
2023-04-17 19:00:00,19,No Holiday,14.0,0.81,0.0,87,Rain,light rain,2520
2023-04-17 20:00:00,20,No Holiday,12.8,0.0,0.0,15,Clear,sky is clear,2738
2023-04-17 21:00:00,21,No Holiday,9.2,0.0,0.0,84,Clouds,scattered clouds,2881
2023-04-17 22:00:00,22,No Holiday,7.0,0.0,0.0,18,Clear,sky is clear,694
2023-04-17 23:00:00,23,No Holiday,5.5,3.03,0.0,70,Rain,light rain,885
2023-04-18 00:00:00,0,No Holiday,8.8,0.55,0.0,82,Drizzle,light intensity drizzle,611
2023-04-18 01:00:00,1,No Holiday,7.3,0.0,0.0,12,Clear,sky is clear,624
2023-04-18 02:00:00,2,No Holiday,7.6,0.0,0.0,2,Clear,sky is clear,839
2023-04-18 03:00:00,3,No Holiday,8.3,0.0,0.0,79,Clouds,scattered clouds,710
2023-04-18 04:00:00,4,No Holiday,2.2,0.0,0.0,5,Clear,sky is clear,787
2023-04-18 05:00:00,5,No Holiday,6.4,1.57,0.0,97,Rain,heavy intensity rain,430
2023-04-18 06:00:00,6,No Holiday,7.4,0.0,0.0,11,Clear,sky is clear,576
2023-04-18 07:00:00,7,No Holiday,6.7,0.0,0.0,10,Clear,sky is clear,4642
2023-04-18 08:00:00,8,No Holiday,8.4,0.0,0.0,76,Thunderstorm,proximity thunderstorm,3007
2023-04-18 09:00:00,9,No Holiday,9.7,0.7,0.0,70,Drizzle,light intensity drizzle,4166
2023-04-18 10:00:00,10,No Holiday,9.9,0.0,0.0,0,Clear,sky is clear,3187
2023-04-18 11:00:00,11,No Holiday,8.7,0.0,0.0,84,Clouds,broken clouds,3714
2023-04-18 12:00:00,12,No Holiday,15.7,0.0,0.0,19,Clear,sky is clear,3377
2023-04-18 13:00:00,13,No Holiday,12.0,0.0,0.0,14,Clear,sky is clear,3477
2023-04-18 14:00:00,14,No Holiday,12.0,0.0,0.0,95,Fog,fog,3282
2023-04-18 15:00:00,15,No Holiday,14.2,0.0,0.0,80,Clouds,overcast clouds,3527
2023-04-18 16:00:00,16,No Holiday,15.3,0.0,0.0,68,Clouds,overcast clouds,5094
2023-04-18 17:00:00,17,No Holiday,14.4,0.21,0.0,72,Rain,moderate rain,4339
2023-04-18 18:00:00,18,No Holiday,12.4,0.0,0.0,96,Clouds,overcast clouds,5722
2023-04-18 19:00:00,19,No Holiday,6.4,0.29,0.0,96,Drizzle,light intensity drizzle,2436
2023-04-18 20:00:00,20,No Holiday,7.5,0.0,0.0,73,Clouds,broken clouds,3002
2023-04-18 21:00:00,21,No Holiday,10.1,0.26,0.0,90,Drizzle,light intensity drizzle,2150
2023-04-18 22:00:00,22,No Holiday,7.6,0.0,0.0,9,Clear,sky is clear,367
2023-04-18 23:00:00,23,No Holiday,8.9,0.0,0.0,7,Clear,sky is clear,690
2023-04-19 00:00:00,0,No Holiday,6.0,0.0,0.0,18,Clear,sky is clear,729
2023-04-19 01:00:00,1,No Holiday,7.4,0.0,0.0,91,Thunderstorm,proximity thunderstorm,309
2023-04-19 02:00:00,2,No Holiday,5.9,0.0,0.0,6,Clear,sky is clear,753
2023-04-19 03:00:00,3,No Holiday,4.0,0.41,0.0,92,Drizzle,light intensity drizzle,699
2023-04-19 04:00:00,4,No Holiday,8.7,0.0,0.0,62,Clouds,overcast clouds,513
2023-04-19 05:00:00,5,No Holiday,7.4,0.0,0.0,8,Clear,sky is clear,626
2023-04-19 06:00:00,6,No Holiday,7.7,0.55,0.0,71,Drizzle,light intensity drizzle,417
2023-04-19 07:00:00,7,No Holiday,9.1,0.0,0.0,7,Clear,sky is clear,4995
2023-04-19 08:00:00,8,No Holiday,8.3,0.0,0.0,19,Clear,sky is clear,5229
2023-04-19 09:00:00,9,No Holiday,10.3,0.0,0.0,0,Clear,sky is clear,4638
2023-04-19 10:00:00,10,No Holiday,8.4,4.73,0.0,72,Rain,light rain,2885
2023-04-19 11:00:00,11,No Holiday,9.2,0.0,0.0,95,Mist,mist,3023
2023-04-19 12:00:00,12,No Holiday,13.1,0.0,0.0,68,Clouds,overcast clouds,3425
2023-04-19 13:00:00,13,No Holiday,12.7,0.0,0.0,1,Clear,sky is clear,3555
2023-04-19 14:00:00,14,No Holiday,11.0,2.87,0.0,80,Rain,light rain,3033
2023-04-19 15:00:00,15,No Holiday,14.7,0.0,0.0,11,Clear,sky is clear,3360
2023-04-19 16:00:00,16,No Holiday,11.6,0.0,0.0,77,Clouds,scattered clouds,5513
2023-04-19 17:00:00,17,No Holiday,13.9,0.0,0.0,17,Clear,sky is clear,5987
2023-04-19 18:00:00,18,No Holiday,10.1,0.0,0.0,9,Clear,sky is clear,5462
2023-04-19 19:00:00,19,No Holiday,11.5,0.23,0.0,88,Drizzle,light intensity drizzle,2527
2023-04-19 20:00:00,20,No Holiday,13.0,0.0,0.0,34,Clouds,few clouds,3023
2023-04-19 21:00:00,21,No Holiday,9.8,0.0,0.0,39,Clouds,few clouds,2563
2023-04-19 22:00:00,22,No Holiday,13.6,0.0,0.0,10,Clear,sky is clear,548
2023-04-19 23:00:00,23,No Holiday,5.8,0.0,0.0,9,Clear,sky is clear,780
2023-04-20 00:00:00,0,No Holiday,4.4,0.0,0.0,75,Thunderstorm,proximity thunderstorm,288
2023-04-20 01:00:00,1,No Holiday,5.3,0.0,0.0,60,Clouds,few clouds,642
2023-04-20 02:00:00,2,No Holiday,6.4,0.0,0.0,49,Clouds,scattered clouds,700
2023-04-20 03:00:00,3,No Holiday,6.6,0.0,0.0,17,Clear,sky is clear,759
2023-04-20 04:00:00,4,No Holiday,4.5,0.0,0.0,14,Clear,sky is clear,631
2023-04-20 05:00:00,5,No Holiday,7.8,0.93,0.0,96,Drizzle,light intensity drizzle,667
2023-04-20 06:00:00,6,No Holiday,5.1,0.0,0.0,18,Clear,sky is clear,578
2023-04-20 07:00:00,7,No Holiday,10.3,0.0,0.0,88,Clouds,scattered clouds,4568
2023-04-20 08:00:00,8,No Holiday,9.8,0.0,0.0,33,Clouds,scattered clouds,4699
2023-04-20 09:00:00,9,No Holiday,7.3,0.0,0.0,7,Clear,sky is clear,4214
2023-04-20 10:00:00,10,No Holiday,10.2,0.0,0.0,15,Clear,sky is clear,3626
2023-04-20 11:00:00,11,No Holiday,12.1,0.0,0.0,86,Clouds,scattered clouds,3400
2023-04-20 12:00:00,12,No Holiday,9.3,0.0,0.0,63,Clouds,scattered clouds,3704
2023-04-20 13:00:00,13,No Holiday,13.9,0.0,0.0,94,Fog,fog,3041
2023-04-20 14:00:00,14,No Holiday,15.0,4.11,0.0,76,Rain,heavy intensity rain,3532
2023-04-20 15:00:00,15,No Holiday,16.1,0.0,0.0,84,Clouds,overcast clouds,3191
2023-04-20 16:00:00,16,No Holiday,13.5,0.0,0.0,18,Clear,sky is clear,4866
2023-04-20 17:00:00,17,No Holiday,10.1,0.0,0.0,6,Clear,sky is clear,4943
2023-04-20 18:00:00,18,No Holiday,14.5,0.0,0.0,13,Clear,sky is clear,5499
2023-04-20 19:00:00,19,No Holiday,9.8,0.0,0.0,17,Clear,sky is clear,3143
2023-04-20 20:00:00,20,No Holiday,8.8,0.0,0.0,4,Clear,sky is clear,2651
2023-04-20 21:00:00,21,No Holiday,9.1,0.0,0.0,12,Clear,sky is clear,2831
2023-04-20 22:00:00,22,No Holiday,6.5,0.0,0.0,74,Clouds,few clouds,637
2023-04-20 23:00:00,23,No Holiday,7.7,0.0,0.0,75,Fog,fog,537
2023-04-21 00:00:00,0,No Holiday,6.3,0.0,0.0,42,Clouds,few clouds,659
2023-04-21 01:00:00,1,No Holiday,8.4,0.0,0.0,50,Clouds,few clouds,755
2023-04-21 02:00:00,2,No Holiday,8.1,0.0,0.0,71,Clouds,scattered clouds,511
2023-04-21 03:00:00,3,No Holiday,8.1,0.0,0.0,99,Mist,mist,839
2023-04-21 04:00:00,4,No Holiday,4.9,0.0,0.0,0,Clear,sky is clear,907
2023-04-21 05:00:00,5,No Holiday,6.1,0.84,0.0,86,Rain,moderate rain,723
2023-04-21 06:00:00,6,No Holiday,5.1,0.83,0.0,77,Drizzle,light intensity drizzle,646
2023-04-21 07:00:00,7,No Holiday,8.5,0.0,0.0,12,Clear,sky is clear,4510
2023-04-21 08:00:00,8,No Holiday,9.3,0.0,0.0,18,Clear,sky is clear,4533
2023-04-21 09:00:00,9,No Holiday,11.4,0.0,0.0,4,Clear,sky is clear,4964
2023-04-21 10:00:00,10,No Holiday,12.3,0.75,0.0,77,Drizzle,light intensity drizzle,2921
2023-04-21 11:00:00,11,No Holiday,7.1,0.0,0.0,17,Clear,sky is clear,3442
2023-04-21 12:00:00,12,No Holiday,11.7,0.0,0.0,62,Clouds,overcast clouds,3950
2023-04-21 13:00:00,13,No Holiday,13.1,0.0,0.0,33,Clouds,overcast clouds,3054
2023-04-21 14:00:00,14,No Holiday,13.5,0.0,0.0,49,Clouds,few clouds,3825
2023-04-21 15:00:00,15,No Holiday,12.2,0.0,0.0,98,Mist,mist,2999
2023-04-21 16:00:00,16,No Holiday,16.5,0.0,0.0,89,Clouds,overcast clouds,5431
2023-04-21 17:00:00,17,No Holiday,14.8,0.0,0.0,72,Fog,fog,5105
2023-04-21 18:00:00,18,No Holiday,11.1,0.0,0.0,0,Clear,sky is clear,5340
2023-04-21 19:00:00,19,No Holiday,10.5,0.0,0.0,9,Clear,sky is clear,2835
2023-04-21 20:00:00,20,No Holiday,14.6,0.0,0.0,6,Clear,sky is clear,2862
2023-04-21 21:00:00,21,No Holiday,11.1,0.35,0.0,98,Drizzle,light intensity drizzle,2764
2023-04-21 22:00:00,22,No Holiday,7.8,0.0,0.0,7,Clear,sky is clear,738
2023-04-21 23:00:00,23,No Holiday,6.6,0.0,0.0,0,Clear,sky is clear,721
2023-04-22 00:00:00,0,No Holiday,3.9,0.0,0.0,2,Clear,sky is clear,458
2023-04-22 01:00:00,1,No Holiday,9.8,0.0,0.0,51,Clouds,few clouds,553
2023-04-22 02:00:00,2,No Holiday,8.1,1.65,0.0,90,Rain,moderate rain,361
2023-04-22 03:00:00,3,No Holiday,8.4,0.0,0.0,3,Clear,sky is clear,658
2023-04-22 04:00:00,4,No Holiday,8.5,0.0,0.0,13,Clear,sky is clear,380
2023-04-22 05:00:00,5,No Holiday,5.7,0.0,0.0,35,Clouds,broken clouds,423
2023-04-22 06:00:00,6,No Holiday,8.8,0.0,0.0,56,Clouds,scattered clouds,459
2023-04-22 07:00:00,7,No Holiday,6.6,0.0,0.0,38,Clouds,overcast clouds,3470
2023-04-22 08:00:00,8,No Holiday,10.5,0.0,0.0,19,Clear,sky is clear,3408
2023-04-22 09:00:00,9,No Holiday,7.0,0.0,0.0,37,Clouds,overcast clouds,2969
2023-04-22 10:00:00,10,No Holiday,12.4,0.0,0.0,88,Clouds,broken clouds,2406
2023-04-22 11:00:00,11,No Holiday,9.1,0.0,0.0,6,Clear,sky is clear,2551
2023-04-22 12:00:00,12,No Holiday,14.1,0.0,0.0,16,Clear,sky is clear,3117
2023-04-22 13:00:00,13,No Holiday,11.8,0.22,0.0,73,Rain,light rain,2411
2023-04-22 14:00:00,14,No Holiday,17.3,0.0,0.0,16,Clear,sky is clear,2741
2023-04-22 15:00:00,15,No Holiday,10.5,0.0,0.0,2,Clear,sky is clear,2854
2023-04-22 16:00:00,16,No Holiday,17.6,0.94,0.0,88,Drizzle,light intensity drizzle,3850
2023-04-22 17:00:00,17,No Holiday,14.4,0.0,0.0,80,Fog,fog,3513
2023-04-22 18:00:00,18,No Holiday,15.9,0.0,0.0,13,Clear,sky is clear,3594
2023-04-22 19:00:00,19,No Holiday,11.3,0.05,0.0,84,Rain,moderate rain,1577
2023-04-22 20:00:00,20,No Holiday,13.0,0.0,0.0,7,Clear,sky is clear,1880
2023-04-22 21:00:00,21,No Holiday,5.5,0.0,0.0,98,Clouds,few clouds,1850
2023-04-22 22:00:00,22,No Holiday,11.7,0.0,0.0,81,Clouds,overcast clouds,513
2023-04-22 23:00:00,23,No Holiday,7.7,0.0,0.0,6,Clear,sky is clear,491
2023-04-23 00:00:00,0,No Holiday,10.7,1.58,0.0,87,Rain,moderate rain,517
2023-04-23 01:00:00,1,No Holiday,7.8,0.0,0.0,76,Clouds,broken clouds,374
2023-04-23 02:00:00,2,No Holiday,6.0,0.0,0.0,43,Clouds,broken clouds,434
2023-04-23 03:00:00,3,No Holiday,9.6,0.0,0.0,78,Clouds,few clouds,391
2023-04-23 04:00:00,4,No Holiday,6.8,0.0,0.0,80,Clouds,few clouds,344
2023-04-23 05:00:00,5,No Holiday,4.9,0.0,0.0,19,Clear,sky is clear,546
2023-04-23 06:00:00,6,No Holiday,10.7,0.0,0.0,12,Clear,sky is clear,264
2023-04-23 07:00:00,7,No Holiday,9.7,0.0,0.0,5,Clear,sky is clear,3271
2023-04-23 08:00:00,8,No Holiday,8.8,2.24,0.0,73,Rain,light rain,2577
2023-04-23 09:00:00,9,No Holiday,10.2,0.48,0.0,96,Drizzle,light intensity drizzle,2716
2023-04-23 10:00:00,10,No Holiday,14.6,0.0,0.0,13,Clear,sky is clear,2056
2023-04-23 11:00:00,11,No Holiday,13.3,0.0,0.0,17,Clear,sky is clear,2302
2023-04-23 12:00:00,12,No Holiday,13.7,0.0,0.0,11,Clear,sky is clear,2985
2023-04-23 13:00:00,13,No Holiday,12.6,0.0,0.0,11,Clear,sky is clear,2513
2023-04-23 14:00:00,14,No Holiday,11.0,0.0,0.0,80,Clouds,broken clouds,2785
2023-04-23 15:00:00,15,No Holiday,17.0,0.0,0.0,18,Clear,sky is clear,2206
2023-04-23 16:00:00,16,No Holiday,11.5,0.0,0.0,30,Clouds,few clouds,4171
2023-04-23 17:00:00,17,No Holiday,13.3,0.0,0.0,36,Clouds,scattered clouds,3882
2023-04-23 18:00:00,18,No Holiday,13.0,0.0,0.0,5,Clear,sky is clear,3750
2023-04-23 19:00:00,19,No Holiday,13.0,0.0,0.0,47,Clouds,broken clouds,1978
2023-04-23 20:00:00,20,No Holiday,11.6,0.0,0.0,69,Clouds,broken clouds,1807
2023-04-23 21:00:00,21,No Holiday,9.4,0.0,0.0,32,Clouds,few clouds,1959
2023-04-23 22:00:00,22,No Holiday,8.4,0.0,0.0,0,Clear,sky is clear,574
2023-04-23 23:00:00,23,No Holiday,13.2,0.0,0.0,86,Mist,mist,536
2023-04-24 00:00:00,0,No Holiday,4.3,5.04,0.0,84,Rain,moderate rain,646
2023-04-24 01:00:00,1,No Holiday,4.5,0.0,0.0,9,Clear,sky is clear,695
2023-04-24 02:00:00,2,No Holiday,6.4,0.0,0.0,16,Clear,sky is clear,662
2023-04-24 03:00:00,3,No Holiday,6.5,0.0,0.0,5,Clear,sky is clear,1018
2023-04-24 04:00:00,4,No Holiday,0.7,0.0,0.0,32,Clouds,few clouds,629
2023-04-24 05:00:00,5,No Holiday,5.9,0.0,0.0,8,Clear,sky is clear,785
2023-04-24 06:00:00,6,No Holiday,7.7,0.0,0.0,93,Clouds,few clouds,855
2023-04-24 07:00:00,7,No Holiday,5.6,0.0,0.0,39,Clouds,few clouds,5155
2023-04-24 08:00:00,8,No Holiday,11.8,0.0,0.0,18,Clear,sky is clear,4643
2023-04-24 09:00:00,9,No Holiday,11.4,0.0,0.0,34,Clouds,few clouds,4815
2023-04-24 10:00:00,10,No Holiday,12.4,0.0,0.0,75,Clouds,overcast clouds,3472
2023-04-24 11:00:00,11,No Holiday,13.8,0.0,0.0,46,Clouds,overcast clouds,2815
2023-04-24 12:00:00,12,No Holiday,15.5,0.0,0.0,93,Clouds,scattered clouds,3450
2023-04-24 13:00:00,13,No Holiday,11.7,0.0,0.0,71,Clouds,overcast clouds,3149
2023-04-24 14:00:00,14,No Holiday,15.7,0.0,0.0,54,Clouds,overcast clouds,3517
2023-04-24 15:00:00,15,No Holiday,12.4,0.0,0.0,1,Clear,sky is clear,3723
2023-04-24 16:00:00,16,No Holiday,14.5,0.0,0.0,3,Clear,sky is clear,5312
2023-04-24 17:00:00,17,No Holiday,12.4,0.0,0.0,14,Clear,sky is clear,4752
2023-04-24 18:00:00,18,No Holiday,11.9,0.0,0.0,2,Clear,sky is clear,5580
2023-04-24 19:00:00,19,No Holiday,14.8,0.0,0.0,3,Clear,sky is clear,2969
2023-04-24 20:00:00,20,No Holiday,12.1,0.0,0.0,19,Clear,sky is clear,2646
2023-04-24 21:00:00,21,No Holiday,9.8,5.97,0.0,89,Rain,heavy intensity rain,2337
2023-04-24 22:00:00,22,No Holiday,11.0,0.0,0.0,43,Clouds,scattered clouds,594
2023-04-24 23:00:00,23,No Holiday,7.5,0.0,0.0,93,Fog,fog,524
2023-04-25 00:00:00,0,No Holiday,12.5,0.0,0.0,49,Clouds,broken clouds,601
2023-04-25 01:00:00,1,No Holiday,7.1,0.0,0.0,59,Clouds,overcast clouds,507
2023-04-25 02:00:00,2,No Holiday,8.1,0.0,0.0,49,Clouds,broken clouds,760
2023-04-25 03:00:00,3,No Holiday,6.1,0.0,0.0,80,Mist,mist,693
2023-04-25 04:00:00,4,No Holiday,10.2,0.0,0.0,11,Clear,sky is clear,839
2023-04-25 05:00:00,5,No Holiday,7.6,0.0,0.0,9,Clear,sky is clear,651
2023-04-25 06:00:00,6,No Holiday,6.8,0.0,0.0,8,Clear,sky is clear,445
2023-04-25 07:00:00,7,No Holiday,8.2,0.0,0.0,47,Clouds,overcast clouds,4719
2023-04-25 08:00:00,8,No Holiday,11.1,0.0,0.0,38,Clouds,overcast clouds,4934
2023-04-25 09:00:00,9,No Holiday,13.8,0.0,0.0,17,Clear,sky is clear,4510
2023-04-25 10:00:00,10,No Holiday,11.9,0.0,0.0,7,Clear,sky is clear,3266
2023-04-25 11:00:00,11,No Holiday,12.2,0.0,0.0,6,Clear,sky is clear,3369
2023-04-25 12:00:00,12,No Holiday,13.8,0.0,0.0,12,Clear,sky is clear,3119
2023-04-25 13:00:00,13,No Holiday,15.9,0.0,0.0,60,Clouds,broken clouds,3083
2023-04-25 14:00:00,14,No Holiday,14.4,0.0,0.0,16,Clear,sky is clear,3650
2023-04-25 15:00:00,15,No Holiday,14.4,0.66,0.0,71,Drizzle,light intensity drizzle,2791
2023-04-25 16:00:00,16,No Holiday,15.7,0.0,0.0,6,Clear,sky is clear,5016
2023-04-25 17:00:00,17,No Holiday,11.9,0.0,0.0,77,Clouds,broken clouds,5214
2023-04-25 18:00:00,18,No Holiday,11.9,0.0,0.0,5,Clear,sky is clear,5778
2023-04-25 19:00:00,19,No Holiday,9.5,0.0,0.0,12,Clear,sky is clear,2719
2023-04-25 20:00:00,20,No Holiday,11.6,0.0,0.0,1,Clear,sky is clear,2866
2023-04-25 21:00:00,21,No Holiday,9.1,0.0,0.0,1,Clear,sky is clear,2400
2023-04-25 22:00:00,22,No Holiday,10.0,0.0,0.0,9,Clear,sky is clear,797
2023-04-25 23:00:00,23,No Holiday,6.7,0.0,0.0,42,Clouds,scattered clouds,662
2023-04-26 00:00:00,0,No Holiday,4.5,0.0,0.0,84,Clouds,broken clouds,745
2023-04-26 01:00:00,1,No Holiday,5.8,0.0,0.0,8,Clear,sky is clear,718
2023-04-26 02:00:00,2,No Holiday,1.6,0.0,0.0,14,Clear,sky is clear,704
2023-04-26 03:00:00,3,No Holiday,9.5,0.0,0.0,7,Clear,sky is clear,784
2023-04-26 04:00:00,4,No Holiday,3.4,0.0,0.0,97,Clouds,scattered clouds,965
2023-04-26 05:00:00,5,No Holiday,5.0,0.0,0.0,1,Clear,sky is clear,666
2023-04-26 06:00:00,6,No Holiday,7.5,0.0,0.0,97,Clouds,few clouds,786
2023-04-26 07:00:00,7,No Holiday,6.8,0.0,0.0,17,Clear,sky is clear,4270
2023-04-26 08:00:00,8,No Holiday,13.4,0.0,0.0,14,Clear,sky is clear,4139
2023-04-26 09:00:00,9,No Holiday,10.2,0.0,0.0,80,Clouds,broken clouds,4460
2023-04-26 10:00:00,10,No Holiday,10.4,0.0,0.0,1,Clear,sky is clear,3337
2023-04-26 11:00:00,11,No Holiday,15.6,0.0,0.0,42,Clouds,broken clouds,3645
2023-04-26 12:00:00,12,No Holiday,15.0,0.0,0.0,4,Clear,sky is clear,3410
2023-04-26 13:00:00,13,No Holiday,15.2,0.27,0.0,99,Drizzle,light intensity drizzle,3541
2023-04-26 14:00:00,14,No Holiday,13.9,1.37,0.0,97,Rain,moderate rain,2779
2023-04-26 15:00:00,15,No Holiday,13.2,0.0,0.0,11,Clear,sky is clear,3761
2023-04-26 16:00:00,16,No Holiday,14.8,0.0,0.0,16,Clear,sky is clear,5166
2023-04-26 17:00:00,17,No Holiday,12.9,0.0,0.0,48,Clouds,broken clouds,5184
2023-04-26 18:00:00,18,No Holiday,14.9,0.0,0.0,12,Clear,sky is clear,5539
2023-04-26 19:00:00,19,No Holiday,12.8,0.0,0.0,17,Clear,sky is clear,3006
2023-04-26 20:00:00,20,No Holiday,7.2,0.0,0.0,44,Clouds,scattered clouds,2723
2023-04-26 21:00:00,21,No Holiday,8.0,0.0,0.0,87,Thunderstorm,proximity thunderstorm,1452
2023-04-26 22:00:00,22,No Holiday,8.7,0.0,0.0,3,Clear,sky is clear,839
2023-04-26 23:00:00,23,No Holiday,4.9,0.0,0.0,19,Clear,sky is clear,766
2023-04-27 00:00:00,0,No Holiday,7.0,0.58,0.0,71,Rain,light rain,539
2023-04-27 01:00:00,1,No Holiday,8.6,0.0,0.0,45,Clouds,scattered clouds,842
2023-04-27 02:00:00,2,No Holiday,5.1,0.0,0.0,67,Clouds,overcast clouds,1095
2023-04-27 03:00:00,3,No Holiday,3.4,0.0,0.0,3,Clear,sky is clear,645
2023-04-27 04:00:00,4,No Holiday,7.2,0.0,0.0,9,Clear,sky is clear,714
2023-04-27 05:00:00,5,No Holiday,5.5,0.0,0.0,2,Clear,sky is clear,557
2023-04-27 06:00:00,6,No Holiday,8.0,0.0,0.0,58,Clouds,few clouds,409
2023-04-27 07:00:00,7,No Holiday,7.0,0.0,0.0,19,Clear,sky is clear,4483
2023-04-27 08:00:00,8,No Holiday,9.6,0.89,0.0,93,Drizzle,light intensity drizzle,3820
2023-04-27 09:00:00,9,No Holiday,13.2,0.0,0.0,32,Clouds,broken clouds,4924
2023-04-27 10:00:00,10,No Holiday,8.9,0.75,0.0,85,Drizzle,light intensity drizzle,2929
2023-04-27 11:00:00,11,No Holiday,13.3,0.0,0.0,90,Clouds,scattered clouds,3051
2023-04-27 12:00:00,12,No Holiday,11.3,0.0,0.0,95,Clouds,scattered clouds,3283
2023-04-27 13:00:00,13,No Holiday,12.7,0.0,0.0,15,Clear,sky is clear,3493
2023-04-27 14:00:00,14,No Holiday,13.3,0.0,0.0,18,Clear,sky is clear,3401
2023-04-27 15:00:00,15,No Holiday,13.8,0.0,0.0,85,Mist,mist,2895
2023-04-27 16:00:00,16,No Holiday,11.6,0.0,0.0,87,Clouds,scattered clouds,5735
2023-04-27 17:00:00,17,No Holiday,12.6,0.0,0.0,79,Clouds,few clouds,5451
2023-04-27 18:00:00,18,No Holiday,12.5,0.0,0.0,46,Clouds,broken clouds,5840
2023-04-27 19:00:00,19,No Holiday,11.5,0.0,0.0,8,Clear,sky is clear,2900
2023-04-27 20:00:00,20,No Holiday,10.9,0.0,0.0,96,Clouds,scattered clouds,2760
2023-04-27 21:00:00,21,No Holiday,6.4,0.0,0.0,3,Clear,sky is clear,2896
2023-04-27 22:00:00,22,No Holiday,10.8,0.0,0.0,19,Clear,sky is clear,701
2023-04-27 23:00:00,23,No Holiday,5.8,0.88,0.0,96,Rain,heavy intensity rain,712
2023-04-28 00:00:00,0,No Holiday,2.2,0.0,0.0,89,Mist,mist,566
2023-04-28 01:00:00,1,No Holiday,8.6,0.0,0.0,5,Clear,sky is clear,473
2023-04-28 02:00:00,2,No Holiday,8.1,2.41,0.0,77,Rain,light rain,929
2023-04-28 03:00:00,3,No Holiday,7.4,0.0,0.0,5,Clear,sky is clear,610
2023-04-28 04:00:00,4,No Holiday,8.7,0.0,0.0,17,Clear,sky is clear,798
2023-04-28 05:00:00,5,No Holiday,5.3,0.0,0.0,88,Clouds,few clouds,735
2023-04-28 06:00:00,6,No Holiday,9.2,0.0,0.0,93,Clouds,broken clouds,895
2023-04-28 07:00:00,7,No Holiday,8.4,0.0,0.0,70,Clouds,broken clouds,4413
2023-04-28 08:00:00,8,No Holiday,6.5,0.0,0.0,76,Clouds,scattered clouds,5228
2023-04-28 09:00:00,9,No Holiday,10.7,0.0,0.0,13,Clear,sky is clear,4872
2023-04-28 10:00:00,10,No Holiday,12.4,0.0,0.0,4,Clear,sky is clear,3745
2023-04-28 11:00:00,11,No Holiday,10.4,0.89,0.0,88,Drizzle,light intensity drizzle,3063
2023-04-28 12:00:00,12,No Holiday,10.6,0.0,0.0,97,Clouds,broken clouds,3254
2023-04-28 13:00:00,13,No Holiday,11.9,0.57,0.0,83,Rain,moderate rain,3408
2023-04-28 14:00:00,14,No Holiday,12.4,0.0,0.0,82,Fog,fog,3147
2023-04-28 15:00:00,15,No Holiday,12.9,0.0,0.0,12,Clear,sky is clear,3093
2023-04-28 16:00:00,16,No Holiday,16.1,1.25,0.0,87,Rain,light rain,4545
2023-04-28 17:00:00,17,No Holiday,14.1,1.23,0.0,83,Rain,heavy intensity rain,4814
2023-04-28 18:00:00,18,No Holiday,15.6,0.0,0.0,57,Clouds,broken clouds,5327
2023-04-28 19:00:00,19,No Holiday,11.9,0.0,0.0,99,Clouds,scattered clouds,2464
2023-04-28 20:00:00,20,No Holiday,13.6,0.0,0.0,47,Clouds,few clouds,2657
2023-04-28 21:00:00,21,No Holiday,12.4,0.0,0.0,13,Clear,sky is clear,2821
2023-04-28 22:00:00,22,No Holiday,5.9,0.0,0.0,54,Clouds,few clouds,474
2023-04-28 23:00:00,23,No Holiday,8.4,0.0,0.0,13,Clear,sky is clear,852
2023-04-29 00:00:00,0,No Holiday,5.6,1.89,0.0,83,Rain,moderate rain,420
2023-04-29 01:00:00,1,No Holiday,6.5,0.0,0.0,83,Fog,fog,273
2023-04-29 02:00:00,2,No Holiday,5.1,0.0,0.0,33,Clouds,few clouds,383
2023-04-29 03:00:00,3,No Holiday,7.3,0.0,0.0,14,Clear,sky is clear,437
2023-04-29 04:00:00,4,No Holiday,4.2,0.0,0.0,97,Clouds,overcast clouds,527
2023-04-29 05:00:00,5,No Holiday,8.0,0.0,0.0,56,Clouds,scattered clouds,652
2023-04-29 06:00:00,6,No Holiday,4.9,0.0,0.0,3,Clear,sky is clear,569
2023-04-29 07:00:00,7,No Holiday,4.8,0.0,0.0,95,Fog,fog,3306
2023-04-29 08:00:00,8,No Holiday,9.3,0.0,0.0,48,Clouds,broken clouds,3204
2023-04-29 09:00:00,9,No Holiday,9.7,0.0,0.0,73,Thunderstorm,thunderstorm with light rain,1825
2023-04-29 10:00:00,10,No Holiday,10.4,0.0,0.0,6,Clear,sky is clear,2437
2023-04-29 11:00:00,11,No Holiday,11.4,0.0,0.0,71,Mist,mist,1809
2023-04-29 12:00:00,12,No Holiday,13.3,0.0,0.0,89,Mist,mist,2616
2023-04-29 13:00:00,13,No Holiday,16.2,1.07,0.0,74,Rain,heavy intensity rain,2771
2023-04-29 14:00:00,14,No Holiday,16.6,0.0,0.0,8,Clear,sky is clear,2762
2023-04-29 15:00:00,15,No Holiday,17.3,0.0,0.0,9,Clear,sky is clear,2999
2023-04-29 16:00:00,16,No Holiday,13.5,0.0,0.0,46,Clouds,scattered clouds,4061
2023-04-29 17:00:00,17,No Holiday,13.0,0.87,0.0,95,Drizzle,light intensity drizzle,3342
2023-04-29 18:00:00,18,No Holiday,14.4,0.0,0.0,15,Clear,sky is clear,3851
2023-04-29 19:00:00,19,No Holiday,15.0,0.0,0.0,2,Clear,sky is clear,1846
2023-04-29 20:00:00,20,No Holiday,12.7,0.0,0.0,31,Clouds,overcast clouds,1859
2023-04-29 21:00:00,21,No Holiday,8.5,0.0,0.0,94,Clouds,scattered clouds,1721
2023-04-29 22:00:00,22,No Holiday,4.4,0.0,0.0,39,Clouds,overcast clouds,347
2023-04-29 23:00:00,23,No Holiday,7.7,0.0,0.0,62,Clouds,broken clouds,317
2023-04-30 00:00:00,0,No Holiday,6.5,0.0,0.0,64,Clouds,scattered clouds,355
2023-04-30 01:00:00,1,No Holiday,9.6,0.0,0.0,96,Mist,mist,234
2023-04-30 02:00:00,2,No Holiday,8.7,0.0,0.0,97,Thunderstorm,thunderstorm with light rain,281
2023-04-30 03:00:00,3,No Holiday,5.0,0.0,0.0,9,Clear,sky is clear,424
2023-04-30 04:00:00,4,No Holiday,6.8,0.0,0.0,91,Clouds,overcast clouds,562
2023-04-30 05:00:00,5,No Holiday,5.4,0.0,0.0,84,Mist,mist,418
2023-04-30 06:00:00,6,No Holiday,10.1,0.0,0.0,15,Clear,sky is clear,256
2023-04-30 07:00:00,7,No Holiday,8.2,0.0,0.0,34,Clouds,overcast clouds,3298
2023-04-30 08:00:00,8,No Holiday,7.6,0.0,0.0,63,Clouds,broken clouds,3180
2023-04-30 09:00:00,9,No Holiday,9.0,0.0,0.0,18,Clear,sky is clear,2905
2023-04-30 10:00:00,10,No Holiday,15.0,0.0,0.0,66,Clouds,overcast clouds,2310
2023-04-30 11:00:00,11,No Holiday,12.8,0.0,0.0,15,Clear,sky is clear,2287
2023-04-30 12:00:00,12,No Holiday,14.5,0.0,0.0,12,Clear,sky is clear,2644
2023-04-30 13:00:00,13,No Holiday,19.1,0.0,0.0,8,Clear,sky is clear,2995
2023-04-30 14:00:00,14,No Holiday,13.3,0.6,0.0,95,Drizzle,light intensity drizzle,2317
2023-04-30 15:00:00,15,No Holiday,12.9,0.0,0.0,71,Mist,mist,2539
2023-04-30 16:00:00,16,No Holiday,14.0,1.23,0.0,93,Rain,heavy intensity rain,4000
2023-04-30 17:00:00,17,No Holiday,13.4,0.0,0.0,14,Clear,sky is clear,4609
2023-04-30 18:00:00,18,No Holiday,13.7,0.0,0.0,5,Clear,sky is clear,3264
2023-04-30 19:00:00,19,No Holiday,10.9,0.0,0.0,14,Clear,sky is clear,1959
2023-04-30 20:00:00,20,No Holiday,11.2,2.18,0.0,77,Rain,heavy intensity rain,1625
2023-04-30 21:00:00,21,No Holiday,10.3,0.0,0.0,8,Clear,sky is clear,1695
2023-04-30 22:00:00,22,No Holiday,10.4,0.0,0.0,14,Clear,sky is clear,454
2023-04-30 23:00:00,23,No Holiday,7.3,0.0,0.0,5,Clear,sky is clear,482
2023-05-01 00:00:00,0,No Holiday,12.6,0.0,0.0,96,Mist,mist,552
2023-05-01 01:00:00,1,No Holiday,13.9,0.62,0.0,73,Rain,light rain,504
2023-05-01 02:00:00,2,No Holiday,8.3,0.0,0.0,13,Clear,sky is clear,751
2023-05-01 03:00:00,3,No Holiday,12.4,0.0,0.0,13,Clear,sky is clear,611
2023-05-01 04:00:00,4,No Holiday,12.0,0.0,0.0,84,Mist,mist,726
2023-05-01 05:00:00,5,No Holiday,11.8,0.0,0.0,90,Clouds,broken clouds,660
2023-05-01 06:00:00,6,No Holiday,18.5,0.0,0.0,76,Fog,fog,717
2023-05-01 07:00:00,7,No Holiday,17.8,0.0,0.0,17,Clear,sky is clear,5070
2023-05-01 08:00:00,8,No Holiday,20.0,0.54,0.0,87,Rain,heavy intensity rain,4431
2023-05-01 09:00:00,9,No Holiday,19.5,0.0,0.0,6,Clear,sky is clear,4640
2023-05-01 10:00:00,10,No Holiday,19.6,0.0,0.0,71,Fog,fog,3365
2023-05-01 11:00:00,11,No Holiday,17.8,0.0,0.0,36,Clouds,few clouds,3495
2023-05-01 12:00:00,12,No Holiday,21.6,0.0,0.0,72,Mist,mist,2684
2023-05-01 13:00:00,13,No Holiday,21.5,0.0,0.0,86,Fog,fog,3269
2023-05-01 14:00:00,14,No Holiday,22.0,0.0,0.0,2,Clear,sky is clear,3339
2023-05-01 15:00:00,15,No Holiday,18.8,0.0,0.0,0,Clear,sky is clear,3279
2023-05-01 16:00:00,16,No Holiday,22.4,0.0,0.0,90,Fog,fog,5158
2023-05-01 17:00:00,17,No Holiday,18.8,0.0,0.0,19,Clear,sky is clear,5691
2023-05-01 18:00:00,18,No Holiday,17.8,0.0,0.0,13,Clear,sky is clear,5564
2023-05-01 19:00:00,19,No Holiday,19.6,0.09,0.0,81,Rain,moderate rain,2520
2023-05-01 20:00:00,20,No Holiday,17.9,0.0,0.0,15,Clear,sky is clear,2854
2023-05-01 21:00:00,21,No Holiday,16.1,1.56,0.0,88,Rain,heavy intensity rain,2398
2023-05-01 22:00:00,22,No Holiday,17.1,0.0,0.0,3,Clear,sky is clear,519
2023-05-01 23:00:00,23,No Holiday,19.8,0.0,0.0,3,Clear,sky is clear,675
2023-05-02 00:00:00,0,No Holiday,17.8,0.0,0.0,13,Clear,sky is clear,458
2023-05-02 01:00:00,1,No Holiday,19.6,0.0,0.0,71,Clouds,few clouds,819
2023-05-02 02:00:00,2,No Holiday,12.1,0.0,0.0,11,Clear,sky is clear,807
2023-05-02 03:00:00,3,No Holiday,9.9,0.0,0.0,18,Clear,sky is clear,715
2023-05-02 04:00:00,4,No Holiday,15.2,0.0,0.0,15,Clear,sky is clear,780
2023-05-02 05:00:00,5,No Holiday,11.7,0.0,0.0,10,Clear,sky is clear,715
2023-05-02 06:00:00,6,No Holiday,16.0,0.0,0.0,2,Clear,sky is clear,640
2023-05-02 07:00:00,7,No Holiday,21.2,0.88,0.0,93,Rain,light rain,4881
2023-05-02 08:00:00,8,No Holiday,15.4,0.0,0.0,4,Clear,sky is clear,5010
2023-05-02 09:00:00,9,No Holiday,17.3,0.0,0.0,30,Clouds,few clouds,4717
2023-05-02 10:00:00,10,No Holiday,19.3,0.0,0.0,19,Clear,sky is clear,4030
2023-05-02 11:00:00,11,No Holiday,15.2,0.0,0.0,89,Clouds,scattered clouds,3556
2023-05-02 12:00:00,12,No Holiday,20.4,0.0,0.0,34,Clouds,overcast clouds,3214
2023-05-02 13:00:00,13,No Holiday,19.4,0.0,0.0,43,Clouds,few clouds,3614
2023-05-02 14:00:00,14,No Holiday,22.6,0.0,0.0,15,Clear,sky is clear,3619
2023-05-02 15:00:00,15,No Holiday,22.0,0.0,0.0,10,Clear,sky is clear,3597
2023-05-02 16:00:00,16,No Holiday,20.7,3.19,0.0,98,Rain,light rain,4584
2023-05-02 17:00:00,17,No Holiday,16.3,0.0,0.0,88,Fog,fog,5064
2023-05-02 18:00:00,18,No Holiday,19.5,0.55,0.0,89,Rain,moderate rain,4917
2023-05-02 19:00:00,19,No Holiday,19.6,3.33,0.0,90,Rain,light rain,2291
2023-05-02 20:00:00,20,No Holiday,17.9,2.04,0.0,90,Rain,light rain,2333
2023-05-02 21:00:00,21,No Holiday,18.2,0.0,0.0,15,Clear,sky is clear,3036
2023-05-02 22:00:00,22,No Holiday,17.8,0.0,0.0,1,Clear,sky is clear,552
2023-05-02 23:00:00,23,No Holiday,16.6,4.94,0.0,96,Rain,light rain,486
2023-05-03 00:00:00,0,No Holiday,17.4,0.2,0.0,77,Rain,light rain,447
2023-05-03 01:00:00,1,No Holiday,11.9,3.5,0.0,97,Rain,heavy intensity rain,544
2023-05-03 02:00:00,2,No Holiday,14.3,0.0,0.0,8,Clear,sky is clear,606
2023-05-03 03:00:00,3,No Holiday,11.8,0.0,0.0,10,Clear,sky is clear,882
2023-05-03 04:00:00,4,No Holiday,15.0,0.0,0.0,11,Clear,sky is clear,719
2023-05-03 05:00:00,5,No Holiday,11.1,0.0,0.0,98,Clouds,scattered clouds,657
2023-05-03 06:00:00,6,No Holiday,11.8,0.0,0.0,92,Clouds,scattered clouds,715
2023-05-03 07:00:00,7,No Holiday,15.8,0.0,0.0,14,Clear,sky is clear,4867
2023-05-03 08:00:00,8,No Holiday,16.0,8.04,0.0,94,Rain,heavy intensity rain,4177
2023-05-03 09:00:00,9,No Holiday,19.3,0.0,0.0,0,Clear,sky is clear,4943
2023-05-03 10:00:00,10,No Holiday,16.0,0.0,0.0,2,Clear,sky is clear,3595
2023-05-03 11:00:00,11,No Holiday,21.1,0.0,0.0,37,Clouds,scattered clouds,3463
2023-05-03 12:00:00,12,No Holiday,20.0,0.0,0.0,17,Clear,sky is clear,3526
2023-05-03 13:00:00,13,No Holiday,23.9,0.0,0.0,91,Fog,fog,3205
2023-05-03 14:00:00,14,No Holiday,21.6,0.0,0.0,71,Clouds,few clouds,3554
2023-05-03 15:00:00,15,No Holiday,21.8,0.0,0.0,55,Clouds,broken clouds,3271
2023-05-03 16:00:00,16,No Holiday,22.0,0.0,0.0,18,Clear,sky is clear,5281
2023-05-03 17:00:00,17,No Holiday,21.8,0.0,0.0,13,Clear,sky is clear,4915
2023-05-03 18:00:00,18,No Holiday,20.0,0.53,0.0,94,Rain,moderate rain,4480
2023-05-03 19:00:00,19,No Holiday,22.4,0.0,0.0,13,Clear,sky is clear,2882
2023-05-03 20:00:00,20,No Holiday,16.3,0.0,0.0,8,Clear,sky is clear,2815
2023-05-03 21:00:00,21,No Holiday,16.4,0.0,0.0,19,Clear,sky is clear,2588
2023-05-03 22:00:00,22,No Holiday,19.3,0.0,0.0,66,Clouds,few clouds,868
2023-05-03 23:00:00,23,No Holiday,16.6,0.0,0.0,4,Clear,sky is clear,406
2023-05-04 00:00:00,0,No Holiday,11.9,0.0,0.0,79,Clouds,overcast clouds,1066
2023-05-04 01:00:00,1,No Holiday,13.7,0.0,0.0,88,Mist,mist,669
2023-05-04 02:00:00,2,No Holiday,16.9,0.0,0.0,93,Mist,mist,621
2023-05-04 03:00:00,3,No Holiday,13.1,0.0,0.0,7,Clear,sky is clear,504
2023-05-04 04:00:00,4,No Holiday,15.0,0.0,0.0,79,Clouds,overcast clouds,638
2023-05-04 05:00:00,5,No Holiday,12.9,0.0,0.0,19,Clear,sky is clear,857
2023-05-04 06:00:00,6,No Holiday,16.0,0.0,0.0,14,Clear,sky is clear,419
2023-05-04 07:00:00,7,No Holiday,17.2,0.0,0.0,46,Clouds,few clouds,4518
2023-05-04 08:00:00,8,No Holiday,16.9,0.0,0.0,7,Clear,sky is clear,5204
2023-05-04 09:00:00,9,No Holiday,19.7,0.0,0.0,37,Clouds,overcast clouds,5091
2023-05-04 10:00:00,10,No Holiday,19.8,0.0,0.0,31,Clouds,overcast clouds,3579
2023-05-04 11:00:00,11,No Holiday,17.5,0.04,0.0,87,Rain,moderate rain,2841
2023-05-04 12:00:00,12,No Holiday,21.8,0.0,0.0,10,Clear,sky is clear,3357
2023-05-04 13:00:00,13,No Holiday,18.5,0.0,0.0,51,Clouds,few clouds,3601
2023-05-04 14:00:00,14,No Holiday,19.1,0.0,0.0,5,Clear,sky is clear,3163
2023-05-04 15:00:00,15,No Holiday,21.6,0.0,0.0,4,Clear,sky is clear,3457
2023-05-04 16:00:00,16,No Holiday,19.1,0.0,0.0,95,Thunderstorm,thunderstorm with light rain,3250
2023-05-04 17:00:00,17,No Holiday,18.0,0.0,0.0,51,Clouds,scattered clouds,5325
2023-05-04 18:00:00,18,No Holiday,17.3,0.0,0.0,67,Clouds,scattered clouds,4717
2023-05-04 19:00:00,19,No Holiday,20.8,0.0,0.0,17,Clear,sky is clear,3161
2023-05-04 20:00:00,20,No Holiday,15.6,0.0,0.0,72,Clouds,scattered clouds,2865
2023-05-04 21:00:00,21,No Holiday,16.0,0.0,0.0,18,Clear,sky is clear,2713
2023-05-04 22:00:00,22,No Holiday,16.0,0.0,0.0,3,Clear,sky is clear,850
2023-05-04 23:00:00,23,No Holiday,17.3,4.93,0.0,88,Rain,moderate rain,553
2023-05-05 00:00:00,0,No Holiday,16.8,0.0,0.0,18,Clear,sky is clear,880
2023-05-05 01:00:00,1,No Holiday,14.0,0.0,0.0,86,Clouds,broken clouds,584
2023-05-05 02:00:00,2,No Holiday,13.4,0.0,0.0,11,Clear,sky is clear,721
2023-05-05 03:00:00,3,No Holiday,12.8,0.0,0.0,36,Clouds,overcast clouds,815
2023-05-05 04:00:00,4,No Holiday,12.8,0.0,0.0,5,Clear,sky is clear,663
2023-05-05 05:00:00,5,No Holiday,12.7,0.66,0.0,73,Rain,heavy intensity rain,333
2023-05-05 06:00:00,6,No Holiday,16.5,0.0,0.0,16,Clear,sky is clear,482
2023-05-05 07:00:00,7,No Holiday,9.2,0.0,0.0,62,Clouds,broken clouds,4705
2023-05-05 08:00:00,8,No Holiday,13.8,0.0,0.0,44,Clouds,overcast clouds,4977
2023-05-05 09:00:00,9,No Holiday,18.0,0.31,0.0,83,Drizzle,light intensity drizzle,3928
2023-05-05 10:00:00,10,No Holiday,17.3,0.0,0.0,98,Mist,mist,3706
2023-05-05 11:00:00,11,No Holiday,17.2,0.0,0.0,54,Clouds,overcast clouds,3519
2023-05-05 12:00:00,12,No Holiday,20.6,0.0,0.0,16,Clear,sky is clear,3782
2023-05-05 13:00:00,13,No Holiday,21.5,0.0,0.0,70,Clouds,few clouds,3744
2023-05-05 14:00:00,14,No Holiday,19.3,0.0,0.0,56,Clouds,broken clouds,3794
2023-05-05 15:00:00,15,No Holiday,19.3,7.0,0.0,79,Rain,moderate rain,2786
2023-05-05 16:00:00,16,No Holiday,18.5,0.89,0.0,78,Drizzle,light intensity drizzle,4700
2023-05-05 17:00:00,17,No Holiday,20.3,0.0,0.0,18,Clear,sky is clear,5480
2023-05-05 18:00:00,18,No Holiday,20.4,0.0,0.0,87,Clouds,broken clouds,4941
2023-05-05 19:00:00,19,No Holiday,22.1,7.48,0.0,71,Rain,moderate rain,2450
2023-05-05 20:00:00,20,No Holiday,22.1,0.0,0.0,10,Clear,sky is clear,2866
2023-05-05 21:00:00,21,No Holiday,16.6,0.0,0.0,51,Clouds,scattered clouds,3008
2023-05-05 22:00:00,22,No Holiday,17.7,0.0,0.0,43,Clouds,overcast clouds,781
2023-05-05 23:00:00,23,No Holiday,15.4,0.66,0.0,89,Rain,light rain,436
2023-05-06 00:00:00,0,No Holiday,17.5,0.0,0.0,42,Clouds,scattered clouds,555
2023-05-06 01:00:00,1,No Holiday,12.6,0.67,0.0,92,Rain,moderate rain,468
2023-05-06 02:00:00,2,No Holiday,15.1,0.0,0.0,16,Clear,sky is clear,512
2023-05-06 03:00:00,3,No Holiday,11.5,0.0,0.0,42,Clouds,scattered clouds,436
2023-05-06 04:00:00,4,No Holiday,11.8,0.0,0.0,9,Clear,sky is clear,494
2023-05-06 05:00:00,5,No Holiday,14.7,2.65,0.0,99,Rain,light rain,463
2023-05-06 06:00:00,6,No Holiday,15.5,0.0,0.0,53,Clouds,scattered clouds,473
2023-05-06 07:00:00,7,No Holiday,17.9,0.43,0.0,76,Drizzle,light intensity drizzle,2665
2023-05-06 08:00:00,8,No Holiday,12.9,0.0,0.0,17,Clear,sky is clear,2880
2023-05-06 09:00:00,9,No Holiday,15.9,0.62,0.0,70,Drizzle,light intensity drizzle,2564
2023-05-06 10:00:00,10,No Holiday,18.5,0.0,0.0,85,Mist,mist,2010
2023-05-06 11:00:00,11,No Holiday,18.9,0.0,0.0,70,Fog,fog,2050
2023-05-06 12:00:00,12,No Holiday,22.0,0.0,0.0,90,Clouds,overcast clouds,3067
2023-05-06 13:00:00,13,No Holiday,19.1,0.0,0.0,61,Clouds,scattered clouds,2665
2023-05-06 14:00:00,14,No Holiday,19.9,0.0,0.0,79,Clouds,few clouds,2679
2023-05-06 15:00:00,15,No Holiday,23.1,4.39,0.0,86,Rain,heavy intensity rain,2340
2023-05-06 16:00:00,16,No Holiday,23.2,0.0,0.0,18,Clear,sky is clear,4323
2023-05-06 17:00:00,17,No Holiday,21.7,4.29,0.0,95,Rain,heavy intensity rain,3872
2023-05-06 18:00:00,18,No Holiday,21.0,0.0,0.0,66,Clouds,overcast clouds,3583
2023-05-06 19:00:00,19,No Holiday,16.2,0.0,0.0,15,Clear,sky is clear,1913
2023-05-06 20:00:00,20,No Holiday,19.3,0.0,0.0,32,Clouds,few clouds,1874
2023-05-06 21:00:00,21,No Holiday,17.6,0.0,0.0,69,Clouds,overcast clouds,2121
2023-05-06 22:00:00,22,No Holiday,15.1,0.76,0.0,80,Rain,moderate rain,391
2023-05-06 23:00:00,23,No Holiday,15.7,2.02,0.0,81,Rain,heavy intensity rain,361
2023-05-07 00:00:00,0,No Holiday,15.2,0.0,0.0,80,Clouds,few clouds,369
2023-05-07 01:00:00,1,No Holiday,12.4,0.55,0.0,78,Rain,heavy intensity rain,408
2023-05-07 02:00:00,2,No Holiday,12.8,0.0,0.0,90,Clouds,scattered clouds,386
2023-05-07 03:00:00,3,No Holiday,10.8,0.0,0.0,83,Clouds,scattered clouds,448
2023-05-07 04:00:00,4,No Holiday,9.5,0.0,0.0,77,Clouds,few clouds,396
2023-05-07 05:00:00,5,No Holiday,10.2,0.0,0.0,3,Clear,sky is clear,366
2023-05-07 06:00:00,6,No Holiday,13.1,0.0,0.0,9,Clear,sky is clear,280
2023-05-07 07:00:00,7,No Holiday,13.3,0.0,0.0,77,Mist,mist,2569
2023-05-07 08:00:00,8,No Holiday,16.5,0.0,0.0,52,Clouds,broken clouds,2893
2023-05-07 09:00:00,9,No Holiday,17.7,0.0,0.0,4,Clear,sky is clear,3341
2023-05-07 10:00:00,10,No Holiday,19.2,1.13,0.0,78,Rain,moderate rain,1927
2023-05-07 11:00:00,11,No Holiday,20.7,0.0,0.0,86,Clouds,scattered clouds,2229
2023-05-07 12:00:00,12,No Holiday,19.6,0.0,0.0,87,Clouds,overcast clouds,2757
2023-05-07 13:00:00,13,No Holiday,20.0,0.76,0.0,90,Rain,light rain,2441
2023-05-07 14:00:00,14,No Holiday,21.6,0.0,0.0,19,Clear,sky is clear,2573
2023-05-07 15:00:00,15,No Holiday,22.0,0.0,0.0,4,Clear,sky is clear,2822
2023-05-07 16:00:00,16,No Holiday,23.0,0.19,0.0,78,Rain,moderate rain,3615
2023-05-07 17:00:00,17,No Holiday,23.3,0.67,0.0,85,Drizzle,light intensity drizzle,3423
2023-05-07 18:00:00,18,No Holiday,23.6,0.0,0.0,70,Mist,mist,3163
2023-05-07 19:00:00,19,No Holiday,18.5,0.0,0.0,36,Clouds,scattered clouds,1823
2023-05-07 20:00:00,20,No Holiday,19.7,0.0,0.0,78,Clouds,few clouds,1795
2023-05-07 21:00:00,21,No Holiday,16.7,0.0,0.0,1,Clear,sky is clear,1854
2023-05-07 22:00:00,22,No Holiday,15.7,0.0,0.0,7,Clear,sky is clear,502
2023-05-07 23:00:00,23,No Holiday,15.3,0.92,0.0,81,Rain,light rain,449
2023-05-08 00:00:00,0,No Holiday,14.6,0.0,0.0,2,Clear,sky is clear,480
2023-05-08 01:00:00,1,No Holiday,16.2,0.0,0.0,36,Clouds,overcast clouds,631
2023-05-08 02:00:00,2,No Holiday,14.4,0.41,0.0,71,Rain,heavy intensity rain,490
2023-05-08 03:00:00,3,No Holiday,14.8,0.0,0.0,12,Clear,sky is clear,515
2023-05-08 04:00:00,4,No Holiday,15.6,0.0,0.0,15,Clear,sky is clear,449
2023-05-08 05:00:00,5,No Holiday,13.2,0.0,0.0,75,Clouds,overcast clouds,839
2023-05-08 06:00:00,6,No Holiday,13.3,0.0,0.0,30,Clouds,overcast clouds,780
2023-05-08 07:00:00,7,No Holiday,15.6,0.0,0.0,87,Thunderstorm,proximity thunderstorm,2918
2023-05-08 08:00:00,8,No Holiday,20.1,0.0,0.0,9,Clear,sky is clear,4190
2023-05-08 09:00:00,9,No Holiday,18.6,0.0,0.0,1,Clear,sky is clear,5228
2023-05-08 10:00:00,10,No Holiday,21.2,0.0,0.0,5,Clear,sky is clear,3220
2023-05-08 11:00:00,11,No Holiday,22.2,0.0,0.0,98,Mist,mist,3086
2023-05-08 12:00:00,12,No Holiday,19.5,0.0,0.0,7,Clear,sky is clear,3732
2023-05-08 13:00:00,13,No Holiday,20.3,0.0,0.0,17,Clear,sky is clear,3416
2023-05-08 14:00:00,14,No Holiday,20.2,0.0,0.0,46,Clouds,scattered clouds,3494
2023-05-08 15:00:00,15,No Holiday,21.3,0.23,0.0,73,Rain,moderate rain,2956
2023-05-08 16:00:00,16,No Holiday,22.7,0.0,0.0,80,Mist,mist,5016
2023-05-08 17:00:00,17,No Holiday,23.5,0.0,0.0,90,Fog,fog,4949
2023-05-08 18:00:00,18,No Holiday,17.8,0.0,0.0,0,Clear,sky is clear,5280
2023-05-08 19:00:00,19,No Holiday,18.8,0.0,0.0,15,Clear,sky is clear,2758
2023-05-08 20:00:00,20,No Holiday,20.0,0.0,0.0,10,Clear,sky is clear,3318
2023-05-08 21:00:00,21,No Holiday,19.9,0.0,0.0,56,Clouds,few clouds,3012
2023-05-08 22:00:00,22,No Holiday,15.9,0.0,0.0,60,Clouds,few clouds,797
2023-05-08 23:00:00,23,No Holiday,15.2,0.0,0.0,7,Clear,sky is clear,533
2023-05-09 00:00:00,0,No Holiday,12.2,0.0,0.0,61,Clouds,few clouds,563
2023-05-09 01:00:00,1,No Holiday,15.2,0.0,0.0,83,Clouds,few clouds,543
2023-05-09 02:00:00,2,No Holiday,10.3,0.0,0.0,83,Mist,mist,656
2023-05-09 03:00:00,3,No Holiday,15.4,0.0,0.0,92,Clouds,scattered clouds,909
2023-05-09 04:00:00,4,No Holiday,14.9,5.33,0.0,95,Rain,light rain,797
2023-05-09 05:00:00,5,No Holiday,11.8,0.0,0.0,15,Clear,sky is clear,970
2023-05-09 06:00:00,6,No Holiday,10.3,0.0,0.0,66,Clouds,overcast clouds,807
2023-05-09 07:00:00,7,No Holiday,10.6,0.0,0.0,94,Clouds,few clouds,5563
2023-05-09 08:00:00,8,No Holiday,11.3,0.0,0.0,0,Clear,sky is clear,4720
2023-05-09 09:00:00,9,No Holiday,21.5,0.0,0.0,17,Clear,sky is clear,5016
2023-05-09 10:00:00,10,No Holiday,18.0,0.0,0.0,74,Clouds,broken clouds,3589
2023-05-09 11:00:00,11,No Holiday,20.6,0.0,0.0,6,Clear,sky is clear,3331
2023-05-09 12:00:00,12,No Holiday,19.3,0.0,0.0,43,Clouds,broken clouds,3474
2023-05-09 13:00:00,13,No Holiday,20.6,0.0,0.0,3,Clear,sky is clear,3605
2023-05-09 14:00:00,14,No Holiday,21.1,1.24,0.0,81,Rain,heavy intensity rain,3181
2023-05-09 15:00:00,15,No Holiday,19.3,0.0,0.0,3,Clear,sky is clear,3639
2023-05-09 16:00:00,16,No Holiday,18.9,0.0,0.0,43,Clouds,scattered clouds,5227
2023-05-09 17:00:00,17,No Holiday,18.1,0.0,0.0,91,Clouds,few clouds,4952
2023-05-09 18:00:00,18,No Holiday,19.1,1.31,0.0,98,Rain,moderate rain,4298
2023-05-09 19:00:00,19,No Holiday,19.8,0.0,0.0,75,Clouds,overcast clouds,3099
2023-05-09 20:00:00,20,No Holiday,17.1,0.81,0.0,74,Drizzle,light intensity drizzle,2446
2023-05-09 21:00:00,21,No Holiday,15.9,0.0,0.0,15,Clear,sky is clear,2845
2023-05-09 22:00:00,22,No Holiday,13.5,0.0,0.0,52,Clouds,few clouds,809
2023-05-09 23:00:00,23,No Holiday,16.5,0.0,0.0,98,Clouds,scattered clouds,562
2023-05-10 00:00:00,0,No Holiday,14.0,0.0,0.0,82,Mist,mist,769
2023-05-10 01:00:00,1,No Holiday,15.2,0.0,0.0,7,Clear,sky is clear,732
2023-05-10 02:00:00,2,No Holiday,10.4,0.0,0.0,73,Clouds,overcast clouds,951
2023-05-10 03:00:00,3,No Holiday,11.8,0.0,0.0,15,Clear,sky is clear,626
2023-05-10 04:00:00,4,No Holiday,13.6,0.0,0.0,16,Clear,sky is clear,942
2023-05-10 05:00:00,5,No Holiday,15.5,0.0,0.0,12,Clear,sky is clear,676
2023-05-10 06:00:00,6,No Holiday,18.2,0.0,0.0,43,Clouds,overcast clouds,765
2023-05-10 07:00:00,7,No Holiday,15.3,0.0,0.0,75,Clouds,few clouds,4984
2023-05-10 08:00:00,8,No Holiday,17.4,0.0,0.0,33,Clouds,overcast clouds,5102
2023-05-10 09:00:00,9,No Holiday,14.7,0.0,0.0,1,Clear,sky is clear,5259
2023-05-10 10:00:00,10,No Holiday,20.0,0.0,0.0,72,Clouds,scattered clouds,3712
2023-05-10 11:00:00,11,No Holiday,19.3,0.0,0.0,19,Clear,sky is clear,3696
2023-05-10 12:00:00,12,No Holiday,18.2,9.15,0.0,85,Rain,heavy intensity rain,3222
2023-05-10 13:00:00,13,No Holiday,24.1,0.83,0.0,70,Drizzle,light intensity drizzle,2942
2023-05-10 14:00:00,14,No Holiday,22.1,0.0,0.0,0,Clear,sky is clear,3862
2023-05-10 15:00:00,15,No Holiday,23.2,0.0,0.0,43,Clouds,overcast clouds,3365
2023-05-10 16:00:00,16,No Holiday,20.8,0.0,0.0,85,Rain,light rain,4920
2023-05-10 17:00:00,17,No Holiday,22.0,0.0,0.0,8,Clear,sky is clear,5572
2023-05-10 18:00:00,18,No Holiday,19.9,0.0,0.0,36,Clouds,broken clouds,5882
2023-05-10 19:00:00,19,No Holiday,23.0,0.0,0.0,96,Clouds,broken clouds,2676
2023-05-10 20:00:00,20,No Holiday,17.5,0.0,0.0,16,Clear,sky is clear,2597
2023-05-10 21:00:00,21,No Holiday,15.0,0.0,0.0,0,Clear,sky is clear,2947
2023-05-10 22:00:00,22,No Holiday,15.3,0.0,0.0,96,Thunderstorm,thunderstorm with light rain,530
2023-05-10 23:00:00,23,No Holiday,17.8,0.0,0.0,70,Clouds,scattered clouds,649
2023-05-11 00:00:00,0,No Holiday,14.7,0.0,0.0,70,Clouds,few clouds,847
2023-05-11 01:00:00,1,No Holiday,13.3,0.0,0.0,12,Clear,sky is clear,766
2023-05-11 02:00:00,2,No Holiday,14.4,0.0,0.0,78,Clouds,overcast clouds,590
2023-05-11 03:00:00,3,No Holiday,11.5,0.0,0.0,7,Clear,sky is clear,666
2023-05-11 04:00:00,4,No Holiday,10.3,0.0,0.0,6,Clear,sky is clear,726
2023-05-11 05:00:00,5,No Holiday,15.1,0.0,0.0,9,Clear,sky is clear,903
2023-05-11 06:00:00,6,No Holiday,13.7,0.0,0.0,44,Clouds,few clouds,780
2023-05-11 07:00:00,7,No Holiday,17.4,0.0,0.0,81,Clouds,overcast clouds,4742
2023-05-11 08:00:00,8,No Holiday,16.9,0.0,0.0,73,Clouds,overcast clouds,4960
2023-05-11 09:00:00,9,No Holiday,17.6,0.0,0.0,5,Clear,sky is clear,4573
2023-05-11 10:00:00,10,No Holiday,17.2,0.0,0.0,0,Clear,sky is clear,3459
2023-05-11 11:00:00,11,No Holiday,20.8,1.77,0.0,99,Rain,light rain,2881
2023-05-11 12:00:00,12,No Holiday,18.3,0.0,0.0,76,Fog,fog,3250
2023-05-11 13:00:00,13,No Holiday,22.3,0.0,0.0,14,Clear,sky is clear,3869
2023-05-11 14:00:00,14,No Holiday,22.9,0.0,0.0,12,Clear,sky is clear,3208
2023-05-11 15:00:00,15,No Holiday,23.3,0.0,0.0,37,Clouds,broken clouds,3932
2023-05-11 16:00:00,16,No Holiday,22.3,0.0,0.0,9,Clear,sky is clear,4857
2023-05-11 17:00:00,17,No Holiday,18.8,0.0,0.0,58,Clouds,scattered clouds,5358
2023-05-11 18:00:00,18,No Holiday,26.1,0.0,0.0,12,Clear,sky is clear,5442
2023-05-11 19:00:00,19,No Holiday,20.8,1.14,0.0,97,Rain,light rain,2508
2023-05-11 20:00:00,20,No Holiday,17.0,0.96,0.0,85,Drizzle,light intensity drizzle,2338
2023-05-11 21:00:00,21,No Holiday,17.3,0.0,0.0,65,Clouds,few clouds,2678
2023-05-11 22:00:00,22,No Holiday,16.3,0.0,0.0,35,Clouds,overcast clouds,622
2023-05-11 23:00:00,23,No Holiday,16.7,2.8,0.0,87,Rain,moderate rain,660
2023-05-12 00:00:00,0,No Holiday,17.8,0.0,0.0,97,Mist,mist,647
2023-05-12 01:00:00,1,No Holiday,11.8,0.0,0.0,62,Clouds,broken clouds,752
2023-05-12 02:00:00,2,No Holiday,17.1,0.0,0.0,86,Thunderstorm,thunderstorm with light rain,286
2023-05-12 03:00:00,3,No Holiday,12.5,0.0,0.0,1,Clear,sky is clear,633
2023-05-12 04:00:00,4,No Holiday,15.6,0.0,0.0,14,Clear,sky is clear,758
2023-05-12 05:00:00,5,No Holiday,13.0,0.0,0.0,97,Clouds,scattered clouds,402
2023-05-12 06:00:00,6,No Holiday,14.1,5.49,0.0,77,Rain,light rain,823
2023-05-12 07:00:00,7,No Holiday,12.5,0.0,0.0,5,Clear,sky is clear,4935
2023-05-12 08:00:00,8,No Holiday,14.3,6.34,0.0,99,Rain,light rain,4138
2023-05-12 09:00:00,9,No Holiday,16.4,0.0,0.0,18,Clear,sky is clear,4615
2023-05-12 10:00:00,10,No Holiday,19.1,0.47,0.0,88,Rain,heavy intensity rain,3103
2023-05-12 11:00:00,11,No Holiday,19.2,0.0,0.0,16,Clear,sky is clear,3480
2023-05-12 12:00:00,12,No Holiday,18.5,0.0,0.0,85,Clouds,broken clouds,3653
2023-05-12 13:00:00,13,No Holiday,20.4,0.0,0.0,84,Mist,mist,3266
2023-05-12 14:00:00,14,No Holiday,23.0,0.0,0.0,4,Clear,sky is clear,3170
2023-05-12 15:00:00,15,No Holiday,22.4,0.0,0.0,3,Clear,sky is clear,3538
2023-05-12 16:00:00,16,No Holiday,22.6,0.0,0.0,16,Clear,sky is clear,5501
2023-05-12 17:00:00,17,No Holiday,23.2,0.0,0.0,1,Clear,sky is clear,5371
2023-05-12 18:00:00,18,No Holiday,22.5,0.0,0.0,2,Clear,sky is clear,5015
2023-05-12 19:00:00,19,No Holiday,20.7,0.0,0.0,0,Clear,sky is clear,3127
2023-05-12 20:00:00,20,No Holiday,20.9,0.0,0.0,50,Clouds,overcast clouds,2943
2023-05-12 21:00:00,21,No Holiday,19.7,0.0,0.0,0,Clear,sky is clear,2771
2023-05-12 22:00:00,22,No Holiday,15.9,0.0,0.0,47,Clouds,overcast clouds,576
2023-05-12 23:00:00,23,No Holiday,16.8,0.0,0.0,78,Clouds,few clouds,812
2023-05-13 00:00:00,0,No Holiday,12.0,0.0,0.0,73,Clouds,few clouds,312
2023-05-13 01:00:00,1,No Holiday,12.8,0.0,0.0,15,Clear,sky is clear,458
2023-05-13 02:00:00,2,No Holiday,15.7,0.0,0.0,47,Clouds,scattered clouds,475
2023-05-13 03:00:00,3,No Holiday,11.4,0.0,0.0,47,Clouds,broken clouds,470
2023-05-13 04:00:00,4,No Holiday,14.9,0.0,0.0,90,Clouds,scattered clouds,334
2023-05-13 05:00:00,5,No Holiday,14.8,0.0,0.0,1,Clear,sky is clear,413
2023-05-13 06:00:00,6,No Holiday,14.5,0.0,0.0,67,Clouds,broken clouds,350
2023-05-13 07:00:00,7,No Holiday,15.4,0.0,0.0,58,Clouds,scattered clouds,2970
2023-05-13 08:00:00,8,No Holiday,17.5,0.0,0.0,90,Mist,mist,3046
2023-05-13 09:00:00,9,No Holiday,15.6,0.0,0.0,10,Clear,sky is clear,3016
2023-05-13 10:00:00,10,No Holiday,23.4,0.0,0.0,16,Clear,sky is clear,2324
2023-05-13 11:00:00,11,No Holiday,20.4,0.0,0.0,0,Clear,sky is clear,2298
2023-05-13 12:00:00,12,No Holiday,17.8,0.0,0.0,71,Thunderstorm,proximity thunderstorm,1539
2023-05-13 13:00:00,13,No Holiday,19.1,0.3,0.0,84,Rain,moderate rain,2244
2023-05-13 14:00:00,14,No Holiday,20.1,0.0,0.0,46,Clouds,overcast clouds,3053
2023-05-13 15:00:00,15,No Holiday,23.5,0.0,0.0,74,Fog,fog,2653
2023-05-13 16:00:00,16,No Holiday,22.9,0.29,0.0,81,Drizzle,light intensity drizzle,3817
2023-05-13 17:00:00,17,No Holiday,15.4,0.0,0.0,12,Clear,sky is clear,4104
2023-05-13 18:00:00,18,No Holiday,22.9,0.0,0.0,74,Clouds,scattered clouds,2929
2023-05-13 19:00:00,19,No Holiday,17.8,0.0,0.0,3,Clear,sky is clear,1756
2023-05-13 20:00:00,20,No Holiday,17.9,0.0,0.0,3,Clear,sky is clear,1946
2023-05-13 21:00:00,21,No Holiday,20.3,3.13,0.0,85,Rain,moderate rain,1592
2023-05-13 22:00:00,22,No Holiday,18.3,0.0,0.0,54,Clouds,overcast clouds,380
2023-05-13 23:00:00,23,No Holiday,16.5,0.0,0.0,95,Clouds,few clouds,395
2023-05-14 00:00:00,0,No Holiday,16.2,0.0,0.0,10,Clear,sky is clear,547
2023-05-14 01:00:00,1,No Holiday,12.4,0.0,0.0,12,Clear,sky is clear,375
2023-05-14 02:00:00,2,No Holiday,14.0,0.0,0.0,79,Clouds,overcast clouds,317
2023-05-14 03:00:00,3,No Holiday,10.8,0.0,0.0,96,Clouds,few clouds,427
2023-05-14 04:00:00,4,No Holiday,11.6,0.0,0.0,89,Fog,fog,430
2023-05-14 05:00:00,5,No Holiday,19.1,0.53,0.0,79,Rain,heavy intensity rain,547
2023-05-14 06:00:00,6,No Holiday,16.7,0.0,0.0,84,Fog,fog,395
2023-05-14 07:00:00,7,No Holiday,15.4,0.28,0.0,83,Drizzle,light intensity drizzle,2827
2023-05-14 08:00:00,8,No Holiday,18.5,0.0,0.0,72,Mist,mist,2786
2023-05-14 09:00:00,9,No Holiday,22.8,0.0,0.0,7,Clear,sky is clear,3362
2023-05-14 10:00:00,10,No Holiday,18.3,0.0,0.0,8,Clear,sky is clear,2121
2023-05-14 11:00:00,11,No Holiday,19.1,7.73,0.0,83,Rain,light rain,2133
2023-05-14 12:00:00,12,No Holiday,18.9,1.13,0.0,89,Rain,light rain,2381
2023-05-14 13:00:00,13,No Holiday,21.0,0.0,0.0,0,Clear,sky is clear,2628
2023-05-14 14:00:00,14,No Holiday,22.2,0.0,0.0,88,Clouds,broken clouds,2748
2023-05-14 15:00:00,15,No Holiday,21.7,0.0,0.0,4,Clear,sky is clear,2867
2023-05-14 16:00:00,16,No Holiday,21.9,0.0,0.0,54,Clouds,broken clouds,4543
2023-05-14 17:00:00,17,No Holiday,19.2,0.0,0.0,48,Clouds,overcast clouds,4056
2023-05-14 18:00:00,18,No Holiday,16.9,0.93,0.0,71,Drizzle,light intensity drizzle,2790
2023-05-14 19:00:00,19,No Holiday,19.0,0.0,0.0,3,Clear,sky is clear,1516
2023-05-14 20:00:00,20,No Holiday,19.2,0.0,0.0,98,Fog,fog,1662
2023-05-14 21:00:00,21,No Holiday,17.3,0.0,0.0,91,Clouds,few clouds,1925
2023-05-14 22:00:00,22,No Holiday,17.8,0.0,0.0,85,Clouds,few clouds,487
2023-05-14 23:00:00,23,No Holiday,17.5,0.0,0.0,92,Clouds,broken clouds,410
2023-05-15 00:00:00,0,No Holiday,16.3,0.0,0.0,4,Clear,sky is clear,540
2023-05-15 01:00:00,1,No Holiday,11.3,0.0,0.0,73,Thunderstorm,proximity thunderstorm,564
2023-05-15 02:00:00,2,No Holiday,12.5,0.0,0.0,65,Clouds,few clouds,501
2023-05-15 03:00:00,3,No Holiday,14.8,1.02,0.0,70,Rain,moderate rain,637
2023-05-15 04:00:00,4,No Holiday,11.9,0.0,0.0,16,Clear,sky is clear,775
2023-05-15 05:00:00,5,No Holiday,16.0,0.0,0.0,13,Clear,sky is clear,567
2023-05-15 06:00:00,6,No Holiday,15.7,0.13,0.0,88,Rain,moderate rain,812
2023-05-15 07:00:00,7,No Holiday,16.1,0.0,0.0,41,Clouds,few clouds,4349
2023-05-15 08:00:00,8,No Holiday,16.4,0.0,0.0,16,Clear,sky is clear,4932
2023-05-15 09:00:00,9,No Holiday,13.5,1.41,0.0,98,Rain,light rain,4122
2023-05-15 10:00:00,10,No Holiday,19.0,0.0,0.0,3,Clear,sky is clear,3390
2023-05-15 11:00:00,11,No Holiday,18.8,0.0,0.0,48,Clouds,broken clouds,3785
2023-05-15 12:00:00,12,No Holiday,24.8,0.0,0.0,99,Fog,fog,3180
2023-05-15 13:00:00,13,No Holiday,22.0,0.0,0.0,79,Fog,fog,3546
2023-05-15 14:00:00,14,No Holiday,27.4,0.0,0.0,86,Clouds,overcast clouds,3795
2023-05-15 15:00:00,15,No Holiday,22.0,4.95,0.0,75,Rain,light rain,3088
2023-05-15 16:00:00,16,No Holiday,22.7,0.0,0.0,2,Clear,sky is clear,5167
2023-05-15 17:00:00,17,No Holiday,24.0,0.0,0.0,45,Clouds,broken clouds,5763
2023-05-15 18:00:00,18,No Holiday,22.3,0.0,0.0,65,Clouds,broken clouds,5555
2023-05-15 19:00:00,19,No Holiday,19.9,0.0,0.0,15,Clear,sky is clear,2767
2023-05-15 20:00:00,20,No Holiday,20.3,0.73,0.0,77,Rain,light rain,2496
2023-05-15 21:00:00,21,No Holiday,20.4,0.0,0.0,82,Clouds,few clouds,2522
2023-05-15 22:00:00,22,No Holiday,16.8,0.0,0.0,9,Clear,sky is clear,530
2023-05-15 23:00:00,23,No Holiday,15.8,0.0,0.0,96,Clouds,broken clouds,911
2023-05-16 00:00:00,0,No Holiday,15.1,0.0,0.0,0,Clear,sky is clear,669
2023-05-16 01:00:00,1,No Holiday,16.3,0.0,0.0,5,Clear,sky is clear,670
2023-05-16 02:00:00,2,No Holiday,15.8,0.0,0.0,59,Clouds,few clouds,575
2023-05-16 03:00:00,3,No Holiday,12.8,0.0,0.0,9,Clear,sky is clear,681
2023-05-16 04:00:00,4,No Holiday,10.9,0.0,0.0,59,Clouds,scattered clouds,533
2023-05-16 05:00:00,5,No Holiday,14.7,0.0,0.0,73,Clouds,overcast clouds,724
2023-05-16 06:00:00,6,No Holiday,16.3,0.0,0.0,82,Thunderstorm,thunderstorm with light rain,285
2023-05-16 07:00:00,7,No Holiday,14.7,0.0,0.0,15,Clear,sky is clear,5312
2023-05-16 08:00:00,8,No Holiday,17.6,0.0,0.0,83,Mist,mist,4431
2023-05-16 09:00:00,9,No Holiday,17.3,0.0,0.0,77,Clouds,overcast clouds,4824
2023-05-16 10:00:00,10,No Holiday,18.4,0.95,0.0,89,Drizzle,light intensity drizzle,3048
2023-05-16 11:00:00,11,No Holiday,21.3,0.0,0.0,16,Clear,sky is clear,3011
2023-05-16 12:00:00,12,No Holiday,17.9,0.0,0.0,87,Mist,mist,3281
2023-05-16 13:00:00,13,No Holiday,22.0,0.0,0.0,0,Clear,sky is clear,3981
2023-05-16 14:00:00,14,No Holiday,22.9,2.54,0.0,92,Rain,light rain,3030
2023-05-16 15:00:00,15,No Holiday,24.1,0.0,0.0,74,Mist,mist,2856
2023-05-16 16:00:00,16,No Holiday,20.0,0.0,0.0,80,Clouds,scattered clouds,5461
2023-05-16 17:00:00,17,No Holiday,21.6,0.26,0.0,87,Drizzle,light intensity drizzle,5269
2023-05-16 18:00:00,18,No Holiday,19.9,0.0,0.0,1,Clear,sky is clear,5130
2023-05-16 19:00:00,19,No Holiday,20.4,0.0,0.0,72,Fog,fog,2207
2023-05-16 20:00:00,20,No Holiday,15.8,0.0,0.0,91,Clouds,overcast clouds,2799
2023-05-16 21:00:00,21,No Holiday,19.9,0.0,0.0,12,Clear,sky is clear,2713
2023-05-16 22:00:00,22,No Holiday,16.6,0.0,0.0,13,Clear,sky is clear,719
2023-05-16 23:00:00,23,No Holiday,14.9,0.0,0.0,78,Clouds,overcast clouds,827
2023-05-17 00:00:00,0,No Holiday,17.5,0.0,0.0,93,Mist,mist,684
2023-05-17 01:00:00,1,No Holiday,14.7,0.0,0.0,67,Clouds,broken clouds,733
2023-05-17 02:00:00,2,No Holiday,10.0,2.35,0.0,78,Rain,light rain,648
2023-05-17 03:00:00,3,No Holiday,14.7,0.0,0.0,13,Clear,sky is clear,832
2023-05-17 04:00:00,4,No Holiday,11.5,0.78,0.0,97,Rain,heavy intensity rain,630
2023-05-17 05:00:00,5,No Holiday,12.3,0.0,0.0,49,Clouds,few clouds,705
2023-05-17 06:00:00,6,No Holiday,14.2,0.0,0.0,73,Mist,mist,585
2023-05-17 07:00:00,7,No Holiday,17.1,0.0,0.0,83,Thunderstorm,proximity thunderstorm,2896
2023-05-17 08:00:00,8,No Holiday,18.1,0.0,0.0,64,Clouds,broken clouds,5288
2023-05-17 09:00:00,9,No Holiday,18.6,0.0,0.0,95,Clouds,broken clouds,4754
2023-05-17 10:00:00,10,No Holiday,17.2,0.0,0.0,0,Clear,sky is clear,3372
2023-05-17 11:00:00,11,No Holiday,21.7,0.0,0.0,73,Fog,fog,3093
2023-05-17 12:00:00,12,No Holiday,21.9,0.0,0.0,5,Clear,sky is clear,3662
2023-05-17 13:00:00,13,No Holiday,18.2,0.0,0.0,97,Fog,fog,3215
2023-05-17 14:00:00,14,No Holiday,21.5,0.0,0.0,13,Clear,sky is clear,3105
2023-05-17 15:00:00,15,No Holiday,23.6,0.0,0.0,32,Clouds,few clouds,3467
2023-05-17 16:00:00,16,No Holiday,20.4,0.0,0.0,38,Clouds,overcast clouds,5248
2023-05-17 17:00:00,17,No Holiday,21.0,0.0,0.0,8,Clear,sky is clear,5174
2023-05-17 18:00:00,18,No Holiday,17.7,0.0,0.0,65,Clouds,scattered clouds,5242
2023-05-17 19:00:00,19,No Holiday,13.3,0.0,0.0,9,Clear,sky is clear,2854
2023-05-17 20:00:00,20,No Holiday,18.7,0.0,0.0,70,Clouds,few clouds,2757
2023-05-17 21:00:00,21,No Holiday,16.8,0.0,0.0,0,Clear,sky is clear,2673
2023-05-17 22:00:00,22,No Holiday,20.2,0.0,0.0,39,Clouds,broken clouds,826
2023-05-17 23:00:00,23,No Holiday,15.6,0.0,0.0,74,Clouds,scattered clouds,610
2023-05-18 00:00:00,0,No Holiday,15.8,0.0,0.0,86,Clouds,overcast clouds,985
2023-05-18 01:00:00,1,No Holiday,12.4,0.0,0.0,86,Mist,mist,463
2023-05-18 02:00:00,2,No Holiday,9.2,0.0,0.0,80,Clouds,scattered clouds,984
2023-05-18 03:00:00,3,No Holiday,10.0,0.0,0.0,72,Fog,fog,678
2023-05-18 04:00:00,4,No Holiday,13.1,0.0,0.0,10,Clear,sky is clear,958
2023-05-18 05:00:00,5,No Holiday,16.3,0.0,0.0,89,Clouds,few clouds,475
2023-05-18 06:00:00,6,No Holiday,11.9,0.45,0.0,70,Rain,moderate rain,608
2023-05-18 07:00:00,7,No Holiday,15.0,0.0,0.0,89,Clouds,few clouds,5286
2023-05-18 08:00:00,8,No Holiday,14.5,0.0,0.0,76,Fog,fog,4185
2023-05-18 09:00:00,9,No Holiday,20.8,0.0,0.0,2,Clear,sky is clear,5164
2023-05-18 10:00:00,10,No Holiday,17.7,0.0,0.0,8,Clear,sky is clear,3619
2023-05-18 11:00:00,11,No Holiday,19.9,0.0,0.0,12,Clear,sky is clear,3489
2023-05-18 12:00:00,12,No Holiday,21.8,0.0,0.0,77,Clouds,few clouds,3100
2023-05-18 13:00:00,13,No Holiday,21.1,0.0,0.0,16,Clear,sky is clear,3769
2023-05-18 14:00:00,14,No Holiday,20.3,0.0,0.0,38,Clouds,broken clouds,3537
2023-05-18 15:00:00,15,No Holiday,22.5,0.0,0.0,93,Mist,mist,3107
2023-05-18 16:00:00,16,No Holiday,22.7,0.0,0.0,15,Clear,sky is clear,5255
2023-05-18 17:00:00,17,No Holiday,22.5,0.44,0.0,93,Rain,heavy intensity rain,4992
2023-05-18 18:00:00,18,No Holiday,20.9,0.0,0.0,2,Clear,sky is clear,5331
2023-05-18 19:00:00,19,No Holiday,21.2,0.0,0.0,15,Clear,sky is clear,2544
2023-05-18 20:00:00,20,No Holiday,20.9,0.0,0.0,50,Clouds,broken clouds,2814
2023-05-18 21:00:00,21,No Holiday,16.1,0.0,0.0,15,Clear,sky is clear,2728
2023-05-18 22:00:00,22,No Holiday,15.8,0.0,0.0,18,Clear,sky is clear,489
2023-05-18 23:00:00,23,No Holiday,15.3,0.0,0.0,89,Fog,fog,509
2023-05-19 00:00:00,0,No Holiday,13.3,3.07,0.0,88,Rain,moderate rain,786
2023-05-19 01:00:00,1,No Holiday,17.6,0.0,0.0,7,Clear,sky is clear,675
2023-05-19 02:00:00,2,No Holiday,11.2,0.0,0.0,9,Clear,sky is clear,645
2023-05-19 03:00:00,3,No Holiday,9.0,0.0,0.0,17,Clear,sky is clear,716
2023-05-19 04:00:00,4,No Holiday,11.5,0.0,0.0,44,Clouds,broken clouds,625
2023-05-19 05:00:00,5,No Holiday,17.1,0.0,0.0,87,Clouds,overcast clouds,677
2023-05-19 06:00:00,6,No Holiday,14.5,0.0,0.0,10,Clear,sky is clear,692
2023-05-19 07:00:00,7,No Holiday,13.6,0.0,0.0,72,Mist,mist,3991
2023-05-19 08:00:00,8,No Holiday,18.4,0.0,0.0,91,Clouds,few clouds,4765
2023-05-19 09:00:00,9,No Holiday,18.2,0.0,0.0,36,Clouds,scattered clouds,5032
2023-05-19 10:00:00,10,No Holiday,22.5,1.16,0.0,84,Rain,moderate rain,2935
2023-05-19 11:00:00,11,No Holiday,19.0,0.0,0.0,3,Clear,sky is clear,3670
2023-05-19 12:00:00,12,No Holiday,19.7,0.0,0.0,85,Thunderstorm,proximity thunderstorm,2114
2023-05-19 13:00:00,13,No Holiday,18.7,0.0,0.0,14,Clear,sky is clear,3707
2023-05-19 14:00:00,14,No Holiday,19.5,0.74,0.0,92,Rain,moderate rain,3341
2023-05-19 15:00:00,15,No Holiday,21.1,0.0,0.0,2,Clear,sky is clear,3852
2023-05-19 16:00:00,16,No Holiday,23.3,0.0,0.0,49,Clouds,few clouds,5504
2023-05-19 17:00:00,17,No Holiday,17.4,0.0,0.0,60,Clouds,scattered clouds,5383
2023-05-19 18:00:00,18,No Holiday,19.5,0.0,0.0,14,Clear,sky is clear,5300
2023-05-19 19:00:00,19,No Holiday,20.9,0.0,0.0,47,Clouds,broken clouds,2858
2023-05-19 20:00:00,20,No Holiday,20.1,0.0,0.0,15,Clear,sky is clear,2757
2023-05-19 21:00:00,21,No Holiday,18.2,0.0,0.0,3,Clear,sky is clear,3075
2023-05-19 22:00:00,22,No Holiday,17.5,0.0,0.0,12,Clear,sky is clear,433
2023-05-19 23:00:00,23,No Holiday,15.9,0.0,0.0,69,Clouds,few clouds,672
2023-05-20 00:00:00,0,No Holiday,16.0,0.0,0.0,76,Clouds,few clouds,487
2023-05-20 01:00:00,1,No Holiday,14.4,0.0,0.0,81,Fog,fog,502
2023-05-20 02:00:00,2,No Holiday,12.7,0.0,0.0,39,Clouds,scattered clouds,442
2023-05-20 03:00:00,3,No Holiday,14.0,0.0,0.0,31,Clouds,few clouds,282
2023-05-20 04:00:00,4,No Holiday,10.6,0.0,0.0,1,Clear,sky is clear,402
2023-05-20 05:00:00,5,No Holiday,15.6,0.0,0.0,70,Clouds,overcast clouds,410
2023-05-20 06:00:00,6,No Holiday,11.6,0.0,0.0,89,Clouds,scattered clouds,509
2023-05-20 07:00:00,7,No Holiday,14.3,0.0,0.0,13,Clear,sky is clear,3122
2023-05-20 08:00:00,8,No Holiday,16.2,0.0,0.0,11,Clear,sky is clear,3327
2023-05-20 09:00:00,9,No Holiday,13.5,0.0,0.0,13,Clear,sky is clear,3126
2023-05-20 10:00:00,10,No Holiday,19.8,0.0,0.0,13,Clear,sky is clear,2111
2023-05-20 11:00:00,11,No Holiday,18.6,0.0,0.0,43,Clouds,overcast clouds,2114
2023-05-20 12:00:00,12,No Holiday,23.8,2.85,0.0,99,Rain,moderate rain,2385
2023-05-20 13:00:00,13,No Holiday,16.4,0.0,0.0,9,Clear,sky is clear,2844
2023-05-20 14:00:00,14,No Holiday,19.8,0.0,0.0,16,Clear,sky is clear,2559
2023-05-20 15:00:00,15,No Holiday,18.8,0.0,0.0,17,Clear,sky is clear,2861
2023-05-20 16:00:00,16,No Holiday,20.9,0.07,0.0,92,Rain,heavy intensity rain,3747
2023-05-20 17:00:00,17,No Holiday,23.5,6.58,0.0,73,Rain,light rain,3777
2023-05-20 18:00:00,18,No Holiday,22.9,0.0,0.0,12,Clear,sky is clear,3011
2023-05-20 19:00:00,19,No Holiday,19.5,0.0,0.0,12,Clear,sky is clear,1819
2023-05-20 20:00:00,20,No Holiday,18.4,0.0,0.0,72,Mist,mist,1647
2023-05-20 21:00:00,21,No Holiday,16.7,0.44,0.0,94,Drizzle,light intensity drizzle,1533
2023-05-20 22:00:00,22,No Holiday,17.5,0.0,0.0,50,Clouds,overcast clouds,421
2023-05-20 23:00:00,23,No Holiday,13.4,0.0,0.0,5,Clear,sky is clear,481
2023-05-21 00:00:00,0,No Holiday,13.8,0.0,0.0,2,Clear,sky is clear,386
2023-05-21 01:00:00,1,No Holiday,15.2,0.0,0.0,76,Clouds,scattered clouds,524
2023-05-21 02:00:00,2,No Holiday,11.0,0.0,0.0,11,Clear,sky is clear,425
2023-05-21 03:00:00,3,No Holiday,14.9,0.0,0.0,88,Clouds,broken clouds,249
2023-05-21 04:00:00,4,No Holiday,14.6,0.0,0.0,5,Clear,sky is clear,312
2023-05-21 05:00:00,5,No Holiday,17.8,0.97,0.0,91,Rain,moderate rain,410
2023-05-21 06:00:00,6,No Holiday,13.9,0.0,0.0,52,Clouds,few clouds,421
2023-05-21 07:00:00,7,No Holiday,16.1,0.0,0.0,92,Clouds,broken clouds,3275
2023-05-21 08:00:00,8,No Holiday,17.9,0.0,0.0,32,Clouds,overcast clouds,2938
2023-05-21 09:00:00,9,No Holiday,17.5,0.28,0.0,92,Rain,moderate rain,2609
2023-05-21 10:00:00,10,No Holiday,21.9,8.4,0.0,72,Rain,heavy intensity rain,2082
2023-05-21 11:00:00,11,No Holiday,19.2,0.0,0.0,9,Clear,sky is clear,2028
2023-05-21 12:00:00,12,No Holiday,19.4,0.0,0.0,13,Clear,sky is clear,2706
2023-05-21 13:00:00,13,No Holiday,18.1,12.54,0.0,75,Rain,moderate rain,2320
2023-05-21 14:00:00,14,No Holiday,25.2,0.0,0.0,5,Clear,sky is clear,2710
2023-05-21 15:00:00,15,No Holiday,21.5,0.0,0.0,32,Clouds,scattered clouds,3000
2023-05-21 16:00:00,16,No Holiday,19.7,0.16,0.0,85,Drizzle,light intensity drizzle,3508
2023-05-21 17:00:00,17,No Holiday,24.0,0.0,0.0,36,Clouds,overcast clouds,4076
2023-05-21 18:00:00,18,No Holiday,17.2,0.0,0.0,18,Clear,sky is clear,3301
2023-05-21 19:00:00,19,No Holiday,18.8,0.0,0.0,88,Clouds,broken clouds,1941
2023-05-21 20:00:00,20,No Holiday,20.3,0.0,0.0,75,Thunderstorm,proximity thunderstorm,1020
2023-05-21 21:00:00,21,No Holiday,18.9,0.0,0.0,0,Clear,sky is clear,1783
2023-05-21 22:00:00,22,No Holiday,15.1,0.0,0.0,87,Thunderstorm,proximity thunderstorm,346
2023-05-21 23:00:00,23,No Holiday,15.4,0.0,0.0,9,Clear,sky is clear,436
2023-05-22 00:00:00,0,No Holiday,14.5,0.0,0.0,99,Clouds,scattered clouds,774
2023-05-22 01:00:00,1,No Holiday,15.4,0.0,0.0,14,Clear,sky is clear,484
2023-05-22 02:00:00,2,No Holiday,14.6,0.0,0.0,81,Mist,mist,654
2023-05-22 03:00:00,3,No Holiday,14.9,0.0,0.0,50,Clouds,few clouds,396
2023-05-22 04:00:00,4,No Holiday,13.8,0.0,0.0,13,Clear,sky is clear,588
2023-05-22 05:00:00,5,No Holiday,12.5,0.0,0.0,82,Clouds,scattered clouds,634
2023-05-22 06:00:00,6,No Holiday,15.7,2.93,0.0,80,Rain,moderate rain,633
2023-05-22 07:00:00,7,No Holiday,17.9,0.0,0.0,88,Clouds,broken clouds,4490
2023-05-22 08:00:00,8,No Holiday,16.7,0.0,0.0,59,Clouds,few clouds,4441
2023-05-22 09:00:00,9,No Holiday,16.8,1.4,0.0,83,Rain,heavy intensity rain,4232
2023-05-22 10:00:00,10,No Holiday,17.9,0.0,0.0,3,Clear,sky is clear,3221
2023-05-22 11:00:00,11,No Holiday,18.6,0.0,0.0,54,Clouds,scattered clouds,4024
2023-05-22 12:00:00,12,No Holiday,21.6,0.0,0.0,81,Clouds,scattered clouds,3373
2023-05-22 13:00:00,13,No Holiday,27.5,0.0,0.0,91,Mist,mist,3400
2023-05-22 14:00:00,14,No Holiday,19.6,0.0,0.0,18,Clear,sky is clear,3667
2023-05-22 15:00:00,15,No Holiday,19.5,0.0,0.0,43,Clouds,broken clouds,3469
2023-05-22 16:00:00,16,No Holiday,21.2,0.0,0.0,2,Clear,sky is clear,5563
2023-05-22 17:00:00,17,No Holiday,20.9,0.0,0.0,8,Clear,sky is clear,5588
2023-05-22 18:00:00,18,No Holiday,20.6,0.24,0.0,91,Drizzle,light intensity drizzle,4377
2023-05-22 19:00:00,19,No Holiday,16.0,0.0,0.0,56,Clouds,broken clouds,2914
2023-05-22 20:00:00,20,No Holiday,17.7,0.0,0.0,13,Clear,sky is clear,2763
2023-05-22 21:00:00,21,No Holiday,14.8,0.0,0.0,9,Clear,sky is clear,3030
2023-05-22 22:00:00,22,No Holiday,17.4,0.0,0.0,7,Clear,sky is clear,865
2023-05-22 23:00:00,23,No Holiday,11.8,0.0,0.0,5,Clear,sky is clear,754
2023-05-23 00:00:00,0,No Holiday,15.8,0.0,0.0,46,Clouds,scattered clouds,451
2023-05-23 01:00:00,1,No Holiday,14.3,0.0,0.0,81,Mist,mist,623
2023-05-23 02:00:00,2,No Holiday,14.2,0.0,0.0,32,Clouds,few clouds,735
2023-05-23 03:00:00,3,No Holiday,12.9,2.05,0.0,78,Rain,moderate rain,494
2023-05-23 04:00:00,4,No Holiday,15.0,0.14,0.0,70,Rain,light rain,655
2023-05-23 05:00:00,5,No Holiday,16.0,0.0,0.0,71,Mist,mist,395
2023-05-23 06:00:00,6,No Holiday,14.4,0.0,0.0,70,Clouds,few clouds,748
2023-05-23 07:00:00,7,No Holiday,9.9,0.0,0.0,3,Clear,sky is clear,4774
2023-05-23 08:00:00,8,No Holiday,16.5,0.73,0.0,93,Drizzle,light intensity drizzle,3943
2023-05-23 09:00:00,9,No Holiday,14.7,0.0,0.0,46,Clouds,scattered clouds,4464
2023-05-23 10:00:00,10,No Holiday,20.0,0.1,0.0,86,Rain,moderate rain,3070
2023-05-23 11:00:00,11,No Holiday,21.5,0.0,0.0,3,Clear,sky is clear,3374
2023-05-23 12:00:00,12,No Holiday,23.7,0.0,0.0,86,Clouds,broken clouds,3414
2023-05-23 13:00:00,13,No Holiday,19.0,0.0,0.0,51,Clouds,scattered clouds,3342
2023-05-23 14:00:00,14,No Holiday,24.6,0.0,0.0,57,Clouds,broken clouds,3246
2023-05-23 15:00:00,15,No Holiday,18.6,0.0,0.0,46,Clouds,scattered clouds,3086
2023-05-23 16:00:00,16,No Holiday,19.0,1.45,0.0,89,Rain,heavy intensity rain,4397
2023-05-23 17:00:00,17,No Holiday,23.1,0.0,0.0,2,Clear,sky is clear,5978
2023-05-23 18:00:00,18,No Holiday,20.5,0.0,0.0,35,Clouds,scattered clouds,5592
2023-05-23 19:00:00,19,No Holiday,21.2,0.0,0.0,75,Fog,fog,2223
2023-05-23 20:00:00,20,No Holiday,17.9,0.0,0.0,73,Clouds,broken clouds,2838
2023-05-23 21:00:00,21,No Holiday,19.5,0.0,0.0,66,Clouds,overcast clouds,3018
2023-05-23 22:00:00,22,No Holiday,17.8,0.0,0.0,1,Clear,sky is clear,840
2023-05-23 23:00:00,23,No Holiday,16.6,5.84,0.0,73,Rain,light rain,548
2023-05-24 00:00:00,0,No Holiday,15.2,0.0,0.0,80,Clouds,scattered clouds,673
2023-05-24 01:00:00,1,No Holiday,12.3,0.0,0.0,8,Clear,sky is clear,931
2023-05-24 02:00:00,2,No Holiday,16.0,0.0,0.0,15,Clear,sky is clear,963
2023-05-24 03:00:00,3,No Holiday,12.3,6.15,0.0,99,Rain,heavy intensity rain,862
2023-05-24 04:00:00,4,No Holiday,13.8,0.0,0.0,55,Clouds,overcast clouds,403
2023-05-24 05:00:00,5,No Holiday,12.2,0.0,0.0,55,Clouds,overcast clouds,822
2023-05-24 06:00:00,6,No Holiday,15.2,0.0,0.0,10,Clear,sky is clear,725
2023-05-24 07:00:00,7,No Holiday,18.1,0.0,0.0,78,Fog,fog,4619
2023-05-24 08:00:00,8,No Holiday,13.3,0.0,0.0,85,Mist,mist,4642
2023-05-24 09:00:00,9,No Holiday,13.1,0.0,0.0,0,Clear,sky is clear,5045
2023-05-24 10:00:00,10,No Holiday,15.9,0.0,0.0,17,Clear,sky is clear,3930
2023-05-24 11:00:00,11,No Holiday,15.1,0.0,0.0,9,Clear,sky is clear,3588
2023-05-24 12:00:00,12,No Holiday,20.4,0.0,0.0,79,Thunderstorm,proximity thunderstorm,2187
2023-05-24 13:00:00,13,No Holiday,17.4,4.36,0.0,99,Rain,heavy intensity rain,3300
2023-05-24 14:00:00,14,No Holiday,20.7,0.0,0.0,1,Clear,sky is clear,3749
2023-05-24 15:00:00,15,No Holiday,23.4,0.0,0.0,2,Clear,sky is clear,3423
2023-05-24 16:00:00,16,No Holiday,21.6,7.26,0.0,98,Rain,moderate rain,4560
2023-05-24 17:00:00,17,No Holiday,20.8,0.0,0.0,92,Clouds,few clouds,4976
2023-05-24 18:00:00,18,No Holiday,20.7,0.0,0.0,85,Clouds,broken clouds,5153
2023-05-24 19:00:00,19,No Holiday,18.9,0.0,0.0,3,Clear,sky is clear,2871
2023-05-24 20:00:00,20,No Holiday,21.2,0.0,0.0,60,Clouds,scattered clouds,2523
2023-05-24 21:00:00,21,No Holiday,17.3,0.0,0.0,19,Clear,sky is clear,3042
2023-05-24 22:00:00,22,No Holiday,17.4,0.0,0.0,13,Clear,sky is clear,661
2023-05-24 23:00:00,23,No Holiday,14.9,0.0,0.0,76,Clouds,broken clouds,906
2023-05-25 00:00:00,0,No Holiday,14.2,0.0,0.0,16,Clear,sky is clear,757
2023-05-25 01:00:00,1,No Holiday,13.4,0.0,0.0,79,Clouds,scattered clouds,800
2023-05-25 02:00:00,2,No Holiday,14.3,0.0,0.0,0,Clear,sky is clear,919
2023-05-25 03:00:00,3,No Holiday,16.5,0.55,0.0,89,Drizzle,light intensity drizzle,541
2023-05-25 04:00:00,4,No Holiday,14.0,0.0,0.0,72,Clouds,broken clouds,974
2023-05-25 05:00:00,5,No Holiday,13.4,4.1,0.0,97,Rain,moderate rain,763
2023-05-25 06:00:00,6,No Holiday,16.5,0.0,0.0,91,Fog,fog,975
2023-05-25 07:00:00,7,No Holiday,17.6,0.0,0.0,19,Clear,sky is clear,5147
2023-05-25 08:00:00,8,No Holiday,16.5,0.0,0.0,90,Mist,mist,4200
2023-05-25 09:00:00,9,No Holiday,18.0,0.0,0.0,80,Mist,mist,4483
2023-05-25 10:00:00,10,No Holiday,18.1,0.0,0.0,3,Clear,sky is clear,3558
2023-05-25 11:00:00,11,No Holiday,18.0,0.0,0.0,89,Fog,fog,3332
2023-05-25 12:00:00,12,No Holiday,18.7,0.0,0.0,32,Clouds,overcast clouds,3703
2023-05-25 13:00:00,13,No Holiday,17.4,0.0,0.0,6,Clear,sky is clear,3828
2023-05-25 14:00:00,14,No Holiday,21.3,0.0,0.0,18,Clear,sky is clear,3309
2023-05-25 15:00:00,15,No Holiday,22.7,0.0,0.0,6,Clear,sky is clear,3683
2023-05-25 16:00:00,16,No Holiday,19.7,0.21,0.0,91,Rain,heavy intensity rain,4302
2023-05-25 17:00:00,17,No Holiday,20.9,0.0,0.0,81,Fog,fog,5285
2023-05-25 18:00:00,18,No Holiday,16.4,0.0,0.0,43,Clouds,scattered clouds,5000
2023-05-25 19:00:00,19,No Holiday,20.1,0.0,0.0,7,Clear,sky is clear,2801
2023-05-25 20:00:00,20,No Holiday,17.8,0.0,0.0,16,Clear,sky is clear,2572
2023-05-25 21:00:00,21,No Holiday,17.8,0.0,0.0,43,Clouds,overcast clouds,2881
2023-05-25 22:00:00,22,No Holiday,11.9,0.0,0.0,49,Clouds,scattered clouds,681
2023-05-25 23:00:00,23,No Holiday,14.1,0.0,0.0,89,Mist,mist,635
2023-05-26 00:00:00,0,No Holiday,14.9,0.0,0.0,11,Clear,sky is clear,814
2023-05-26 01:00:00,1,No Holiday,13.7,0.0,0.0,68,Clouds,broken clouds,852
2023-05-26 02:00:00,2,No Holiday,11.3,0.0,0.0,91,Fog,fog,1030
2023-05-26 03:00:00,3,No Holiday,11.4,0.0,0.0,12,Clear,sky is clear,678
2023-05-26 04:00:00,4,No Holiday,14.0,0.0,0.0,83,Clouds,few clouds,885
2023-05-26 05:00:00,5,No Holiday,17.8,0.0,0.0,3,Clear,sky is clear,606
2023-05-26 06:00:00,6,No Holiday,11.8,0.0,0.0,16,Clear,sky is clear,855
2023-05-26 07:00:00,7,No Holiday,14.9,0.52,0.0,84,Drizzle,light intensity drizzle,4237
2023-05-26 08:00:00,8,No Holiday,19.6,0.0,0.0,49,Clouds,scattered clouds,4710
2023-05-26 09:00:00,9,No Holiday,18.0,0.0,0.0,4,Clear,sky is clear,4803
2023-05-26 10:00:00,10,No Holiday,19.1,0.0,0.0,9,Clear,sky is clear,2995
2023-05-26 11:00:00,11,No Holiday,21.9,0.0,0.0,51,Clouds,scattered clouds,3151
2023-05-26 12:00:00,12,No Holiday,21.0,0.0,0.0,9,Clear,sky is clear,3434
2023-05-26 13:00:00,13,No Holiday,22.8,0.0,0.0,93,Mist,mist,3225
2023-05-26 14:00:00,14,No Holiday,20.4,0.0,0.0,10,Clear,sky is clear,3358
2023-05-26 15:00:00,15,No Holiday,22.9,0.0,0.0,15,Clear,sky is clear,3615
2023-05-26 16:00:00,16,No Holiday,22.2,0.0,0.0,94,Clouds,scattered clouds,6049
2023-05-26 17:00:00,17,No Holiday,20.8,0.0,0.0,99,Clouds,broken clouds,5079
2023-05-26 18:00:00,18,No Holiday,23.3,0.98,0.0,96,Drizzle,light intensity drizzle,5159
2023-05-26 19:00:00,19,No Holiday,23.4,0.0,0.0,2,Clear,sky is clear,2638
2023-05-26 20:00:00,20,No Holiday,18.0,0.0,0.0,5,Clear,sky is clear,2775
2023-05-26 21:00:00,21,No Holiday,17.7,0.0,0.0,16,Clear,sky is clear,2808
2023-05-26 22:00:00,22,No Holiday,15.3,0.0,0.0,67,Clouds,overcast clouds,618
2023-05-26 23:00:00,23,No Holiday,10.6,0.0,0.0,99,Clouds,broken clouds,565
2023-05-27 00:00:00,0,No Holiday,12.3,0.0,0.0,55,Clouds,overcast clouds,396
2023-05-27 01:00:00,1,No Holiday,11.7,1.38,0.0,81,Rain,heavy intensity rain,471
2023-05-27 02:00:00,2,No Holiday,15.8,0.0,0.0,16,Clear,sky is clear,289
2023-05-27 03:00:00,3,No Holiday,12.7,0.0,0.0,59,Clouds,scattered clouds,527
2023-05-27 04:00:00,4,No Holiday,11.8,0.0,0.0,3,Clear,sky is clear,453
2023-05-27 05:00:00,5,No Holiday,13.1,4.32,0.0,94,Rain,moderate rain,432
2023-05-27 06:00:00,6,No Holiday,19.3,0.0,0.0,73,Clouds,scattered clouds,411
2023-05-27 07:00:00,7,No Holiday,14.3,0.0,0.0,16,Clear,sky is clear,3021
2023-05-27 08:00:00,8,No Holiday,17.7,0.0,0.0,79,Mist,mist,2844
2023-05-27 09:00:00,9,No Holiday,18.5,0.0,0.0,92,Clouds,overcast clouds,2941
2023-05-27 10:00:00,10,No Holiday,17.3,0.0,0.0,83,Mist,mist,2157
2023-05-27 11:00:00,11,No Holiday,19.8,0.0,0.0,31,Clouds,scattered clouds,2545
2023-05-27 12:00:00,12,No Holiday,20.0,0.0,0.0,46,Clouds,broken clouds,3013
2023-05-27 13:00:00,13,No Holiday,22.9,0.0,0.0,61,Clouds,overcast clouds,2865
2023-05-27 14:00:00,14,No Holiday,22.6,4.42,0.0,73,Rain,moderate rain,2402
2023-05-27 15:00:00,15,No Holiday,20.1,0.0,0.0,86,Mist,mist,2551
2023-05-27 16:00:00,16,No Holiday,22.2,1.97,0.0,86,Rain,heavy intensity rain,3117
2023-05-27 17:00:00,17,No Holiday,19.0,3.82,0.0,91,Rain,heavy intensity rain,3982
2023-05-27 18:00:00,18,No Holiday,19.6,0.0,0.0,3,Clear,sky is clear,3665
2023-05-27 19:00:00,19,No Holiday,22.9,0.0,0.0,18,Clear,sky is clear,1439
2023-05-27 20:00:00,20,No Holiday,18.7,0.0,0.0,44,Clouds,few clouds,1864
2023-05-27 21:00:00,21,No Holiday,17.3,0.0,0.0,72,Fog,fog,1427
2023-05-27 22:00:00,22,No Holiday,16.3,0.0,0.0,18,Clear,sky is clear,531
2023-05-27 23:00:00,23,No Holiday,14.5,0.0,0.0,17,Clear,sky is clear,281
2023-05-28 00:00:00,0,No Holiday,15.9,0.0,0.0,98,Fog,fog,301
2023-05-28 01:00:00,1,No Holiday,18.9,0.0,0.0,12,Clear,sky is clear,556
2023-05-28 02:00:00,2,No Holiday,15.5,0.0,0.0,82,Fog,fog,452
2023-05-28 03:00:00,3,No Holiday,12.2,1.82,0.0,80,Rain,moderate rain,453
2023-05-28 04:00:00,4,No Holiday,12.4,0.0,0.0,10,Clear,sky is clear,528
2023-05-28 05:00:00,5,No Holiday,18.0,0.0,0.0,63,Clouds,few clouds,427
2023-05-28 06:00:00,6,No Holiday,14.8,0.0,0.0,67,Clouds,overcast clouds,547
2023-05-28 07:00:00,7,No Holiday,18.3,0.0,0.0,12,Clear,sky is clear,3146
2023-05-28 08:00:00,8,No Holiday,18.0,0.0,0.0,88,Clouds,scattered clouds,2967
2023-05-28 09:00:00,9,No Holiday,18.1,0.0,0.0,68,Clouds,scattered clouds,3271
2023-05-28 10:00:00,10,No Holiday,21.7,0.0,0.0,89,Mist,mist,1911
2023-05-28 11:00:00,11,No Holiday,19.3,0.0,0.0,16,Clear,sky is clear,2348
2023-05-28 12:00:00,12,No Holiday,20.3,0.0,0.0,99,Clouds,scattered clouds,2574
2023-05-28 13:00:00,13,No Holiday,23.6,0.0,0.0,97,Mist,mist,2230
2023-05-28 14:00:00,14,No Holiday,25.4,0.0,0.0,9,Clear,sky is clear,2760
2023-05-28 15:00:00,15,No Holiday,21.9,0.0,0.0,6,Clear,sky is clear,2569
2023-05-28 16:00:00,16,No Holiday,20.9,0.0,0.0,94,Clouds,few clouds,4075
2023-05-28 17:00:00,17,No Holiday,21.9,0.0,0.0,82,Mist,mist,4011
2023-05-28 18:00:00,18,No Holiday,19.4,0.0,0.0,7,Clear,sky is clear,3737
2023-05-28 19:00:00,19,No Holiday,19.9,0.0,0.0,41,Clouds,scattered clouds,1757
2023-05-28 20:00:00,20,No Holiday,18.1,0.0,0.0,15,Clear,sky is clear,1824
2023-05-28 21:00:00,21,No Holiday,21.2,0.0,0.0,15,Clear,sky is clear,1828
2023-05-28 22:00:00,22,No Holiday,13.6,0.0,0.0,7,Clear,sky is clear,468
2023-05-28 23:00:00,23,No Holiday,13.9,0.0,0.0,9,Clear,sky is clear,442
2023-05-29 00:00:00,0,Memorial Day,14.9,0.0,0.0,91,Clouds,overcast clouds,250
2023-05-29 01:00:00,1,Memorial Day,15.0,0.0,0.0,2,Clear,sky is clear,338
2023-05-29 02:00:00,2,Memorial Day,17.1,0.0,0.0,1,Clear,sky is clear,377
2023-05-29 03:00:00,3,Memorial Day,12.1,2.72,0.0,99,Rain,moderate rain,265
2023-05-29 04:00:00,4,Memorial Day,14.9,0.0,0.0,15,Clear,sky is clear,318
2023-05-29 05:00:00,5,Memorial Day,14.1,0.0,0.0,88,Thunderstorm,thunderstorm with light rain,192
2023-05-29 06:00:00,6,Memorial Day,13.8,0.0,0.0,1,Clear,sky is clear,197
2023-05-29 07:00:00,7,Memorial Day,17.3,0.0,0.0,56,Clouds,scattered clouds,2126
2023-05-29 08:00:00,8,Memorial Day,16.6,0.0,0.0,6,Clear,sky is clear,2081
2023-05-29 09:00:00,9,Memorial Day,17.6,0.0,0.0,86,Clouds,overcast clouds,2319
2023-05-29 10:00:00,10,Memorial Day,15.6,0.0,0.0,11,Clear,sky is clear,1534
2023-05-29 11:00:00,11,Memorial Day,22.5,0.0,0.0,1,Clear,sky is clear,1624
2023-05-29 12:00:00,12,Memorial Day,22.0,0.41,0.0,84,Drizzle,light intensity drizzle,1421
2023-05-29 13:00:00,13,Memorial Day,20.5,2.2,0.0,71,Rain,heavy intensity rain,1387
2023-05-29 14:00:00,14,Memorial Day,22.5,1.14,0.0,80,Rain,light rain,1368
2023-05-29 15:00:00,15,Memorial Day,17.4,0.0,0.0,74,Clouds,scattered clouds,1493
2023-05-29 16:00:00,16,Memorial Day,20.2,0.0,0.0,76,Mist,mist,2210
2023-05-29 17:00:00,17,Memorial Day,20.0,0.0,0.0,96,Mist,mist,2246
2023-05-29 18:00:00,18,Memorial Day,19.0,0.0,0.0,6,Clear,sky is clear,2433
2023-05-29 19:00:00,19,Memorial Day,18.1,0.0,0.0,71,Clouds,broken clouds,1315
2023-05-29 20:00:00,20,Memorial Day,18.4,0.0,0.0,87,Mist,mist,1241
2023-05-29 21:00:00,21,Memorial Day,17.1,0.45,0.0,78,Rain,moderate rain,1101
2023-05-29 22:00:00,22,Memorial Day,16.1,0.0,0.0,10,Clear,sky is clear,231
2023-05-29 23:00:00,23,Memorial Day,19.7,0.0,0.0,3,Clear,sky is clear,255
2023-05-30 00:00:00,0,No Holiday,15.9,0.0,0.0,0,Clear,sky is clear,688
2023-05-30 01:00:00,1,No Holiday,14.8,0.0,0.0,17,Clear,sky is clear,682
2023-05-30 02:00:00,2,No Holiday,11.1,0.0,0.0,13,Clear,sky is clear,684
2023-05-30 03:00:00,3,No Holiday,13.5,0.0,0.0,64,Clouds,broken clouds,575
2023-05-30 04:00:00,4,No Holiday,15.6,0.0,0.0,51,Clouds,overcast clouds,775
2023-05-30 05:00:00,5,No Holiday,16.6,0.15,0.0,75,Drizzle,light intensity drizzle,848
2023-05-30 06:00:00,6,No Holiday,15.4,0.0,0.0,8,Clear,sky is clear,725
2023-05-30 07:00:00,7,No Holiday,16.2,0.0,0.0,13,Clear,sky is clear,4732
2023-05-30 08:00:00,8,No Holiday,15.8,0.0,0.0,1,Clear,sky is clear,4911
2023-05-30 09:00:00,9,No Holiday,16.6,0.0,0.0,5,Clear,sky is clear,5036
2023-05-30 10:00:00,10,No Holiday,19.7,0.16,0.0,72,Drizzle,light intensity drizzle,3008
2023-05-30 11:00:00,11,No Holiday,20.2,0.0,0.0,17,Clear,sky is clear,3530
2023-05-30 12:00:00,12,No Holiday,20.9,0.0,0.0,62,Clouds,overcast clouds,3422
2023-05-30 13:00:00,13,No Holiday,22.9,0.0,0.0,79,Mist,mist,3192
2023-05-30 14:00:00,14,No Holiday,22.6,0.0,0.0,32,Clouds,few clouds,3456
2023-05-30 15:00:00,15,No Holiday,26.1,0.0,0.0,33,Clouds,scattered clouds,3553
2023-05-30 16:00:00,16,No Holiday,22.5,0.0,0.0,16,Clear,sky is clear,5532
2023-05-30 17:00:00,17,No Holiday,19.5,0.0,0.0,0,Clear,sky is clear,5608
2023-05-30 18:00:00,18,No Holiday,22.0,0.5,0.0,77,Rain,light rain,4617
2023-05-30 19:00:00,19,No Holiday,13.9,0.0,0.0,10,Clear,sky is clear,2967
2023-05-30 20:00:00,20,No Holiday,19.1,0.0,0.0,98,Clouds,few clouds,2485
2023-05-30 21:00:00,21,No Holiday,14.5,0.0,0.0,61,Clouds,overcast clouds,2824
2023-05-30 22:00:00,22,No Holiday,20.0,0.0,0.0,78,Mist,mist,894
2023-05-30 23:00:00,23,No Holiday,17.3,0.0,0.0,13,Clear,sky is clear,500
2023-05-31 00:00:00,0,No Holiday,13.7,0.0,0.0,42,Clouds,few clouds,1139
2023-05-31 01:00:00,1,No Holiday,14.3,0.0,0.0,11,Clear,sky is clear,746
2023-05-31 02:00:00,2,No Holiday,15.0,0.0,0.0,11,Clear,sky is clear,746
2023-05-31 03:00:00,3,No Holiday,14.6,1.09,0.0,89,Rain,light rain,624
2023-05-31 04:00:00,4,No Holiday,14.7,0.0,0.0,11,Clear,sky is clear,814
2023-05-31 05:00:00,5,No Holiday,16.8,0.0,0.0,85,Fog,fog,543
2023-05-31 06:00:00,6,No Holiday,17.5,0.0,0.0,86,Clouds,overcast clouds,811
2023-05-31 07:00:00,7,No Holiday,15.5,0.23,0.0,85,Rain,light rain,4127
2023-05-31 08:00:00,8,No Holiday,13.1,0.0,0.0,69,Clouds,few clouds,4617
2023-05-31 09:00:00,9,No Holiday,15.8,0.0,0.0,1,Clear,sky is clear,5028
2023-05-31 10:00:00,10,No Holiday,17.7,0.0,0.0,6,Clear,sky is clear,3322
2023-05-31 11:00:00,11,No Holiday,21.2,0.0,0.0,85,Mist,mist,3433
2023-05-31 12:00:00,12,No Holiday,19.8,0.0,0.0,10,Clear,sky is clear,3324
2023-05-31 13:00:00,13,No Holiday,22.6,0.0,0.0,92,Clouds,few clouds,2990
2023-05-31 14:00:00,14,No Holiday,22.0,0.0,0.0,19,Clear,sky is clear,3372
2023-05-31 15:00:00,15,No Holiday,21.4,0.0,0.0,36,Clouds,overcast clouds,3856
2023-05-31 16:00:00,16,No Holiday,19.6,1.22,0.0,99,Rain,heavy intensity rain,4223
2023-05-31 17:00:00,17,No Holiday,18.2,0.0,0.0,89,Thunderstorm,thunderstorm with light rain,3371
2023-05-31 18:00:00,18,No Holiday,23.9,4.43,0.0,75,Rain,light rain,4927
2023-05-31 19:00:00,19,No Holiday,19.7,0.0,0.0,56,Clouds,overcast clouds,2900
2023-05-31 20:00:00,20,No Holiday,16.8,0.0,0.0,5,Clear,sky is clear,2955
2023-05-31 21:00:00,21,No Holiday,17.7,0.0,0.0,18,Clear,sky is clear,2917
2023-05-31 22:00:00,22,No Holiday,19.1,0.0,0.0,14,Clear,sky is clear,776
2023-05-31 23:00:00,23,No Holiday,13.9,0.0,0.0,4,Clear,sky is clear,786
2023-06-01 00:00:00,0,No Holiday,22.5,0.0,0.0,94,Mist,mist,889
2023-06-01 01:00:00,1,No Holiday,18.9,0.0,0.0,80,Clouds,broken clouds,653
2023-06-01 02:00:00,2,No Holiday,19.6,0.0,0.0,84,Clouds,broken clouds,927
2023-06-01 03:00:00,3,No Holiday,16.0,0.0,0.0,80,Clouds,scattered clouds,455
2023-06-01 04:00:00,4,No Holiday,21.3,0.55,0.0,75,Rain,moderate rain,514
2023-06-01 05:00:00,5,No Holiday,15.8,0.0,0.0,2,Clear,sky is clear,644
2023-06-01 06:00:00,6,No Holiday,18.2,0.0,0.0,18,Clear,sky is clear,607
2023-06-01 07:00:00,7,No Holiday,19.9,0.0,0.0,65,Clouds,broken clouds,4643
2023-06-01 08:00:00,8,No Holiday,19.6,0.0,0.0,5,Clear,sky is clear,4757
2023-06-01 09:00:00,9,No Holiday,22.0,0.0,0.0,64,Clouds,overcast clouds,4667
2023-06-01 10:00:00,10,No Holiday,23.8,0.0,0.0,33,Clouds,few clouds,3612
2023-06-01 11:00:00,11,No Holiday,22.9,0.0,0.0,16,Clear,sky is clear,3466
2023-06-01 12:00:00,12,No Holiday,24.4,0.0,0.0,79,Clouds,broken clouds,3551
2023-06-01 13:00:00,13,No Holiday,23.3,0.0,0.0,16,Clear,sky is clear,3808
2023-06-01 14:00:00,14,No Holiday,27.7,0.0,0.0,4,Clear,sky is clear,3401
2023-06-01 15:00:00,15,No Holiday,27.4,5.84,0.0,80,Rain,heavy intensity rain,2843
2023-06-01 16:00:00,16,No Holiday,30.5,0.0,0.0,62,Clouds,broken clouds,5872
2023-06-01 17:00:00,17,No Holiday,27.9,0.0,0.0,3,Clear,sky is clear,5806
2023-06-01 18:00:00,18,No Holiday,26.0,0.0,0.0,6,Clear,sky is clear,5114
2023-06-01 19:00:00,19,No Holiday,30.0,0.0,0.0,4,Clear,sky is clear,2827
2023-06-01 20:00:00,20,No Holiday,26.1,0.0,0.0,5,Clear,sky is clear,2796
2023-06-01 21:00:00,21,No Holiday,19.3,0.0,0.0,82,Clouds,broken clouds,2636
2023-06-01 22:00:00,22,No Holiday,23.2,1.22,0.0,92,Rain,moderate rain,713
2023-06-01 23:00:00,23,No Holiday,22.0,0.0,0.0,19,Clear,sky is clear,874
2023-06-02 00:00:00,0,No Holiday,22.4,0.0,0.0,68,Clouds,scattered clouds,743
2023-06-02 01:00:00,1,No Holiday,19.1,0.0,0.0,6,Clear,sky is clear,600
2023-06-02 02:00:00,2,No Holiday,18.5,0.0,0.0,11,Clear,sky is clear,640
2023-06-02 03:00:00,3,No Holiday,17.2,0.0,0.0,56,Clouds,scattered clouds,568
2023-06-02 04:00:00,4,No Holiday,18.8,0.0,0.0,71,Thunderstorm,proximity thunderstorm,165
2023-06-02 05:00:00,5,No Holiday,16.8,0.0,0.0,98,Clouds,overcast clouds,791
2023-06-02 06:00:00,6,No Holiday,16.9,0.0,0.0,9,Clear,sky is clear,761
2023-06-02 07:00:00,7,No Holiday,23.9,0.0,0.0,44,Clouds,few clouds,4974
2023-06-02 08:00:00,8,No Holiday,23.3,0.0,0.0,10,Clear,sky is clear,5265
2023-06-02 09:00:00,9,No Holiday,23.9,0.0,0.0,0,Clear,sky is clear,4645
2023-06-02 10:00:00,10,No Holiday,27.1,0.0,0.0,81,Fog,fog,3050
2023-06-02 11:00:00,11,No Holiday,31.6,0.0,0.0,47,Clouds,few clouds,4020
2023-06-02 12:00:00,12,No Holiday,27.5,0.0,0.0,9,Clear,sky is clear,3558
2023-06-02 13:00:00,13,No Holiday,27.0,0.0,0.0,92,Mist,mist,3125
2023-06-02 14:00:00,14,No Holiday,23.5,1.69,0.0,81,Rain,moderate rain,3161
2023-06-02 15:00:00,15,No Holiday,24.7,0.0,0.0,81,Mist,mist,3308
2023-06-02 16:00:00,16,No Holiday,28.6,0.0,0.0,18,Clear,sky is clear,5105
2023-06-02 17:00:00,17,No Holiday,28.3,2.91,0.0,74,Rain,light rain,5088
2023-06-02 18:00:00,18,No Holiday,24.3,0.0,0.0,39,Clouds,few clouds,6080
2023-06-02 19:00:00,19,No Holiday,26.4,0.0,0.0,42,Clouds,overcast clouds,2982
2023-06-02 20:00:00,20,No Holiday,21.0,0.0,0.0,10,Clear,sky is clear,2652
2023-06-02 21:00:00,21,No Holiday,24.9,0.0,0.0,9,Clear,sky is clear,3193
2023-06-02 22:00:00,22,No Holiday,20.6,4.51,0.0,87,Rain,heavy intensity rain,440
2023-06-02 23:00:00,23,No Holiday,20.0,0.0,0.0,79,Clouds,scattered clouds,867
2023-06-03 00:00:00,0,No Holiday,21.8,2.26,0.0,71,Rain,moderate rain,319
2023-06-03 01:00:00,1,No Holiday,21.9,0.0,0.0,36,Clouds,scattered clouds,390
2023-06-03 02:00:00,2,No Holiday,17.7,0.1,0.0,73,Rain,moderate rain,464
2023-06-03 03:00:00,3,No Holiday,18.1,0.0,0.0,86,Thunderstorm,proximity thunderstorm,353
2023-06-03 04:00:00,4,No Holiday,17.1,0.0,0.0,99,Thunderstorm,thunderstorm with light rain,298
2023-06-03 05:00:00,5,No Holiday,21.0,0.0,0.0,91,Clouds,few clouds,525
2023-06-03 06:00:00,6,No Holiday,18.2,0.0,0.0,37,Clouds,overcast clouds,452
2023-06-03 07:00:00,7,No Holiday,19.0,0.0,0.0,8,Clear,sky is clear,3032
2023-06-03 08:00:00,8,No Holiday,21.3,0.0,0.0,90,Clouds,overcast clouds,2922
2023-06-03 09:00:00,9,No Holiday,25.6,0.0,0.0,17,Clear,sky is clear,2858
2023-06-03 10:00:00,10,No Holiday,24.8,0.0,0.0,5,Clear,sky is clear,2376
2023-06-03 11:00:00,11,No Holiday,24.1,0.0,0.0,19,Clear,sky is clear,2290
2023-06-03 12:00:00,12,No Holiday,27.0,6.8,0.0,93,Rain,heavy intensity rain,2531
2023-06-03 13:00:00,13,No Holiday,28.4,0.0,0.0,77,Clouds,broken clouds,2832
2023-06-03 14:00:00,14,No Holiday,22.8,0.0,0.0,84,Clouds,few clouds,2758
2023-06-03 15:00:00,15,No Holiday,27.3,0.0,0.0,7,Clear,sky is clear,2495
2023-06-03 16:00:00,16,No Holiday,28.2,0.0,0.0,13,Clear,sky is clear,4223
2023-06-03 17:00:00,17,No Holiday,24.4,0.0,0.0,15,Clear,sky is clear,4122
2023-06-03 18:00:00,18,No Holiday,24.1,0.39,0.0,83,Drizzle,light intensity drizzle,3382
2023-06-03 19:00:00,19,No Holiday,27.5,0.0,0.0,13,Clear,sky is clear,1742
2023-06-03 20:00:00,20,No Holiday,24.1,0.0,0.0,2,Clear,sky is clear,1952
2023-06-03 21:00:00,21,No Holiday,24.6,0.0,0.0,14,Clear,sky is clear,1601
2023-06-03 22:00:00,22,No Holiday,23.8,0.0,0.0,62,Clouds,scattered clouds,484
2023-06-03 23:00:00,23,No Holiday,23.6,0.0,0.0,5,Clear,sky is clear,425
2023-06-04 00:00:00,0,No Holiday,20.4,0.0,0.0,52,Clouds,scattered clouds,286
2023-06-04 01:00:00,1,No Holiday,21.0,0.0,0.0,17,Clear,sky is clear,452
2023-06-04 02:00:00,2,No Holiday,19.8,0.0,0.0,6,Clear,sky is clear,492
2023-06-04 03:00:00,3,No Holiday,19.1,0.0,0.0,70,Clouds,overcast clouds,651
2023-06-04 04:00:00,4,No Holiday,16.4,0.0,0.0,17,Clear,sky is clear,528
2023-06-04 05:00:00,5,No Holiday,16.9,0.0,0.0,17,Clear,sky is clear,252
2023-06-04 06:00:00,6,No Holiday,23.3,0.0,0.0,19,Clear,sky is clear,373
2023-06-04 07:00:00,7,No Holiday,20.2,0.0,0.0,40,Clouds,few clouds,3200
2023-06-04 08:00:00,8,No Holiday,26.4,0.0,0.0,16,Clear,sky is clear,3147
2023-06-04 09:00:00,9,No Holiday,25.8,0.0,0.0,7,Clear,sky is clear,3378
2023-06-04 10:00:00,10,No Holiday,23.7,0.0,0.0,51,Clouds,few clouds,2353
2023-06-04 11:00:00,11,No Holiday,25.0,0.0,0.0,34,Clouds,few clouds,2306
2023-06-04 12:00:00,12,No Holiday,28.1,0.0,0.0,77,Clouds,broken clouds,2726
2023-06-04 13:00:00,13,No Holiday,26.0,0.0,0.0,81,Clouds,scattered clouds,2559
2023-06-04 14:00:00,14,No Holiday,27.2,0.0,0.0,86,Clouds,overcast clouds,2978
2023-06-04 15:00:00,15,No Holiday,24.6,0.0,0.0,97,Mist,mist,2538
2023-06-04 16:00:00,16,No Holiday,27.2,5.69,0.0,78,Rain,heavy intensity rain,3763
2023-06-04 17:00:00,17,No Holiday,24.6,0.0,0.0,47,Clouds,overcast clouds,4265
2023-06-04 18:00:00,18,No Holiday,26.1,0.0,0.0,45,Clouds,broken clouds,3455
2023-06-04 19:00:00,19,No Holiday,23.2,0.0,0.0,19,Clear,sky is clear,1970
2023-06-04 20:00:00,20,No Holiday,25.2,0.0,0.0,62,Clouds,few clouds,1765
2023-06-04 21:00:00,21,No Holiday,21.2,0.0,0.0,3,Clear,sky is clear,1895
2023-06-04 22:00:00,22,No Holiday,20.6,0.0,0.0,90,Clouds,few clouds,563
2023-06-04 23:00:00,23,No Holiday,20.2,0.0,0.0,0,Clear,sky is clear,456
2023-06-05 00:00:00,0,No Holiday,15.0,0.0,0.0,96,Clouds,broken clouds,578
2023-06-05 01:00:00,1,No Holiday,18.2,0.0,0.0,51,Clouds,broken clouds,898
2023-06-05 02:00:00,2,No Holiday,17.6,0.0,0.0,99,Clouds,scattered clouds,594
2023-06-05 03:00:00,3,No Holiday,13.2,0.0,0.0,84,Clouds,scattered clouds,483
2023-06-05 04:00:00,4,No Holiday,20.9,2.33,0.0,78,Rain,moderate rain,659
2023-06-05 05:00:00,5,No Holiday,18.2,0.0,0.0,31,Clouds,overcast clouds,1017
2023-06-05 06:00:00,6,No Holiday,20.1,2.14,0.0,85,Rain,moderate rain,444
2023-06-05 07:00:00,7,No Holiday,19.4,0.0,0.0,0,Clear,sky is clear,4399
2023-06-05 08:00:00,8,No Holiday,22.4,0.0,0.0,6,Clear,sky is clear,4680
2023-06-05 09:00:00,9,No Holiday,21.7,0.0,0.0,47,Clouds,scattered clouds,5062
2023-06-05 10:00:00,10,No Holiday,24.9,0.0,0.0,75,Thunderstorm,proximity thunderstorm,1875
2023-06-05 11:00:00,11,No Holiday,24.0,0.0,0.0,2,Clear,sky is clear,3472
2023-06-05 12:00:00,12,No Holiday,26.7,0.0,0.0,94,Thunderstorm,thunderstorm with light rain,2093
2023-06-05 13:00:00,13,No Holiday,26.5,0.0,0.0,49,Clouds,few clouds,3229
2023-06-05 14:00:00,14,No Holiday,27.8,0.31,0.0,85,Rain,light rain,3506
2023-06-05 15:00:00,15,No Holiday,29.6,0.0,0.0,71,Mist,mist,2816
2023-06-05 16:00:00,16,No Holiday,24.0,0.0,0.0,74,Clouds,broken clouds,5689
2023-06-05 17:00:00,17,No Holiday,25.1,0.0,0.0,81,Clouds,overcast clouds,5526
2023-06-05 18:00:00,18,No Holiday,26.2,0.0,0.0,42,Clouds,overcast clouds,5339
2023-06-05 19:00:00,19,No Holiday,23.0,0.0,0.0,75,Mist,mist,2390
2023-06-05 20:00:00,20,No Holiday,24.3,0.0,0.0,16,Clear,sky is clear,2671
2023-06-05 21:00:00,21,No Holiday,24.8,0.43,0.0,75,Rain,light rain,2523
2023-06-05 22:00:00,22,No Holiday,21.1,0.76,0.0,99,Drizzle,light intensity drizzle,805
2023-06-05 23:00:00,23,No Holiday,18.5,0.0,0.0,6,Clear,sky is clear,763
2023-06-06 00:00:00,0,No Holiday,21.4,0.0,0.0,97,Clouds,scattered clouds,761
2023-06-06 01:00:00,1,No Holiday,21.5,0.0,0.0,77,Mist,mist,542
2023-06-06 02:00:00,2,No Holiday,20.8,0.0,0.0,9,Clear,sky is clear,734
2023-06-06 03:00:00,3,No Holiday,16.9,0.0,0.0,5,Clear,sky is clear,672
2023-06-06 04:00:00,4,No Holiday,19.4,0.0,0.0,82,Clouds,few clouds,528
2023-06-06 05:00:00,5,No Holiday,17.1,0.0,0.0,52,Clouds,scattered clouds,756
2023-06-06 06:00:00,6,No Holiday,23.9,0.0,0.0,81,Clouds,overcast clouds,712
2023-06-06 07:00:00,7,No Holiday,20.3,0.0,0.0,83,Clouds,scattered clouds,4781
2023-06-06 08:00:00,8,No Holiday,21.3,2.14,0.0,75,Rain,light rain,3983
2023-06-06 09:00:00,9,No Holiday,22.7,0.0,0.0,12,Clear,sky is clear,4227
2023-06-06 10:00:00,10,No Holiday,26.3,0.0,0.0,9,Clear,sky is clear,3625
2023-06-06 11:00:00,11,No Holiday,27.9,0.0,0.0,59,Clouds,overcast clouds,3586
2023-06-06 12:00:00,12,No Holiday,24.9,0.0,0.0,76,Clouds,scattered clouds,3430
2023-06-06 13:00:00,13,No Holiday,27.1,0.03,0.0,87,Rain,moderate rain,2747
2023-06-06 14:00:00,14,No Holiday,27.6,0.0,0.0,64,Clouds,few clouds,2980
2023-06-06 15:00:00,15,No Holiday,25.8,0.0,0.0,62,Clouds,overcast clouds,3416
2023-06-06 16:00:00,16,No Holiday,27.9,0.0,0.0,65,Clouds,few clouds,5297
2023-06-06 17:00:00,17,No Holiday,27.4,0.0,0.0,3,Clear,sky is clear,5488
2023-06-06 18:00:00,18,No Holiday,27.4,0.0,0.0,9,Clear,sky is clear,5456
2023-06-06 19:00:00,19,No Holiday,23.2,0.51,0.0,85,Drizzle,light intensity drizzle,2333
2023-06-06 20:00:00,20,No Holiday,23.7,0.0,0.0,41,Clouds,scattered clouds,2769
2023-06-06 21:00:00,21,No Holiday,22.8,0.0,0.0,12,Clear,sky is clear,2874
2023-06-06 22:00:00,22,No Holiday,26.5,0.78,0.0,72,Rain,moderate rain,549
2023-06-06 23:00:00,23,No Holiday,22.5,0.0,0.0,80,Clouds,broken clouds,532
2023-06-07 00:00:00,0,No Holiday,19.0,0.0,0.0,4,Clear,sky is clear,623
2023-06-07 01:00:00,1,No Holiday,22.3,0.0,0.0,55,Clouds,few clouds,594
2023-06-07 02:00:00,2,No Holiday,18.9,0.0,0.0,14,Clear,sky is clear,819
2023-06-07 03:00:00,3,No Holiday,19.4,0.0,0.0,13,Clear,sky is clear,486
2023-06-07 04:00:00,4,No Holiday,19.0,0.0,0.0,80,Thunderstorm,proximity thunderstorm,441
2023-06-07 05:00:00,5,No Holiday,15.2,0.0,0.0,15,Clear,sky is clear,637
2023-06-07 06:00:00,6,No Holiday,18.7,0.0,0.0,13,Clear,sky is clear,1042
2023-06-07 07:00:00,7,No Holiday,21.0,0.0,0.0,17,Clear,sky is clear,4429
2023-06-07 08:00:00,8,No Holiday,20.4,0.21,0.0,98,Rain,moderate rain,4100
2023-06-07 09:00:00,9,No Holiday,20.7,0.0,0.0,70,Clouds,broken clouds,5324
2023-06-07 10:00:00,10,No Holiday,22.1,0.0,0.0,2,Clear,sky is clear,3486
2023-06-07 11:00:00,11,No Holiday,24.6,0.0,0.0,2,Clear,sky is clear,3158
2023-06-07 12:00:00,12,No Holiday,22.5,6.36,0.0,80,Rain,heavy intensity rain,2938
2023-06-07 13:00:00,13,No Holiday,25.5,0.0,0.0,80,Mist,mist,3000
2023-06-07 14:00:00,14,No Holiday,28.2,0.0,0.0,14,Clear,sky is clear,3681
2023-06-07 15:00:00,15,No Holiday,25.0,0.0,0.0,58,Clouds,scattered clouds,3591
2023-06-07 16:00:00,16,No Holiday,27.0,0.0,0.0,12,Clear,sky is clear,5779
2023-06-07 17:00:00,17,No Holiday,28.0,0.0,0.0,0,Clear,sky is clear,5384
2023-06-07 18:00:00,18,No Holiday,23.3,0.0,0.0,12,Clear,sky is clear,5350
2023-06-07 19:00:00,19,No Holiday,26.9,0.0,0.0,85,Clouds,broken clouds,2581
2023-06-07 20:00:00,20,No Holiday,22.5,0.0,0.0,16,Clear,sky is clear,2972
2023-06-07 21:00:00,21,No Holiday,25.1,1.2,0.0,71,Rain,moderate rain,2409
2023-06-07 22:00:00,22,No Holiday,23.2,0.0,0.0,98,Clouds,overcast clouds,872
2023-06-07 23:00:00,23,No Holiday,21.6,0.0,0.0,10,Clear,sky is clear,604
2023-06-08 00:00:00,0,No Holiday,16.4,0.0,0.0,16,Clear,sky is clear,902
2023-06-08 01:00:00,1,No Holiday,22.0,0.0,0.0,86,Clouds,overcast clouds,760
2023-06-08 02:00:00,2,No Holiday,17.1,0.0,0.0,90,Fog,fog,806
2023-06-08 03:00:00,3,No Holiday,15.1,0.0,0.0,52,Clouds,scattered clouds,562
2023-06-08 04:00:00,4,No Holiday,18.5,0.0,0.0,56,Clouds,few clouds,868
2023-06-08 05:00:00,5,No Holiday,17.6,0.0,0.0,38,Clouds,broken clouds,914
2023-06-08 06:00:00,6,No Holiday,19.7,0.4,0.0,76,Rain,moderate rain,445
2023-06-08 07:00:00,7,No Holiday,21.0,0.0,0.0,10,Clear,sky is clear,4463
2023-06-08 08:00:00,8,No Holiday,20.7,0.0,0.0,15,Clear,sky is clear,4720
2023-06-08 09:00:00,9,No Holiday,25.8,2.43,0.0,94,Rain,light rain,3981
2023-06-08 10:00:00,10,No Holiday,22.6,0.0,0.0,50,Clouds,overcast clouds,3353
2023-06-08 11:00:00,11,No Holiday,25.0,0.0,0.0,70,Fog,fog,3197
2023-06-08 12:00:00,12,No Holiday,24.1,0.0,0.0,79,Fog,fog,2930
2023-06-08 13:00:00,13,No Holiday,26.2,0.0,0.0,96,Clouds,scattered clouds,2870
2023-06-08 14:00:00,14,No Holiday,26.0,0.0,0.0,4,Clear,sky is clear,3508
2023-06-08 15:00:00,15,No Holiday,29.0,0.0,0.0,11,Clear,sky is clear,3516
2023-06-08 16:00:00,16,No Holiday,25.7,0.0,0.0,4,Clear,sky is clear,5300
2023-06-08 17:00:00,17,No Holiday,27.8,0.0,0.0,99,Clouds,scattered clouds,5519
2023-06-08 18:00:00,18,No Holiday,27.9,0.0,0.0,70,Clouds,overcast clouds,5924
2023-06-08 19:00:00,19,No Holiday,28.3,0.0,0.0,6,Clear,sky is clear,2473
2023-06-08 20:00:00,20,No Holiday,26.1,0.0,0.0,87,Clouds,few clouds,2978
2023-06-08 21:00:00,21,No Holiday,23.8,0.0,0.0,77,Thunderstorm,proximity thunderstorm,1665
2023-06-08 22:00:00,22,No Holiday,21.5,0.0,0.0,89,Fog,fog,559
2023-06-08 23:00:00,23,No Holiday,22.0,0.0,0.0,81,Clouds,broken clouds,769
2023-06-09 00:00:00,0,No Holiday,21.7,0.0,0.0,39,Clouds,few clouds,748
2023-06-09 01:00:00,1,No Holiday,18.7,0.0,0.0,17,Clear,sky is clear,615
2023-06-09 02:00:00,2,No Holiday,17.6,0.0,0.0,30,Clouds,broken clouds,797
2023-06-09 03:00:00,3,No Holiday,22.3,0.0,0.0,77,Mist,mist,557
2023-06-09 04:00:00,4,No Holiday,19.8,0.0,0.0,12,Clear,sky is clear,863
2023-06-09 05:00:00,5,No Holiday,17.2,0.0,0.0,35,Clouds,broken clouds,881
2023-06-09 06:00:00,6,No Holiday,19.6,0.0,0.0,70,Mist,mist,489
2023-06-09 07:00:00,7,No Holiday,19.7,0.0,0.0,15,Clear,sky is clear,4402
2023-06-09 08:00:00,8,No Holiday,21.9,10.31,0.0,70,Rain,heavy intensity rain,4281
2023-06-09 09:00:00,9,No Holiday,23.3,0.0,0.0,14,Clear,sky is clear,4573
2023-06-09 10:00:00,10,No Holiday,24.2,0.43,0.0,98,Rain,heavy intensity rain,2633
2023-06-09 11:00:00,11,No Holiday,27.7,0.0,0.0,5,Clear,sky is clear,3456
2023-06-09 12:00:00,12,No Holiday,29.5,0.0,0.0,5,Clear,sky is clear,3769
2023-06-09 13:00:00,13,No Holiday,27.4,0.0,0.0,19,Clear,sky is clear,2867
2023-06-09 14:00:00,14,No Holiday,27.6,1.32,0.0,70,Rain,heavy intensity rain,3361
2023-06-09 15:00:00,15,No Holiday,24.7,0.0,0.0,11,Clear,sky is clear,3448
2023-06-09 16:00:00,16,No Holiday,26.3,0.0,0.0,4,Clear,sky is clear,5163
2023-06-09 17:00:00,17,No Holiday,25.9,0.0,0.0,15,Clear,sky is clear,5356
2023-06-09 18:00:00,18,No Holiday,24.2,0.0,0.0,12,Clear,sky is clear,5257
2023-06-09 19:00:00,19,No Holiday,24.4,0.0,0.0,16,Clear,sky is clear,2915
2023-06-09 20:00:00,20,No Holiday,26.1,0.0,0.0,74,Clouds,few clouds,2661
2023-06-09 21:00:00,21,No Holiday,24.1,0.0,0.0,68,Clouds,few clouds,2923
2023-06-09 22:00:00,22,No Holiday,22.0,0.0,0.0,7,Clear,sky is clear,745
2023-06-09 23:00:00,23,No Holiday,24.6,0.0,0.0,99,Clouds,overcast clouds,605
2023-06-10 00:00:00,0,No Holiday,21.2,0.0,0.0,67,Clouds,broken clouds,509
2023-06-10 01:00:00,1,No Holiday,19.2,0.0,0.0,85,Thunderstorm,thunderstorm with light rain,236
2023-06-10 02:00:00,2,No Holiday,16.5,0.0,0.0,68,Clouds,overcast clouds,460
2023-06-10 03:00:00,3,No Holiday,18.8,0.0,0.0,0,Clear,sky is clear,351
2023-06-10 04:00:00,4,No Holiday,20.0,0.0,0.0,42,Clouds,few clouds,308
2023-06-10 05:00:00,5,No Holiday,23.6,0.0,0.0,8,Clear,sky is clear,404
2023-06-10 06:00:00,6,No Holiday,21.6,0.0,0.0,79,Clouds,overcast clouds,279
2023-06-10 07:00:00,7,No Holiday,23.1,0.0,0.0,18,Clear,sky is clear,3237
2023-06-10 08:00:00,8,No Holiday,24.0,0.0,0.0,5,Clear,sky is clear,2814
2023-06-10 09:00:00,9,No Holiday,23.5,0.0,0.0,11,Clear,sky is clear,2905
2023-06-10 10:00:00,10,No Holiday,23.5,0.0,0.0,58,Clouds,scattered clouds,2321
2023-06-10 11:00:00,11,No Holiday,26.4,0.0,0.0,15,Clear,sky is clear,2384
2023-06-10 12:00:00,12,No Holiday,28.9,0.0,0.0,3,Clear,sky is clear,2841
2023-06-10 13:00:00,13,No Holiday,26.1,0.0,0.0,11,Clear,sky is clear,2709
2023-06-10 14:00:00,14,No Holiday,26.0,0.0,0.0,60,Clouds,few clouds,2565
2023-06-10 15:00:00,15,No Holiday,28.9,0.0,0.0,11,Clear,sky is clear,2482
2023-06-10 16:00:00,16,No Holiday,26.3,0.0,0.0,3,Clear,sky is clear,4118
2023-06-10 17:00:00,17,No Holiday,28.0,0.0,0.0,17,Clear,sky is clear,4359
2023-06-10 18:00:00,18,No Holiday,25.7,0.0,0.0,98,Clouds,broken clouds,3767
2023-06-10 19:00:00,19,No Holiday,25.3,0.0,0.0,98,Clouds,broken clouds,1823
2023-06-10 20:00:00,20,No Holiday,26.9,0.0,0.0,63,Clouds,overcast clouds,1852
2023-06-10 21:00:00,21,No Holiday,23.5,0.0,0.0,5,Clear,sky is clear,1728
2023-06-10 22:00:00,22,No Holiday,24.5,0.0,0.0,64,Clouds,overcast clouds,511
2023-06-10 23:00:00,23,No Holiday,20.3,0.0,0.0,49,Clouds,scattered clouds,443
2023-06-11 00:00:00,0,No Holiday,19.4,0.0,0.0,62,Clouds,scattered clouds,433
2023-06-11 01:00:00,1,No Holiday,18.3,0.85,0.0,73,Drizzle,light intensity drizzle,406
2023-06-11 02:00:00,2,No Holiday,19.3,0.0,0.0,7,Clear,sky is clear,401
2023-06-11 03:00:00,3,No Holiday,19.9,0.0,0.0,6,Clear,sky is clear,551
2023-06-11 04:00:00,4,No Holiday,20.0,0.0,0.0,81,Clouds,scattered clouds,393
2023-06-11 05:00:00,5,No Holiday,19.8,0.0,0.0,1,Clear,sky is clear,443
2023-06-11 06:00:00,6,No Holiday,23.7,0.0,0.0,79,Clouds,broken clouds,458
2023-06-11 07:00:00,7,No Holiday,20.8,0.0,0.0,11,Clear,sky is clear,3342
2023-06-11 08:00:00,8,No Holiday,21.0,0.0,0.0,74,Clouds,overcast clouds,3000
2023-06-11 09:00:00,9,No Holiday,24.3,0.0,0.0,81,Mist,mist,2725
2023-06-11 10:00:00,10,No Holiday,23.5,0.0,0.0,67,Clouds,overcast clouds,2184
2023-06-11 11:00:00,11,No Holiday,21.0,0.79,0.0,76,Drizzle,light intensity drizzle,1830
2023-06-11 12:00:00,12,No Holiday,25.4,1.05,0.0,78,Rain,heavy intensity rain,2372
2023-06-11 13:00:00,13,No Holiday,28.8,3.99,0.0,91,Rain,light rain,2405
2023-06-11 14:00:00,14,No Holiday,25.0,0.0,0.0,82,Mist,mist,2347
2023-06-11 15:00:00,15,No Holiday,26.0,0.0,0.0,96,Clouds,overcast clouds,2334
2023-06-11 16:00:00,16,No Holiday,26.4,0.0,0.0,46,Clouds,broken clouds,3640
2023-06-11 17:00:00,17,No Holiday,25.8,0.0,0.0,13,Clear,sky is clear,4023
2023-06-11 18:00:00,18,No Holiday,27.5,0.0,0.0,6,Clear,sky is clear,3731
2023-06-11 19:00:00,19,No Holiday,27.7,0.0,0.0,73,Clouds,overcast clouds,1942
2023-06-11 20:00:00,20,No Holiday,24.7,0.0,0.0,36,Clouds,few clouds,1974
2023-06-11 21:00:00,21,No Holiday,23.1,0.0,0.0,3,Clear,sky is clear,1892
2023-06-11 22:00:00,22,No Holiday,20.5,0.3,0.0,85,Drizzle,light intensity drizzle,445
2023-06-11 23:00:00,23,No Holiday,19.3,0.0,0.0,99,Clouds,scattered clouds,348
2023-06-12 00:00:00,0,No Holiday,18.2,0.0,0.0,18,Clear,sky is clear,769
2023-06-12 01:00:00,1,No Holiday,23.4,0.0,0.0,10,Clear,sky is clear,825
2023-06-12 02:00:00,2,No Holiday,21.5,0.0,0.0,89,Clouds,overcast clouds,468
2023-06-12 03:00:00,3,No Holiday,18.5,0.61,0.0,91,Rain,light rain,796
2023-06-12 04:00:00,4,No Holiday,18.2,0.22,0.0,77,Rain,moderate rain,544
2023-06-12 05:00:00,5,No Holiday,18.9,0.0,0.0,88,Mist,mist,710
2023-06-12 06:00:00,6,No Holiday,16.8,0.0,0.0,8,Clear,sky is clear,897
2023-06-12 07:00:00,7,No Holiday,23.2,0.0,0.0,19,Clear,sky is clear,4618
2023-06-12 08:00:00,8,No Holiday,23.5,0.0,0.0,0,Clear,sky is clear,5058
2023-06-12 09:00:00,9,No Holiday,26.0,0.0,0.0,73,Clouds,broken clouds,4724
2023-06-12 10:00:00,10,No Holiday,23.5,0.0,0.0,92,Mist,mist,3356
2023-06-12 11:00:00,11,No Holiday,22.3,0.0,0.0,99,Clouds,scattered clouds,3437
2023-06-12 12:00:00,12,No Holiday,29.7,0.0,0.0,5,Clear,sky is clear,3674
2023-06-12 13:00:00,13,No Holiday,26.9,0.0,0.0,19,Clear,sky is clear,3525
2023-06-12 14:00:00,14,No Holiday,27.8,0.0,0.0,15,Clear,sky is clear,3804
2023-06-12 15:00:00,15,No Holiday,27.6,0.0,0.0,1,Clear,sky is clear,3829
2023-06-12 16:00:00,16,No Holiday,27.1,2.52,0.0,73,Rain,moderate rain,4252
2023-06-12 17:00:00,17,No Holiday,26.8,0.0,0.0,81,Clouds,overcast clouds,5702
2023-06-12 18:00:00,18,No Holiday,22.1,0.0,0.0,95,Thunderstorm,thunderstorm with light rain,3531
2023-06-12 19:00:00,19,No Holiday,25.5,0.0,0.0,66,Clouds,scattered clouds,3127
2023-06-12 20:00:00,20,No Holiday,26.1,0.0,0.0,74,Clouds,few clouds,2654
2023-06-12 21:00:00,21,No Holiday,23.0,0.0,0.0,84,Clouds,scattered clouds,2563
2023-06-12 22:00:00,22,No Holiday,21.7,0.0,0.0,96,Clouds,overcast clouds,602
2023-06-12 23:00:00,23,No Holiday,22.1,3.67,0.0,89,Rain,heavy intensity rain,715
2023-06-13 00:00:00,0,No Holiday,18.4,0.0,0.0,12,Clear,sky is clear,712
2023-06-13 01:00:00,1,No Holiday,22.4,0.0,0.0,57,Clouds,overcast clouds,700
2023-06-13 02:00:00,2,No Holiday,22.1,1.54,0.0,89,Rain,moderate rain,536
2023-06-13 03:00:00,3,No Holiday,19.7,0.0,0.0,62,Clouds,few clouds,759
2023-06-13 04:00:00,4,No Holiday,23.2,0.0,0.0,0,Clear,sky is clear,734
2023-06-13 05:00:00,5,No Holiday,15.6,0.0,0.0,83,Clouds,broken clouds,622
2023-06-13 06:00:00,6,No Holiday,22.2,0.67,0.0,93,Rain,moderate rain,494
2023-06-13 07:00:00,7,No Holiday,17.9,0.0,0.0,35,Clouds,broken clouds,5128
2023-06-13 08:00:00,8,No Holiday,24.2,0.0,0.0,6,Clear,sky is clear,4741
2023-06-13 09:00:00,9,No Holiday,24.6,0.0,0.0,2,Clear,sky is clear,4528
2023-06-13 10:00:00,10,No Holiday,24.3,0.0,0.0,10,Clear,sky is clear,3713
2023-06-13 11:00:00,11,No Holiday,23.3,0.0,0.0,8,Clear,sky is clear,3579
2023-06-13 12:00:00,12,No Holiday,26.7,0.0,0.0,12,Clear,sky is clear,3598
2023-06-13 13:00:00,13,No Holiday,26.7,0.0,0.0,13,Clear,sky is clear,4044
2023-06-13 14:00:00,14,No Holiday,27.7,0.0,0.0,8,Clear,sky is clear,3331
2023-06-13 15:00:00,15,No Holiday,30.6,0.0,0.0,66,Clouds,scattered clouds,3799
2023-06-13 16:00:00,16,No Holiday,25.9,0.0,0.0,83,Clouds,overcast clouds,5679
2023-06-13 17:00:00,17,No Holiday,23.0,0.0,0.0,11,Clear,sky is clear,5348
2023-06-13 18:00:00,18,No Holiday,24.3,0.0,0.0,11,Clear,sky is clear,5609
2023-06-13 19:00:00,19,No Holiday,27.1,0.0,0.0,37,Clouds,broken clouds,2621
2023-06-13 20:00:00,20,No Holiday,21.9,0.0,0.0,1,Clear,sky is clear,2993
2023-06-13 21:00:00,21,No Holiday,23.5,0.0,0.0,4,Clear,sky is clear,2645
2023-06-13 22:00:00,22,No Holiday,21.5,0.0,0.0,16,Clear,sky is clear,697
2023-06-13 23:00:00,23,No Holiday,22.6,0.0,0.0,14,Clear,sky is clear,709
2023-06-14 00:00:00,0,No Holiday,18.3,0.0,0.0,77,Clouds,few clouds,570
2023-06-14 01:00:00,1,No Holiday,15.8,0.0,0.0,88,Clouds,overcast clouds,763
2023-06-14 02:00:00,2,No Holiday,20.3,0.0,0.0,61,Clouds,few clouds,697
2023-06-14 03:00:00,3,No Holiday,19.8,0.0,0.0,14,Clear,sky is clear,734
2023-06-14 04:00:00,4,No Holiday,15.4,0.0,0.0,13,Clear,sky is clear,603
2023-06-14 05:00:00,5,No Holiday,18.8,1.79,0.0,79,Rain,moderate rain,920
2023-06-14 06:00:00,6,No Holiday,20.1,0.0,0.0,3,Clear,sky is clear,912
2023-06-14 07:00:00,7,No Holiday,18.5,1.02,0.0,91,Rain,heavy intensity rain,4065
2023-06-14 08:00:00,8,No Holiday,24.0,0.0,0.0,18,Clear,sky is clear,5076
2023-06-14 09:00:00,9,No Holiday,24.0,0.0,0.0,68,Clouds,overcast clouds,4990
2023-06-14 10:00:00,10,No Holiday,25.4,0.0,0.0,15,Clear,sky is clear,2895
2023-06-14 11:00:00,11,No Holiday,26.5,0.0,0.0,17,Clear,sky is clear,3043
2023-06-14 12:00:00,12,No Holiday,25.6,0.0,0.0,80,Thunderstorm,proximity thunderstorm,2140
2023-06-14 13:00:00,13,No Holiday,25.7,0.0,0.0,93,Clouds,few clouds,3624
2023-06-14 14:00:00,14,No Holiday,27.7,0.0,0.0,18,Clear,sky is clear,3663
2023-06-14 15:00:00,15,No Holiday,25.4,0.0,0.0,19,Clear,sky is clear,3556
2023-06-14 16:00:00,16,No Holiday,27.4,0.0,0.0,2,Clear,sky is clear,5458
2023-06-14 17:00:00,17,No Holiday,26.8,0.0,0.0,73,Clouds,few clouds,6095
2023-06-14 18:00:00,18,No Holiday,22.7,4.69,0.0,91,Rain,moderate rain,4852
2023-06-14 19:00:00,19,No Holiday,25.2,0.0,0.0,10,Clear,sky is clear,3034
2023-06-14 20:00:00,20,No Holiday,26.1,0.51,0.0,70,Drizzle,light intensity drizzle,2372
2023-06-14 21:00:00,21,No Holiday,23.8,0.0,0.0,74,Thunderstorm,proximity thunderstorm,1665
2023-06-14 22:00:00,22,No Holiday,21.1,0.0,0.0,7,Clear,sky is clear,556
2023-06-14 23:00:00,23,No Holiday,20.7,0.0,0.0,91,Clouds,broken clouds,672
2023-06-15 00:00:00,0,No Holiday,20.8,0.0,0.0,99,Fog,fog,782
2023-06-15 01:00:00,1,No Holiday,20.2,0.0,0.0,4,Clear,sky is clear,681
2023-06-15 02:00:00,2,No Holiday,19.3,0.0,0.0,19,Clear,sky is clear,333
2023-06-15 03:00:00,3,No Holiday,17.3,0.0,0.0,96,Clouds,broken clouds,864
2023-06-15 04:00:00,4,No Holiday,22.9,0.0,0.0,53,Clouds,scattered clouds,620
2023-06-15 05:00:00,5,No Holiday,17.8,3.7,0.0,98,Rain,moderate rain,648
2023-06-15 06:00:00,6,No Holiday,23.7,0.0,0.0,15,Clear,sky is clear,844
2023-06-15 07:00:00,7,No Holiday,22.2,0.0,0.0,16,Clear,sky is clear,4533
2023-06-15 08:00:00,8,No Holiday,22.6,7.62,0.0,80,Rain,light rain,4520
2023-06-15 09:00:00,9,No Holiday,25.2,0.0,0.0,7,Clear,sky is clear,4548
2023-06-15 10:00:00,10,No Holiday,23.3,0.0,0.0,10,Clear,sky is clear,3587
2023-06-15 11:00:00,11,No Holiday,26.0,0.0,0.0,62,Clouds,overcast clouds,3580
2023-06-15 12:00:00,12,No Holiday,24.7,0.0,0.0,11,Clear,sky is clear,3389
2023-06-15 13:00:00,13,No Holiday,27.9,0.2,0.0,77,Drizzle,light intensity drizzle,3268
2023-06-15 14:00:00,14,No Holiday,25.6,0.0,0.0,18,Clear,sky is clear,3309
2023-06-15 15:00:00,15,No Holiday,26.5,0.0,0.0,71,Clouds,overcast clouds,3805
2023-06-15 16:00:00,16,No Holiday,29.6,0.0,0.0,2,Clear,sky is clear,5673
2023-06-15 17:00:00,17,No Holiday,27.3,0.33,0.0,73,Drizzle,light intensity drizzle,5113
2023-06-15 18:00:00,18,No Holiday,25.4,0.0,0.0,41,Clouds,scattered clouds,5743
2023-06-15 19:00:00,19,No Holiday,26.8,0.0,0.0,43,Clouds,few clouds,2774
2023-06-15 20:00:00,20,No Holiday,25.7,0.0,0.0,86,Mist,mist,2674
2023-06-15 21:00:00,21,No Holiday,19.1,0.0,0.0,54,Clouds,few clouds,2841
2023-06-15 22:00:00,22,No Holiday,24.4,0.0,0.0,12,Clear,sky is clear,518
2023-06-15 23:00:00,23,No Holiday,22.1,0.0,0.0,10,Clear,sky is clear,681
2023-06-16 00:00:00,0,No Holiday,24.1,0.0,0.0,88,Mist,mist,761
2023-06-16 01:00:00,1,No Holiday,21.3,0.0,0.0,7,Clear,sky is clear,720
2023-06-16 02:00:00,2,No Holiday,20.9,0.0,0.0,3,Clear,sky is clear,876
2023-06-16 03:00:00,3,No Holiday,21.6,0.0,0.0,18,Clear,sky is clear,621
2023-06-16 04:00:00,4,No Holiday,18.1,0.0,0.0,1,Clear,sky is clear,706
2023-06-16 05:00:00,5,No Holiday,20.4,0.0,0.0,3,Clear,sky is clear,603
2023-06-16 06:00:00,6,No Holiday,19.4,0.0,0.0,0,Clear,sky is clear,692
2023-06-16 07:00:00,7,No Holiday,20.9,0.0,0.0,8,Clear,sky is clear,5267
2023-06-16 08:00:00,8,No Holiday,21.0,0.0,0.0,13,Clear,sky is clear,4727
2023-06-16 09:00:00,9,No Holiday,20.6,1.08,0.0,83,Rain,moderate rain,4067
2023-06-16 10:00:00,10,No Holiday,23.5,0.0,0.0,14,Clear,sky is clear,3378
2023-06-16 11:00:00,11,No Holiday,25.1,0.0,0.0,65,Clouds,scattered clouds,3772
2023-06-16 12:00:00,12,No Holiday,24.3,1.62,0.0,81,Rain,moderate rain,3489
2023-06-16 13:00:00,13,No Holiday,29.5,0.0,0.0,55,Clouds,few clouds,3488
2023-06-16 14:00:00,14,No Holiday,29.4,0.71,0.0,76,Rain,moderate rain,3026
2023-06-16 15:00:00,15,No Holiday,31.9,0.0,0.0,75,Thunderstorm,proximity thunderstorm,1900
2023-06-16 16:00:00,16,No Holiday,26.7,0.0,0.0,12,Clear,sky is clear,6080
2023-06-16 17:00:00,17,No Holiday,24.8,0.0,0.0,11,Clear,sky is clear,5355
2023-06-16 18:00:00,18,No Holiday,29.0,0.0,0.0,36,Clouds,few clouds,5569
2023-06-16 19:00:00,19,No Holiday,27.9,0.0,0.0,2,Clear,sky is clear,2908
2023-06-16 20:00:00,20,No Holiday,21.3,0.0,0.0,85,Fog,fog,2901
2023-06-16 21:00:00,21,No Holiday,19.8,3.19,0.0,87,Rain,heavy intensity rain,2322
2023-06-16 22:00:00,22,No Holiday,23.6,0.0,0.0,6,Clear,sky is clear,702
2023-06-16 23:00:00,23,No Holiday,22.2,0.0,0.0,99,Clouds,scattered clouds,946
2023-06-17 00:00:00,0,No Holiday,18.0,0.0,0.0,84,Mist,mist,496
2023-06-17 01:00:00,1,No Holiday,18.2,0.0,0.0,74,Mist,mist,421
2023-06-17 02:00:00,2,No Holiday,17.2,0.0,0.0,66,Clouds,overcast clouds,491
2023-06-17 03:00:00,3,No Holiday,16.1,0.0,0.0,73,Clouds,broken clouds,730
2023-06-17 04:00:00,4,No Holiday,21.4,0.0,0.0,7,Clear,sky is clear,556
2023-06-17 05:00:00,5,No Holiday,19.5,0.0,0.0,57,Clouds,overcast clouds,539
2023-06-17 06:00:00,6,No Holiday,15.8,0.0,0.0,4,Clear,sky is clear,487
2023-06-17 07:00:00,7,No Holiday,23.5,8.41,0.0,76,Rain,moderate rain,2971
2023-06-17 08:00:00,8,No Holiday,21.5,0.0,0.0,14,Clear,sky is clear,2960
2023-06-17 09:00:00,9,No Holiday,24.5,1.22,0.0,80,Rain,light rain,2816
2023-06-17 10:00:00,10,No Holiday,26.1,0.21,0.0,72,Rain,light rain,1695
2023-06-17 11:00:00,11,No Holiday,22.8,0.0,0.0,4,Clear,sky is clear,2079
2023-06-17 12:00:00,12,No Holiday,26.7,0.0,0.0,34,Clouds,scattered clouds,2514
2023-06-17 13:00:00,13,No Holiday,25.5,0.0,0.0,15,Clear,sky is clear,3202
2023-06-17 14:00:00,14,No Holiday,27.2,0.0,0.0,79,Fog,fog,2672
2023-06-17 15:00:00,15,No Holiday,33.5,0.0,0.0,14,Clear,sky is clear,3054
2023-06-17 16:00:00,16,No Holiday,28.4,0.0,0.0,7,Clear,sky is clear,4239
2023-06-17 17:00:00,17,No Holiday,25.2,6.49,0.0,98,Rain,light rain,3697
2023-06-17 18:00:00,18,No Holiday,26.5,0.0,0.0,82,Thunderstorm,proximity thunderstorm,2260
2023-06-17 19:00:00,19,No Holiday,26.9,0.0,0.0,89,Thunderstorm,thunderstorm with light rain,1011
2023-06-17 20:00:00,20,No Holiday,27.3,0.0,0.0,6,Clear,sky is clear,1880
2023-06-17 21:00:00,21,No Holiday,23.4,1.76,0.0,77,Rain,heavy intensity rain,1682
2023-06-17 22:00:00,22,No Holiday,20.0,0.0,0.0,1,Clear,sky is clear,433
2023-06-17 23:00:00,23,No Holiday,19.8,0.0,0.0,96,Mist,mist,443
2023-06-18 00:00:00,0,No Holiday,21.3,0.0,0.0,12,Clear,sky is clear,473
2023-06-18 01:00:00,1,No Holiday,21.3,0.0,0.0,18,Clear,sky is clear,580
2023-06-18 02:00:00,2,No Holiday,20.3,0.0,0.0,74,Fog,fog,375
2023-06-18 03:00:00,3,No Holiday,22.7,0.46,0.0,80,Rain,heavy intensity rain,423
2023-06-18 04:00:00,4,No Holiday,18.4,0.0,0.0,12,Clear,sky is clear,486
2023-06-18 05:00:00,5,No Holiday,21.2,0.0,0.0,49,Clouds,broken clouds,334
2023-06-18 06:00:00,6,No Holiday,19.4,0.0,0.0,89,Fog,fog,551
2023-06-18 07:00:00,7,No Holiday,17.4,0.0,0.0,13,Clear,sky is clear,3054
2023-06-18 08:00:00,8,No Holiday,20.7,0.0,0.0,82,Thunderstorm,thunderstorm with light rain,1809
2023-06-18 09:00:00,9,No Holiday,25.4,0.0,0.0,71,Clouds,few clouds,3054
2023-06-18 10:00:00,10,No Holiday,24.5,3.89,0.0,83,Rain,heavy intensity rain,1817
2023-06-18 11:00:00,11,No Holiday,25.7,0.0,0.0,95,Fog,fog,2270
2023-06-18 12:00:00,12,No Holiday,24.4,0.0,0.0,2,Clear,sky is clear,2283
2023-06-18 13:00:00,13,No Holiday,23.8,0.0,0.0,38,Clouds,broken clouds,3022
2023-06-18 14:00:00,14,No Holiday,23.9,0.0,0.0,12,Clear,sky is clear,2880
2023-06-18 15:00:00,15,No Holiday,28.9,0.0,0.0,84,Clouds,scattered clouds,2955
2023-06-18 16:00:00,16,No Holiday,25.7,0.0,0.0,80,Mist,mist,3652
2023-06-18 17:00:00,17,No Holiday,29.6,0.0,0.0,14,Clear,sky is clear,4422
2023-06-18 18:00:00,18,No Holiday,29.9,0.88,0.0,84,Rain,heavy intensity rain,3152
2023-06-18 19:00:00,19,No Holiday,24.0,0.0,0.0,91,Clouds,few clouds,1847
2023-06-18 20:00:00,20,No Holiday,22.5,0.0,0.0,3,Clear,sky is clear,1769
2023-06-18 21:00:00,21,No Holiday,21.7,3.93,0.0,92,Rain,moderate rain,1582
2023-06-18 22:00:00,22,No Holiday,21.4,0.0,0.0,15,Clear,sky is clear,303
2023-06-18 23:00:00,23,No Holiday,24.8,0.0,0.0,37,Clouds,scattered clouds,415
2023-06-19 00:00:00,0,No Holiday,22.1,0.0,0.0,13,Clear,sky is clear,688
2023-06-19 01:00:00,1,No Holiday,20.8,0.0,0.0,46,Clouds,scattered clouds,784
2023-06-19 02:00:00,2,No Holiday,21.5,0.0,0.0,82,Thunderstorm,proximity thunderstorm,509
2023-06-19 03:00:00,3,No Holiday,20.7,0.0,0.0,10,Clear,sky is clear,994
2023-06-19 04:00:00,4,No Holiday,20.1,0.0,0.0,14,Clear,sky is clear,404
2023-06-19 05:00:00,5,No Holiday,19.4,1.4,0.0,99,Rain,moderate rain,621
2023-06-19 06:00:00,6,No Holiday,20.2,0.0,0.0,11,Clear,sky is clear,638
2023-06-19 07:00:00,7,No Holiday,22.5,0.0,0.0,2,Clear,sky is clear,5190
2023-06-19 08:00:00,8,No Holiday,24.6,0.0,0.0,10,Clear,sky is clear,4358
2023-06-19 09:00:00,9,No Holiday,22.8,0.88,0.0,74,Rain,light rain,4121
2023-06-19 10:00:00,10,No Holiday,21.4,0.64,0.0,85,Drizzle,light intensity drizzle,2998
2023-06-19 11:00:00,11,No Holiday,22.7,0.0,0.0,5,Clear,sky is clear,3376
2023-06-19 12:00:00,12,No Holiday,25.2,3.94,0.0,86,Rain,heavy intensity rain,3291
2023-06-19 13:00:00,13,No Holiday,26.5,0.0,0.0,44,Clouds,few clouds,3409
2023-06-19 14:00:00,14,No Holiday,29.3,0.0,0.0,0,Clear,sky is clear,3617
2023-06-19 15:00:00,15,No Holiday,27.9,0.0,0.0,38,Clouds,broken clouds,3321
2023-06-19 16:00:00,16,No Holiday,26.5,0.0,0.0,54,Clouds,few clouds,5373
2023-06-19 17:00:00,17,No Holiday,27.0,0.0,0.0,49,Clouds,few clouds,6092
2023-06-19 18:00:00,18,No Holiday,23.4,0.0,0.0,4,Clear,sky is clear,5205
2023-06-19 19:00:00,19,No Holiday,24.9,0.0,0.0,88,Thunderstorm,thunderstorm with light rain,1870
2023-06-19 20:00:00,20,No Holiday,22.9,0.0,0.0,60,Clouds,few clouds,2521
2023-06-19 21:00:00,21,No Holiday,21.8,0.0,0.0,10,Clear,sky is clear,2815
2023-06-19 22:00:00,22,No Holiday,22.5,0.0,0.0,14,Clear,sky is clear,509
2023-06-19 23:00:00,23,No Holiday,18.4,0.0,0.0,91,Mist,mist,735
2023-06-20 00:00:00,0,No Holiday,18.0,0.0,0.0,42,Clouds,broken clouds,634
2023-06-20 01:00:00,1,No Holiday,24.9,0.0,0.0,0,Clear,sky is clear,689
2023-06-20 02:00:00,2,No Holiday,17.4,0.0,0.0,1,Clear,sky is clear,943
2023-06-20 03:00:00,3,No Holiday,20.7,0.0,0.0,47,Clouds,broken clouds,565
2023-06-20 04:00:00,4,No Holiday,19.1,0.0,0.0,75,Clouds,few clouds,657
2023-06-20 05:00:00,5,No Holiday,20.1,0.0,0.0,9,Clear,sky is clear,688
2023-06-20 06:00:00,6,No Holiday,21.2,0.0,0.0,6,Clear,sky is clear,696
2023-06-20 07:00:00,7,No Holiday,21.5,0.0,0.0,8,Clear,sky is clear,4591
2023-06-20 08:00:00,8,No Holiday,21.5,0.0,0.0,8,Clear,sky is clear,4679
2023-06-20 09:00:00,9,No Holiday,25.3,0.0,0.0,16,Clear,sky is clear,5061
2023-06-20 10:00:00,10,No Holiday,24.0,0.0,0.0,60,Clouds,few clouds,3622
2023-06-20 11:00:00,11,No Holiday,26.0,0.0,0.0,1,Clear,sky is clear,3531
2023-06-20 12:00:00,12,No Holiday,22.2,0.0,0.0,4,Clear,sky is clear,3572
2023-06-20 13:00:00,13,No Holiday,26.1,3.34,0.0,81,Rain,heavy intensity rain,2920
2023-06-20 14:00:00,14,No Holiday,26.5,0.0,0.0,33,Clouds,few clouds,3415
2023-06-20 15:00:00,15,No Holiday,24.7,0.16,0.0,82,Drizzle,light intensity drizzle,2743
2023-06-20 16:00:00,16,No Holiday,25.7,0.0,0.0,3,Clear,sky is clear,5619
2023-06-20 17:00:00,17,No Holiday,23.2,0.0,0.0,70,Clouds,scattered clouds,5319
2023-06-20 18:00:00,18,No Holiday,22.5,0.0,0.0,84,Clouds,overcast clouds,5620
2023-06-20 19:00:00,19,No Holiday,22.9,0.0,0.0,3,Clear,sky is clear,3034
2023-06-20 20:00:00,20,No Holiday,24.4,0.0,0.0,9,Clear,sky is clear,2848
2023-06-20 21:00:00,21,No Holiday,23.6,0.0,0.0,11,Clear,sky is clear,3054
2023-06-20 22:00:00,22,No Holiday,20.6,0.0,0.0,6,Clear,sky is clear,883
2023-06-20 23:00:00,23,No Holiday,22.3,0.0,0.0,0,Clear,sky is clear,517
2023-06-21 00:00:00,0,No Holiday,18.7,0.0,0.0,2,Clear,sky is clear,833
2023-06-21 01:00:00,1,No Holiday,21.7,0.0,0.0,13,Clear,sky is clear,712
2023-06-21 02:00:00,2,No Holiday,14.5,0.0,0.0,63,Clouds,scattered clouds,725
2023-06-21 03:00:00,3,No Holiday,20.0,0.0,0.0,16,Clear,sky is clear,658
2023-06-21 04:00:00,4,No Holiday,19.3,0.0,0.0,90,Mist,mist,754
2023-06-21 05:00:00,5,No Holiday,20.6,1.46,0.0,79,Rain,light rain,669
2023-06-21 06:00:00,6,No Holiday,15.6,0.0,0.0,84,Thunderstorm,thunderstorm with light rain,248
2023-06-21 07:00:00,7,No Holiday,18.9,0.0,0.0,6,Clear,sky is clear,4884
2023-06-21 08:00:00,8,No Holiday,21.8,0.0,0.0,15,Clear,sky is clear,4830
2023-06-21 09:00:00,9,No Holiday,23.0,0.0,0.0,65,Clouds,overcast clouds,5038
2023-06-21 10:00:00,10,No Holiday,25.5,0.0,0.0,95,Clouds,broken clouds,3470
2023-06-21 11:00:00,11,No Holiday,28.0,0.0,0.0,66,Clouds,scattered clouds,3143
2023-06-21 12:00:00,12,No Holiday,27.3,0.88,0.0,88,Drizzle,light intensity drizzle,3474
2023-06-21 13:00:00,13,No Holiday,25.9,2.4,0.0,73,Rain,heavy intensity rain,2934
2023-06-21 14:00:00,14,No Holiday,27.8,0.0,0.0,88,Mist,mist,3396
2023-06-21 15:00:00,15,No Holiday,23.8,0.0,0.0,1,Clear,sky is clear,3089
2023-06-21 16:00:00,16,No Holiday,26.2,0.0,0.0,37,Clouds,few clouds,5368
2023-06-21 17:00:00,17,No Holiday,25.1,0.0,0.0,81,Clouds,few clouds,5744
2023-06-21 18:00:00,18,No Holiday,25.9,0.0,0.0,17,Clear,sky is clear,4935
2023-06-21 19:00:00,19,No Holiday,23.3,0.0,0.0,14,Clear,sky is clear,2469
2023-06-21 20:00:00,20,No Holiday,23.7,0.0,0.0,40,Clouds,overcast clouds,2961
2023-06-21 21:00:00,21,No Holiday,27.0,0.0,0.0,0,Clear,sky is clear,2604
2023-06-21 22:00:00,22,No Holiday,17.6,0.0,0.0,95,Clouds,scattered clouds,639
2023-06-21 23:00:00,23,No Holiday,17.6,0.0,0.0,71,Thunderstorm,thunderstorm with light rain,452
2023-06-22 00:00:00,0,No Holiday,22.5,0.52,0.0,73,Rain,heavy intensity rain,768
2023-06-22 01:00:00,1,No Holiday,21.0,0.0,0.0,64,Clouds,overcast clouds,746
2023-06-22 02:00:00,2,No Holiday,21.8,1.83,0.0,80,Rain,light rain,513
2023-06-22 03:00:00,3,No Holiday,19.2,10.9,0.0,85,Rain,moderate rain,719
2023-06-22 04:00:00,4,No Holiday,13.3,1.39,0.0,79,Rain,heavy intensity rain,876
2023-06-22 05:00:00,5,No Holiday,19.8,0.0,0.0,10,Clear,sky is clear,813
2023-06-22 06:00:00,6,No Holiday,17.5,0.0,0.0,95,Mist,mist,899
2023-06-22 07:00:00,7,No Holiday,19.6,2.64,0.0,75,Rain,light rain,4331
2023-06-22 08:00:00,8,No Holiday,25.8,0.0,0.0,10,Clear,sky is clear,4787
2023-06-22 09:00:00,9,No Holiday,22.7,0.0,0.0,55,Clouds,broken clouds,4961
2023-06-22 10:00:00,10,No Holiday,23.9,0.0,0.0,14,Clear,sky is clear,3820
2023-06-22 11:00:00,11,No Holiday,27.8,0.0,0.0,4,Clear,sky is clear,3295
2023-06-22 12:00:00,12,No Holiday,27.1,0.0,0.0,5,Clear,sky is clear,3278
2023-06-22 13:00:00,13,No Holiday,25.1,0.0,0.0,41,Clouds,scattered clouds,3647
2023-06-22 14:00:00,14,No Holiday,26.5,0.0,0.0,83,Mist,mist,3157
2023-06-22 15:00:00,15,No Holiday,28.5,0.0,0.0,84,Mist,mist,3340
2023-06-22 16:00:00,16,No Holiday,29.3,0.0,0.0,18,Clear,sky is clear,5106
2023-06-22 17:00:00,17,No Holiday,25.9,0.0,0.0,74,Thunderstorm,proximity thunderstorm,2822
2023-06-22 18:00:00,18,No Holiday,27.7,0.0,0.0,11,Clear,sky is clear,5783
2023-06-22 19:00:00,19,No Holiday,28.7,0.0,0.0,70,Thunderstorm,thunderstorm with light rain,1731
2023-06-22 20:00:00,20,No Holiday,23.5,0.0,0.0,96,Clouds,broken clouds,2967
2023-06-22 21:00:00,21,No Holiday,22.9,1.64,0.0,95,Rain,light rain,2435
2023-06-22 22:00:00,22,No Holiday,23.8,1.86,0.0,93,Rain,light rain,530
2023-06-22 23:00:00,23,No Holiday,21.2,0.0,0.0,34,Clouds,broken clouds,420
2023-06-23 00:00:00,0,No Holiday,22.6,0.0,0.0,38,Clouds,broken clouds,868
2023-06-23 01:00:00,1,No Holiday,19.5,0.0,0.0,62,Clouds,few clouds,703
2023-06-23 02:00:00,2,No Holiday,18.4,0.0,0.0,4,Clear,sky is clear,817
2023-06-23 03:00:00,3,No Holiday,18.4,0.0,0.0,45,Clouds,broken clouds,835
2023-06-23 04:00:00,4,No Holiday,21.7,0.0,0.0,76,Clouds,broken clouds,643
2023-06-23 05:00:00,5,No Holiday,16.4,0.0,0.0,2,Clear,sky is clear,899
2023-06-23 06:00:00,6,No Holiday,21.1,0.0,0.0,4,Clear,sky is clear,696
2023-06-23 07:00:00,7,No Holiday,23.0,0.0,0.0,91,Clouds,few clouds,4792
2023-06-23 08:00:00,8,No Holiday,22.5,0.0,0.0,87,Mist,mist,4344
2023-06-23 09:00:00,9,No Holiday,21.2,0.0,0.0,7,Clear,sky is clear,4913
2023-06-23 10:00:00,10,No Holiday,27.5,0.0,0.0,81,Clouds,overcast clouds,3339
2023-06-23 11:00:00,11,No Holiday,26.4,0.0,0.0,85,Fog,fog,2892
2023-06-23 12:00:00,12,No Holiday,27.9,0.0,0.0,33,Clouds,overcast clouds,3375
2023-06-23 13:00:00,13,No Holiday,26.2,0.0,0.0,82,Thunderstorm,thunderstorm with light rain,2180
2023-06-23 14:00:00,14,No Holiday,24.4,0.0,0.0,18,Clear,sky is clear,3713
2023-06-23 15:00:00,15,No Holiday,29.1,0.0,0.0,47,Clouds,overcast clouds,3190
2023-06-23 16:00:00,16,No Holiday,27.6,2.01,0.0,91,Rain,moderate rain,4379
2023-06-23 17:00:00,17,No Holiday,21.6,0.0,0.0,65,Clouds,few clouds,5490
2023-06-23 18:00:00,18,No Holiday,22.3,0.0,0.0,76,Clouds,broken clouds,5509
2023-06-23 19:00:00,19,No Holiday,25.4,0.0,0.0,13,Clear,sky is clear,2786
2023-06-23 20:00:00,20,No Holiday,26.9,0.0,0.0,93,Clouds,few clouds,2765
2023-06-23 21:00:00,21,No Holiday,23.8,0.0,0.0,4,Clear,sky is clear,2502
2023-06-23 22:00:00,22,No Holiday,25.8,0.0,0.0,90,Clouds,broken clouds,743
2023-06-23 23:00:00,23,No Holiday,19.5,0.0,0.0,37,Clouds,broken clouds,673
2023-06-24 00:00:00,0,No Holiday,17.4,0.0,0.0,4,Clear,sky is clear,343
2023-06-24 01:00:00,1,No Holiday,19.4,0.0,0.0,11,Clear,sky is clear,482
2023-06-24 02:00:00,2,No Holiday,16.2,0.0,0.0,82,Clouds,scattered clouds,351
2023-06-24 03:00:00,3,No Holiday,16.6,0.0,0.0,1,Clear,sky is clear,555
2023-06-24 04:00:00,4,No Holiday,20.9,0.0,0.0,92,Fog,fog,391
2023-06-24 05:00:00,5,No Holiday,18.8,1.23,0.0,84,Rain,moderate rain,432
2023-06-24 06:00:00,6,No Holiday,21.4,0.0,0.0,61,Clouds,few clouds,483
2023-06-24 07:00:00,7,No Holiday,18.3,0.0,0.0,59,Clouds,scattered clouds,3184
2023-06-24 08:00:00,8,No Holiday,20.5,0.0,0.0,76,Mist,mist,2848
2023-06-24 09:00:00,9,No Holiday,21.8,0.0,0.0,5,Clear,sky is clear,3215
2023-06-24 10:00:00,10,No Holiday,24.3,0.87,0.0,88,Rain,heavy intensity rain,1914
2023-06-24 11:00:00,11,No Holiday,24.2,0.0,0.0,94,Fog,fog,2226
2023-06-24 12:00:00,12,No Holiday,25.9,0.0,0.0,3,Clear,sky is clear,3057
2023-06-24 13:00:00,13,No Holiday,28.5,0.0,0.0,98,Clouds,few clouds,2644
2023-06-24 14:00:00,14,No Holiday,27.3,0.0,0.0,87,Clouds,few clouds,2640
2023-06-24 15:00:00,15,No Holiday,25.4,1.11,0.0,93,Rain,moderate rain,2466
2023-06-24 16:00:00,16,No Holiday,28.8,0.0,0.0,81,Clouds,scattered clouds,4194
2023-06-24 17:00:00,17,No Holiday,27.5,0.0,0.0,3,Clear,sky is clear,4263
2023-06-24 18:00:00,18,No Holiday,27.7,0.0,0.0,19,Clear,sky is clear,3629
2023-06-24 19:00:00,19,No Holiday,23.5,0.0,0.0,32,Clouds,broken clouds,1615
2023-06-24 20:00:00,20,No Holiday,23.3,0.11,0.0,87,Rain,heavy intensity rain,1356
2023-06-24 21:00:00,21,No Holiday,24.2,0.0,0.0,12,Clear,sky is clear,1809
2023-06-24 22:00:00,22,No Holiday,19.1,0.0,0.0,6,Clear,sky is clear,398
2023-06-24 23:00:00,23,No Holiday,20.2,0.0,0.0,4,Clear,sky is clear,421
2023-06-25 00:00:00,0,No Holiday,22.1,0.0,0.0,76,Fog,fog,500
2023-06-25 01:00:00,1,No Holiday,21.0,0.0,0.0,10,Clear,sky is clear,553
2023-06-25 02:00:00,2,No Holiday,21.5,0.0,0.0,54,Clouds,broken clouds,604
2023-06-25 03:00:00,3,No Holiday,16.7,0.0,0.0,1,Clear,sky is clear,497
2023-06-25 04:00:00,4,No Holiday,18.9,0.74,0.0,72,Drizzle,light intensity drizzle,559
2023-06-25 05:00:00,5,No Holiday,19.5,0.0,0.0,88,Fog,fog,307
2023-06-25 06:00:00,6,No Holiday,20.9,5.79,0.0,72,Rain,heavy intensity rain,402
2023-06-25 07:00:00,7,No Holiday,19.7,0.0,0.0,6,Clear,sky is clear,3177
2023-06-25 08:00:00,8,No Holiday,23.5,0.0,0.0,97,Fog,fog,2620
2023-06-25 09:00:00,9,No Holiday,23.6,0.0,0.0,6,Clear,sky is clear,3600
2023-06-25 10:00:00,10,No Holiday,20.4,0.0,0.0,61,Clouds,broken clouds,2162
2023-06-25 11:00:00,11,No Holiday,25.3,0.0,0.0,18,Clear,sky is clear,2516
2023-06-25 12:00:00,12,No Holiday,25.1,0.0,0.0,12,Clear,sky is clear,2689
2023-06-25 13:00:00,13,No Holiday,24.2,0.0,0.0,73,Mist,mist,2394
2023-06-25 14:00:00,14,No Holiday,27.7,0.0,0.0,10,Clear,sky is clear,2512
2023-06-25 15:00:00,15,No Holiday,26.6,0.0,0.0,33,Clouds,overcast clouds,2748
2023-06-25 16:00:00,16,No Holiday,27.7,0.34,0.0,84,Drizzle,light intensity drizzle,3650
2023-06-25 17:00:00,17,No Holiday,28.1,0.0,0.0,95,Mist,mist,3721
2023-06-25 18:00:00,18,No Holiday,24.8,0.0,0.0,17,Clear,sky is clear,3765
2023-06-25 19:00:00,19,No Holiday,22.8,0.0,0.0,19,Clear,sky is clear,1738
2023-06-25 20:00:00,20,No Holiday,21.9,1.84,0.0,88,Rain,moderate rain,1687
2023-06-25 21:00:00,21,No Holiday,21.5,0.0,0.0,41,Clouds,broken clouds,1874
2023-06-25 22:00:00,22,No Holiday,24.5,0.0,0.0,82,Thunderstorm,thunderstorm with light rain,275
2023-06-25 23:00:00,23,No Holiday,20.0,0.0,0.0,19,Clear,sky is clear,478
2023-06-26 00:00:00,0,No Holiday,18.4,0.0,0.0,96,Clouds,overcast clouds,841
2023-06-26 01:00:00,1,No Holiday,21.7,6.59,0.0,95,Rain,heavy intensity rain,635
2023-06-26 02:00:00,2,No Holiday,18.5,0.0,0.0,55,Clouds,scattered clouds,671
2023-06-26 03:00:00,3,No Holiday,18.1,0.0,0.0,8,Clear,sky is clear,834
2023-06-26 04:00:00,4,No Holiday,15.4,0.0,0.0,49,Clouds,few clouds,567
2023-06-26 05:00:00,5,No Holiday,20.3,0.0,0.0,16,Clear,sky is clear,646
2023-06-26 06:00:00,6,No Holiday,19.1,0.0,0.0,1,Clear,sky is clear,427
2023-06-26 07:00:00,7,No Holiday,19.9,0.0,0.0,84,Clouds,scattered clouds,4479
2023-06-26 08:00:00,8,No Holiday,20.0,0.0,0.0,18,Clear,sky is clear,5027
2023-06-26 09:00:00,9,No Holiday,21.6,0.0,0.0,8,Clear,sky is clear,4749
2023-06-26 10:00:00,10,No Holiday,23.4,0.0,0.0,0,Clear,sky is clear,3640
2023-06-26 11:00:00,11,No Holiday,23.5,0.0,0.0,13,Clear,sky is clear,3213
2023-06-26 12:00:00,12,No Holiday,25.0,0.0,0.0,8,Clear,sky is clear,3720
2023-06-26 13:00:00,13,No Holiday,26.9,0.0,0.0,1,Clear,sky is clear,3430
2023-06-26 14:00:00,14,No Holiday,24.8,0.67,0.0,99,Rain,moderate rain,3119
2023-06-26 15:00:00,15,No Holiday,25.6,0.0,0.0,1,Clear,sky is clear,3501
2023-06-26 16:00:00,16,No Holiday,26.9,0.94,0.0,76,Rain,light rain,4462
2023-06-26 17:00:00,17,No Holiday,25.8,0.0,0.0,33,Clouds,broken clouds,5630
2023-06-26 18:00:00,18,No Holiday,27.0,0.0,0.0,72,Mist,mist,5321
2023-06-26 19:00:00,19,No Holiday,23.6,0.0,0.0,76,Clouds,scattered clouds,3180
2023-06-26 20:00:00,20,No Holiday,20.6,0.0,0.0,89,Clouds,few clouds,2679
2023-06-26 21:00:00,21,No Holiday,19.9,0.0,0.0,18,Clear,sky is clear,3161
2023-06-26 22:00:00,22,No Holiday,24.0,0.0,0.0,7,Clear,sky is clear,534
2023-06-26 23:00:00,23,No Holiday,22.3,0.0,0.0,13,Clear,sky is clear,533
2023-06-27 00:00:00,0,No Holiday,16.9,1.6,0.0,71,Rain,heavy intensity rain,622
2023-06-27 01:00:00,1,No Holiday,18.2,0.0,0.0,33,Clouds,scattered clouds,1372
2023-06-27 02:00:00,2,No Holiday,19.5,0.0,0.0,2,Clear,sky is clear,601
2023-06-27 03:00:00,3,No Holiday,22.7,0.0,0.0,82,Fog,fog,440
2023-06-27 04:00:00,4,No Holiday,19.0,0.0,0.0,95,Clouds,overcast clouds,1042
2023-06-27 05:00:00,5,No Holiday,20.1,0.0,0.0,36,Clouds,scattered clouds,763
2023-06-27 06:00:00,6,No Holiday,24.0,0.0,0.0,44,Clouds,few clouds,699
2023-06-27 07:00:00,7,No Holiday,21.0,0.0,0.0,19,Clear,sky is clear,4997
2023-06-27 08:00:00,8,No Holiday,24.2,0.0,0.0,84,Clouds,few clouds,4178
2023-06-27 09:00:00,9,No Holiday,22.1,0.0,0.0,0,Clear,sky is clear,4939
2023-06-27 10:00:00,10,No Holiday,24.1,0.99,0.0,76,Drizzle,light intensity drizzle,3281
2023-06-27 11:00:00,11,No Holiday,27.0,0.0,0.0,17,Clear,sky is clear,3351
2023-06-27 12:00:00,12,No Holiday,28.0,0.0,0.0,62,Clouds,scattered clouds,3831
2023-06-27 13:00:00,13,No Holiday,27.0,0.0,0.0,2,Clear,sky is clear,3701
2023-06-27 14:00:00,14,No Holiday,28.1,0.0,0.0,10,Clear,sky is clear,3178
2023-06-27 15:00:00,15,No Holiday,26.9,0.0,0.0,77,Clouds,scattered clouds,3534
2023-06-27 16:00:00,16,No Holiday,28.0,0.0,0.0,62,Clouds,broken clouds,5450
2023-06-27 17:00:00,17,No Holiday,31.7,0.0,0.0,10,Clear,sky is clear,5831
2023-06-27 18:00:00,18,No Holiday,26.8,0.12,0.0,83,Rain,light rain,4354
2023-06-27 19:00:00,19,No Holiday,25.2,0.0,0.0,83,Clouds,scattered clouds,2675
2023-06-27 20:00:00,20,No Holiday,24.5,0.0,0.0,34,Clouds,scattered clouds,2768
2023-06-27 21:00:00,21,No Holiday,19.8,0.0,0.0,12,Clear,sky is clear,2797
2023-06-27 22:00:00,22,No Holiday,22.2,0.0,0.0,98,Clouds,scattered clouds,617
2023-06-27 23:00:00,23,No Holiday,23.4,0.0,0.0,71,Clouds,scattered clouds,626
2023-06-28 00:00:00,0,No Holiday,19.9,0.0,0.0,54,Clouds,broken clouds,609
2023-06-28 01:00:00,1,No Holiday,20.9,0.0,0.0,40,Clouds,broken clouds,865
2023-06-28 02:00:00,2,No Holiday,17.7,0.83,0.0,87,Rain,heavy intensity rain,455
2023-06-28 03:00:00,3,No Holiday,21.9,0.32,0.0,74,Drizzle,light intensity drizzle,576
2023-06-28 04:00:00,4,No Holiday,18.7,0.0,0.0,51,Clouds,few clouds,829
2023-06-28 05:00:00,5,No Holiday,18.7,0.0,0.0,16,Clear,sky is clear,765
2023-06-28 06:00:00,6,No Holiday,21.2,0.0,0.0,10,Clear,sky is clear,794
2023-06-28 07:00:00,7,No Holiday,21.6,0.0,0.0,81,Fog,fog,4666
2023-06-28 08:00:00,8,No Holiday,23.8,0.0,0.0,93,Fog,fog,4231
2023-06-28 09:00:00,9,No Holiday,20.7,0.0,0.0,18,Clear,sky is clear,4709
2023-06-28 10:00:00,10,No Holiday,23.5,0.0,0.0,19,Clear,sky is clear,3630
2023-06-28 11:00:00,11,No Holiday,23.6,0.0,0.0,67,Clouds,few clouds,3021
2023-06-28 12:00:00,12,No Holiday,26.0,0.0,0.0,47,Clouds,overcast clouds,3653
2023-06-28 13:00:00,13,No Holiday,26.6,0.0,0.0,83,Fog,fog,3476
2023-06-28 14:00:00,14,No Holiday,27.3,0.0,0.0,18,Clear,sky is clear,3745
2023-06-28 15:00:00,15,No Holiday,23.0,0.0,0.0,12,Clear,sky is clear,3396
2023-06-28 16:00:00,16,No Holiday,25.0,0.0,0.0,2,Clear,sky is clear,5084
2023-06-28 17:00:00,17,No Holiday,27.0,0.0,0.0,8,Clear,sky is clear,5660
2023-06-28 18:00:00,18,No Holiday,26.8,0.0,0.0,53,Clouds,scattered clouds,5719
2023-06-28 19:00:00,19,No Holiday,23.2,0.0,0.0,44,Clouds,overcast clouds,2708
2023-06-28 20:00:00,20,No Holiday,23.1,0.0,0.0,73,Clouds,overcast clouds,2961
2023-06-28 21:00:00,21,No Holiday,26.0,0.0,0.0,6,Clear,sky is clear,2953
2023-06-28 22:00:00,22,No Holiday,22.2,0.0,0.0,14,Clear,sky is clear,732
2023-06-28 23:00:00,23,No Holiday,22.4,0.0,0.0,10,Clear,sky is clear,849
2023-06-29 00:00:00,0,No Holiday,17.6,0.0,0.0,48,Clouds,scattered clouds,972
2023-06-29 01:00:00,1,No Holiday,19.7,0.0,0.0,13,Clear,sky is clear,493
2023-06-29 02:00:00,2,No Holiday,22.5,0.0,0.0,18,Clear,sky is clear,920
2023-06-29 03:00:00,3,No Holiday,17.6,1.04,0.0,72,Rain,light rain,782
2023-06-29 04:00:00,4,No Holiday,19.2,0.98,0.0,95,Drizzle,light intensity drizzle,550
2023-06-29 05:00:00,5,No Holiday,18.8,0.0,0.0,30,Clouds,broken clouds,728
2023-06-29 06:00:00,6,No Holiday,20.5,0.0,0.0,9,Clear,sky is clear,590
2023-06-29 07:00:00,7,No Holiday,17.9,0.0,0.0,7,Clear,sky is clear,5283
2023-06-29 08:00:00,8,No Holiday,19.8,0.0,0.0,80,Thunderstorm,proximity thunderstorm,2666
2023-06-29 09:00:00,9,No Holiday,22.7,0.0,0.0,5,Clear,sky is clear,4801
2023-06-29 10:00:00,10,No Holiday,21.6,0.0,0.0,17,Clear,sky is clear,3726
2023-06-29 11:00:00,11,No Holiday,29.4,0.0,0.0,35,Clouds,scattered clouds,3111
2023-06-29 12:00:00,12,No Holiday,22.3,0.0,0.0,19,Clear,sky is clear,3646
2023-06-29 13:00:00,13,No Holiday,27.4,0.12,0.0,88,Rain,heavy intensity rain,2846
2023-06-29 14:00:00,14,No Holiday,24.9,0.0,0.0,19,Clear,sky is clear,3458
2023-06-29 15:00:00,15,No Holiday,26.8,7.22,0.0,77,Rain,moderate rain,3425
2023-06-29 16:00:00,16,No Holiday,25.6,0.0,0.0,45,Clouds,scattered clouds,5607
2023-06-29 17:00:00,17,No Holiday,29.3,0.0,0.0,13,Clear,sky is clear,4974
2023-06-29 18:00:00,18,No Holiday,25.9,0.0,0.0,69,Clouds,broken clouds,6267
2023-06-29 19:00:00,19,No Holiday,24.3,0.0,0.0,14,Clear,sky is clear,2941
2023-06-29 20:00:00,20,No Holiday,24.6,0.0,0.0,0,Clear,sky is clear,3105
2023-06-29 21:00:00,21,No Holiday,21.3,2.12,0.0,89,Rain,light rain,2037
2023-06-29 22:00:00,22,No Holiday,23.6,0.0,0.0,3,Clear,sky is clear,623
2023-06-29 23:00:00,23,No Holiday,16.9,0.0,0.0,10,Clear,sky is clear,710
2023-06-30 00:00:00,0,No Holiday,19.0,0.0,0.0,13,Clear,sky is clear,794
2023-06-30 01:00:00,1,No Holiday,20.1,0.0,0.0,1,Clear,sky is clear,758
2023-06-30 02:00:00,2,No Holiday,19.3,0.0,0.0,39,Clouds,broken clouds,736
2023-06-30 03:00:00,3,No Holiday,18.5,0.0,0.0,9,Clear,sky is clear,923
2023-06-30 04:00:00,4,No Holiday,21.3,0.0,0.0,19,Clear,sky is clear,299
2023-06-30 05:00:00,5,No Holiday,22.0,0.0,0.0,4,Clear,sky is clear,828
2023-06-30 06:00:00,6,No Holiday,19.5,0.0,0.0,3,Clear,sky is clear,552
2023-06-30 07:00:00,7,No Holiday,23.7,0.0,0.0,68,Clouds,broken clouds,4719
2023-06-30 08:00:00,8,No Holiday,20.8,1.5,0.0,84,Rain,moderate rain,3931
2023-06-30 09:00:00,9,No Holiday,25.5,0.0,0.0,15,Clear,sky is clear,4782
2023-06-30 10:00:00,10,No Holiday,24.5,0.0,0.0,85,Mist,mist,3144
2023-06-30 11:00:00,11,No Holiday,25.3,0.0,0.0,38,Clouds,scattered clouds,3328
2023-06-30 12:00:00,12,No Holiday,26.4,0.19,0.0,71,Drizzle,light intensity drizzle,3215
2023-06-30 13:00:00,13,No Holiday,21.0,0.0,0.0,52,Clouds,scattered clouds,3371
2023-06-30 14:00:00,14,No Holiday,25.8,0.0,0.0,4,Clear,sky is clear,3359
2023-06-30 15:00:00,15,No Holiday,21.8,0.0,0.0,15,Clear,sky is clear,3981
2023-06-30 16:00:00,16,No Holiday,28.1,0.0,0.0,18,Clear,sky is clear,5548
2023-06-30 17:00:00,17,No Holiday,22.7,1.88,0.0,76,Rain,heavy intensity rain,4743
2023-06-30 18:00:00,18,No Holiday,25.4,0.99,0.0,99,Drizzle,light intensity drizzle,4801
2023-06-30 19:00:00,19,No Holiday,23.6,0.0,0.0,17,Clear,sky is clear,2722
2023-06-30 20:00:00,20,No Holiday,22.3,0.0,0.0,10,Clear,sky is clear,2912
2023-06-30 21:00:00,21,No Holiday,22.6,0.0,0.0,4,Clear,sky is clear,2693
2023-06-30 22:00:00,22,No Holiday,20.8,0.12,0.0,92,Drizzle,light intensity drizzle,640
2023-06-30 23:00:00,23,No Holiday,23.5,0.0,0.0,10,Clear,sky is clear,748
2023-07-01 00:00:00,0,No Holiday,24.0,0.0,0.0,6,Clear,sky is clear,566
2023-07-01 01:00:00,1,No Holiday,21.7,0.0,0.0,6,Clear,sky is clear,399
2023-07-01 02:00:00,2,No Holiday,22.3,0.0,0.0,9,Clear,sky is clear,374
2023-07-01 03:00:00,3,No Holiday,21.1,5.9,0.0,98,Rain,heavy intensity rain,349
2023-07-01 04:00:00,4,No Holiday,18.9,0.0,0.0,19,Clear,sky is clear,579
2023-07-01 05:00:00,5,No Holiday,20.2,0.0,0.0,41,Clouds,broken clouds,464
2023-07-01 06:00:00,6,No Holiday,26.1,0.0,0.0,1,Clear,sky is clear,477
2023-07-01 07:00:00,7,No Holiday,22.9,0.0,0.0,43,Clouds,few clouds,3522
2023-07-01 08:00:00,8,No Holiday,22.6,0.0,0.0,9,Clear,sky is clear,2896
2023-07-01 09:00:00,9,No Holiday,28.4,0.0,0.0,18,Clear,sky is clear,3097
2023-07-01 10:00:00,10,No Holiday,30.1,0.0,0.0,4,Clear,sky is clear,2258
2023-07-01 11:00:00,11,No Holiday,24.1,0.0,0.0,86,Mist,mist,2020
2023-07-01 12:00:00,12,No Holiday,28.0,0.0,0.0,64,Clouds,broken clouds,2725
2023-07-01 13:00:00,13,No Holiday,27.5,0.0,0.0,5,Clear,sky is clear,2604
2023-07-01 14:00:00,14,No Holiday,26.2,0.0,0.0,80,Clouds,scattered clouds,3004
2023-07-01 15:00:00,15,No Holiday,26.4,0.0,0.0,12,Clear,sky is clear,3053
2023-07-01 16:00:00,16,No Holiday,26.6,0.0,0.0,57,Clouds,broken clouds,3982
2023-07-01 17:00:00,17,No Holiday,29.0,0.0,0.0,46,Clouds,scattered clouds,4464
2023-07-01 18:00:00,18,No Holiday,29.0,3.54,0.0,82,Rain,heavy intensity rain,3282
2023-07-01 19:00:00,19,No Holiday,27.7,0.0,0.0,12,Clear,sky is clear,1809
2023-07-01 20:00:00,20,No Holiday,25.7,0.16,0.0,84,Rain,heavy intensity rain,1504
2023-07-01 21:00:00,21,No Holiday,27.4,0.0,0.0,75,Clouds,overcast clouds,1704
2023-07-01 22:00:00,22,No Holiday,25.1,4.17,0.0,83,Rain,heavy intensity rain,458
2023-07-01 23:00:00,23,No Holiday,24.1,3.31,0.0,97,Rain,heavy intensity rain,338
2023-07-02 00:00:00,0,No Holiday,22.4,0.63,0.0,91,Drizzle,light intensity drizzle,285
2023-07-02 01:00:00,1,No Holiday,18.6,0.0,0.0,13,Clear,sky is clear,597
2023-07-02 02:00:00,2,No Holiday,17.9,1.14,0.0,86,Rain,light rain,461
2023-07-02 03:00:00,3,No Holiday,18.2,0.0,0.0,7,Clear,sky is clear,396
2023-07-02 04:00:00,4,No Holiday,20.1,0.0,0.0,88,Clouds,broken clouds,215
2023-07-02 05:00:00,5,No Holiday,17.5,7.36,0.0,75,Rain,light rain,409
2023-07-02 06:00:00,6,No Holiday,23.8,0.0,0.0,6,Clear,sky is clear,467
2023-07-02 07:00:00,7,No Holiday,21.1,0.0,0.0,99,Mist,mist,2564
2023-07-02 08:00:00,8,No Holiday,23.6,0.28,0.0,75,Drizzle,light intensity drizzle,2560
2023-07-02 09:00:00,9,No Holiday,25.2,0.0,0.0,6,Clear,sky is clear,3299
2023-07-02 10:00:00,10,No Holiday,24.2,1.65,0.0,76,Rain,heavy intensity rain,2007
2023-07-02 11:00:00,11,No Holiday,26.7,7.9,0.0,76,Rain,moderate rain,2201
2023-07-02 12:00:00,12,No Holiday,30.7,0.0,0.0,89,Clouds,scattered clouds,2239
2023-07-02 13:00:00,13,No Holiday,29.1,0.0,0.0,19,Clear,sky is clear,3025
2023-07-02 14:00:00,14,No Holiday,27.3,0.0,0.0,68,Clouds,broken clouds,3013
2023-07-02 15:00:00,15,No Holiday,30.9,0.0,0.0,99,Clouds,broken clouds,2927
2023-07-02 16:00:00,16,No Holiday,28.1,0.0,0.0,80,Clouds,overcast clouds,3874
2023-07-02 17:00:00,17,No Holiday,30.2,0.0,0.0,17,Clear,sky is clear,4238
2023-07-02 18:00:00,18,No Holiday,28.4,0.0,0.0,89,Mist,mist,2982
2023-07-02 19:00:00,19,No Holiday,25.1,0.0,0.0,95,Mist,mist,1550
2023-07-02 20:00:00,20,No Holiday,29.3,0.0,0.0,4,Clear,sky is clear,1794
2023-07-02 21:00:00,21,No Holiday,23.1,0.0,0.0,15,Clear,sky is clear,1866
2023-07-02 22:00:00,22,No Holiday,23.7,0.0,0.0,77,Thunderstorm,thunderstorm with light rain,240
2023-07-02 23:00:00,23,No Holiday,22.5,0.0,0.0,8,Clear,sky is clear,456
2023-07-03 00:00:00,0,No Holiday,23.3,0.0,0.0,17,Clear,sky is clear,658
2023-07-03 01:00:00,1,No Holiday,23.1,0.0,0.0,18,Clear,sky is clear,863
2023-07-03 02:00:00,2,No Holiday,24.2,0.0,0.0,14,Clear,sky is clear,705
2023-07-03 03:00:00,3,No Holiday,17.9,0.0,0.0,54,Clouds,overcast clouds,845
2023-07-03 04:00:00,4,No Holiday,21.7,0.0,0.0,45,Clouds,broken clouds,792
2023-07-03 05:00:00,5,No Holiday,22.4,1.71,0.0,73,Rain,light rain,520
2023-07-03 06:00:00,6,No Holiday,21.5,0.57,0.0,83,Rain,moderate rain,903
2023-07-03 07:00:00,7,No Holiday,23.8,0.0,0.0,82,Clouds,overcast clouds,4560
2023-07-03 08:00:00,8,No Holiday,21.6,0.0,0.0,3,Clear,sky is clear,5086
2023-07-03 09:00:00,9,No Holiday,25.1,0.0,0.0,51,Clouds,overcast clouds,5136
2023-07-03 10:00:00,10,No Holiday,26.2,0.0,0.0,71,Thunderstorm,thunderstorm with light rain,2254
2023-07-03 11:00:00,11,No Holiday,26.1,0.0,0.0,1,Clear,sky is clear,3167
2023-07-03 12:00:00,12,No Holiday,26.8,0.0,0.0,94,Mist,mist,3241
2023-07-03 13:00:00,13,No Holiday,30.9,0.0,0.0,81,Mist,mist,3563
2023-07-03 14:00:00,14,No Holiday,27.0,0.0,0.0,74,Clouds,scattered clouds,3936
2023-07-03 15:00:00,15,No Holiday,28.8,0.0,0.0,81,Fog,fog,3386
2023-07-03 16:00:00,16,No Holiday,28.0,0.0,0.0,63,Clouds,few clouds,4797
2023-07-03 17:00:00,17,No Holiday,28.5,0.0,0.0,79,Clouds,overcast clouds,5781
2023-07-03 18:00:00,18,No Holiday,28.1,0.0,0.0,4,Clear,sky is clear,5158
2023-07-03 19:00:00,19,No Holiday,26.6,0.0,0.0,85,Fog,fog,2652
2023-07-03 20:00:00,20,No Holiday,23.1,0.0,0.0,94,Clouds,broken clouds,2718
2023-07-03 21:00:00,21,No Holiday,24.5,0.18,0.0,97,Rain,moderate rain,2628
2023-07-03 22:00:00,22,No Holiday,23.7,0.0,0.0,11,Clear,sky is clear,737
2023-07-03 23:00:00,23,No Holiday,24.9,0.0,0.0,85,Mist,mist,721
2023-07-04 00:00:00,0,Independence Day,21.6,0.0,0.0,91,Clouds,overcast clouds,332
2023-07-04 01:00:00,1,Independence Day,19.9,0.0,0.0,13,Clear,sky is clear,445
2023-07-04 02:00:00,2,Independence Day,22.2,0.0,0.0,9,Clear,sky is clear,107
2023-07-04 03:00:00,3,Independence Day,25.9,0.0,0.0,91,Clouds,few clouds,310
2023-07-04 04:00:00,4,Independence Day,18.2,0.0,0.0,83,Fog,fog,309
2023-07-04 05:00:00,5,Independence Day,20.0,0.0,0.0,71,Fog,fog,220
2023-07-04 06:00:00,6,Independence Day,20.6,0.0,0.0,7,Clear,sky is clear,159
2023-07-04 07:00:00,7,Independence Day,25.4,0.0,0.0,83,Clouds,scattered clouds,2405
2023-07-04 08:00:00,8,Independence Day,24.7,0.0,0.0,2,Clear,sky is clear,2207
2023-07-04 09:00:00,9,Independence Day,25.4,12.43,0.0,91,Rain,heavy intensity rain,1826
2023-07-04 10:00:00,10,Independence Day,28.5,0.0,0.0,17,Clear,sky is clear,1671
2023-07-04 11:00:00,11,Independence Day,27.4,0.0,0.0,94,Clouds,broken clouds,1576
2023-07-04 12:00:00,12,Independence Day,28.3,0.0,0.0,1,Clear,sky is clear,1502
2023-07-04 13:00:00,13,Independence Day,29.1,0.0,0.0,11,Clear,sky is clear,1590
2023-07-04 14:00:00,14,Independence Day,27.9,0.46,0.0,70,Drizzle,light intensity drizzle,1361
2023-07-04 15:00:00,15,Independence Day,28.6,0.0,0.0,85,Clouds,broken clouds,1638
2023-07-04 16:00:00,16,Independence Day,29.0,0.72,0.0,73,Drizzle,light intensity drizzle,2463
2023-07-04 17:00:00,17,Independence Day,26.3,0.0,0.0,71,Clouds,few clouds,2392
2023-07-04 18:00:00,18,Independence Day,26.5,0.0,0.0,8,Clear,sky is clear,2691
2023-07-04 19:00:00,19,Independence Day,27.4,0.0,0.0,19,Clear,sky is clear,1272
2023-07-04 20:00:00,20,Independence Day,30.0,0.0,0.0,62,Clouds,scattered clouds,1310
2023-07-04 21:00:00,21,Independence Day,29.6,0.0,0.0,4,Clear,sky is clear,1478
2023-07-04 22:00:00,22,Independence Day,24.6,0.0,0.0,4,Clear,sky is clear,293
2023-07-04 23:00:00,23,Independence Day,22.3,0.0,0.0,87,Clouds,overcast clouds,383
2023-07-05 00:00:00,0,No Holiday,24.3,0.0,0.0,87,Mist,mist,418
2023-07-05 01:00:00,1,No Holiday,23.9,0.0,0.0,16,Clear,sky is clear,645
2023-07-05 02:00:00,2,No Holiday,16.6,0.0,0.0,7,Clear,sky is clear,321
2023-07-05 03:00:00,3,No Holiday,21.4,0.15,0.0,90,Drizzle,light intensity drizzle,666
2023-07-05 04:00:00,4,No Holiday,22.2,1.11,0.0,76,Rain,heavy intensity rain,559
2023-07-05 05:00:00,5,No Holiday,23.3,0.0,0.0,3,Clear,sky is clear,536
2023-07-05 06:00:00,6,No Holiday,20.5,0.0,0.0,61,Clouds,few clouds,609
2023-07-05 07:00:00,7,No Holiday,24.3,0.0,0.0,88,Thunderstorm,proximity thunderstorm,3184
2023-07-05 08:00:00,8,No Holiday,24.7,0.0,0.0,6,Clear,sky is clear,4956
2023-07-05 09:00:00,9,No Holiday,25.6,0.0,0.0,89,Clouds,few clouds,4524
2023-07-05 10:00:00,10,No Holiday,22.6,0.31,0.0,85,Drizzle,light intensity drizzle,3496
2023-07-05 11:00:00,11,No Holiday,24.6,0.0,0.0,19,Clear,sky is clear,2864
2023-07-05 12:00:00,12,No Holiday,28.7,0.0,0.0,10,Clear,sky is clear,3478
2023-07-05 13:00:00,13,No Holiday,26.5,0.0,0.0,7,Clear,sky is clear,3575
2023-07-05 14:00:00,14,No Holiday,29.7,0.7,0.0,82,Rain,light rain,2886
2023-07-05 15:00:00,15,No Holiday,31.4,0.0,0.0,93,Fog,fog,3340
2023-07-05 16:00:00,16,No Holiday,28.4,0.0,0.0,7,Clear,sky is clear,5593
2023-07-05 17:00:00,17,No Holiday,27.0,0.0,0.0,66,Clouds,overcast clouds,5444
2023-07-05 18:00:00,18,No Holiday,29.3,0.0,0.0,89,Clouds,broken clouds,5674
2023-07-05 19:00:00,19,No Holiday,25.8,0.0,0.0,31,Clouds,scattered clouds,3105
2023-07-05 20:00:00,20,No Holiday,24.7,0.0,0.0,10,Clear,sky is clear,2827
2023-07-05 21:00:00,21,No Holiday,29.1,0.0,0.0,4,Clear,sky is clear,3093
2023-07-05 22:00:00,22,No Holiday,22.7,0.0,0.0,3,Clear,sky is clear,731
2023-07-05 23:00:00,23,No Holiday,24.6,0.0,0.0,6,Clear,sky is clear,478
2023-07-06 00:00:00,0,No Holiday,19.3,0.0,0.0,57,Clouds,broken clouds,628
2023-07-06 01:00:00,1,No Holiday,20.7,1.22,0.0,75,Rain,heavy intensity rain,740
2023-07-06 02:00:00,2,No Holiday,19.4,0.0,0.0,6,Clear,sky is clear,516
2023-07-06 03:00:00,3,No Holiday,18.8,0.0,0.0,18,Clear,sky is clear,757
2023-07-06 04:00:00,4,No Holiday,20.4,0.0,0.0,38,Clouds,few clouds,636
2023-07-06 05:00:00,5,No Holiday,21.3,0.0,0.0,82,Clouds,few clouds,708
2023-07-06 06:00:00,6,No Holiday,24.8,0.0,0.0,83,Clouds,scattered clouds,654
2023-07-06 07:00:00,7,No Holiday,26.6,0.0,0.0,14,Clear,sky is clear,4319
2023-07-06 08:00:00,8,No Holiday,20.3,0.0,0.0,3,Clear,sky is clear,5192
2023-07-06 09:00:00,9,No Holiday,25.9,0.0,0.0,63,Clouds,few clouds,4699
2023-07-06 10:00:00,10,No Holiday,26.0,0.0,0.0,83,Thunderstorm,proximity thunderstorm,2095
2023-07-06 11:00:00,11,No Holiday,27.2,0.0,0.0,19,Clear,sky is clear,3453
2023-07-06 12:00:00,12,No Holiday,28.3,0.0,0.0,18,Clear,sky is clear,3438
2023-07-06 13:00:00,13,No Holiday,29.2,0.0,0.0,74,Clouds,overcast clouds,3442
2023-07-06 14:00:00,14,No Holiday,29.7,0.0,0.0,8,Clear,sky is clear,3455
2023-07-06 15:00:00,15,No Holiday,30.3,0.0,0.0,83,Fog,fog,3557
2023-07-06 16:00:00,16,No Holiday,29.6,0.0,0.0,56,Clouds,broken clouds,5582
2023-07-06 17:00:00,17,No Holiday,28.6,1.57,0.0,88,Rain,moderate rain,4656
2023-07-06 18:00:00,18,No Holiday,28.4,0.0,0.0,61,Clouds,overcast clouds,5208
2023-07-06 19:00:00,19,No Holiday,27.1,0.0,0.0,3,Clear,sky is clear,2615
2023-07-06 20:00:00,20,No Holiday,25.7,0.0,0.0,14,Clear,sky is clear,2912
2023-07-06 21:00:00,21,No Holiday,24.2,4.16,0.0,90,Rain,moderate rain,2593
2023-07-06 22:00:00,22,No Holiday,21.8,0.0,0.0,15,Clear,sky is clear,679
2023-07-06 23:00:00,23,No Holiday,23.5,4.28,0.0,87,Rain,moderate rain,561
2023-07-07 00:00:00,0,No Holiday,20.5,3.76,0.0,78,Rain,heavy intensity rain,403
2023-07-07 01:00:00,1,No Holiday,21.5,0.95,0.0,87,Drizzle,light intensity drizzle,324
2023-07-07 02:00:00,2,No Holiday,18.5,0.0,0.0,73,Mist,mist,624
2023-07-07 03:00:00,3,No Holiday,17.8,0.0,0.0,2,Clear,sky is clear,737
2023-07-07 04:00:00,4,No Holiday,22.2,6.76,0.0,80,Rain,moderate rain,524
2023-07-07 05:00:00,5,No Holiday,24.7,0.0,0.0,10,Clear,sky is clear,574
2023-07-07 06:00:00,6,No Holiday,20.2,0.0,0.0,37,Clouds,scattered clouds,731
2023-07-07 07:00:00,7,No Holiday,25.4,0.0,0.0,58,Clouds,few clouds,5328
2023-07-07 08:00:00,8,No Holiday,28.4,0.0,0.0,10,Clear,sky is clear,5140
2023-07-07 09:00:00,9,No Holiday,26.3,0.03,0.0,99,Rain,heavy intensity rain,4404
2023-07-07 10:00:00,10,No Holiday,25.9,0.0,0.0,12,Clear,sky is clear,3548
2023-07-07 11:00:00,11,No Holiday,25.8,0.0,0.0,2,Clear,sky is clear,3711
2023-07-07 12:00:00,12,No Holiday,28.1,4.0,0.0,80,Rain,light rain,2502
2023-07-07 13:00:00,13,No Holiday,27.8,11.36,0.0,71,Rain,heavy intensity rain,3107
2023-07-07 14:00:00,14,No Holiday,30.1,0.46,0.0,78,Rain,moderate rain,3282
2023-07-07 15:00:00,15,No Holiday,30.1,0.0,0.0,13,Clear,sky is clear,3500
2023-07-07 16:00:00,16,No Holiday,29.5,0.0,0.0,60,Clouds,broken clouds,5366
2023-07-07 17:00:00,17,No Holiday,28.7,0.0,0.0,5,Clear,sky is clear,5559
2023-07-07 18:00:00,18,No Holiday,27.9,0.0,0.0,17,Clear,sky is clear,5296
2023-07-07 19:00:00,19,No Holiday,27.1,0.0,0.0,4,Clear,sky is clear,2667
2023-07-07 20:00:00,20,No Holiday,23.6,0.0,0.0,65,Clouds,few clouds,2539
2023-07-07 21:00:00,21,No Holiday,24.2,0.0,0.0,6,Clear,sky is clear,2834
2023-07-07 22:00:00,22,No Holiday,23.3,0.0,0.0,0,Clear,sky is clear,810
2023-07-07 23:00:00,23,No Holiday,25.6,0.0,0.0,4,Clear,sky is clear,1001
2023-07-08 00:00:00,0,No Holiday,20.9,0.0,0.0,72,Mist,mist,406
2023-07-08 01:00:00,1,No Holiday,21.6,0.0,0.0,71,Clouds,scattered clouds,442
2023-07-08 02:00:00,2,No Holiday,21.8,0.0,0.0,94,Thunderstorm,proximity thunderstorm,317
2023-07-08 03:00:00,3,No Holiday,19.9,2.03,0.0,74,Rain,heavy intensity rain,264
2023-07-08 04:00:00,4,No Holiday,25.4,0.0,0.0,3,Clear,sky is clear,403
2023-07-08 05:00:00,5,No Holiday,22.4,1.23,0.0,82,Rain,light rain,523
2023-07-08 06:00:00,6,No Holiday,22.2,0.0,0.0,17,Clear,sky is clear,438
2023-07-08 07:00:00,7,No Holiday,21.1,0.57,0.0,74,Drizzle,light intensity drizzle,2716
2023-07-08 08:00:00,8,No Holiday,24.7,0.0,0.0,6,Clear,sky is clear,2921
2023-07-08 09:00:00,9,No Holiday,28.5,0.0,0.0,19,Clear,sky is clear,3166
2023-07-08 10:00:00,10,No Holiday,26.6,0.0,0.0,73,Clouds,scattered clouds,2293
2023-07-08 11:00:00,11,No Holiday,24.8,0.0,0.0,35,Clouds,scattered clouds,2146
2023-07-08 12:00:00,12,No Holiday,29.4,0.0,0.0,3,Clear,sky is clear,2909
2023-07-08 13:00:00,13,No Holiday,29.8,0.0,0.0,16,Clear,sky is clear,2571
2023-07-08 14:00:00,14,No Holiday,29.5,0.0,0.0,13,Clear,sky is clear,2673
2023-07-08 15:00:00,15,No Holiday,24.5,0.0,0.0,15,Clear,sky is clear,2679
2023-07-08 16:00:00,16,No Holiday,32.1,0.0,0.0,15,Clear,sky is clear,4392
2023-07-08 17:00:00,17,No Holiday,28.2,0.0,0.0,12,Clear,sky is clear,3837
2023-07-08 18:00:00,18,No Holiday,28.1,0.31,0.0,93,Drizzle,light intensity drizzle,3126
2023-07-08 19:00:00,19,No Holiday,28.8,0.0,0.0,44,Clouds,broken clouds,1782
2023-07-08 20:00:00,20,No Holiday,26.7,0.0,0.0,30,Clouds,scattered clouds,1699
2023-07-08 21:00:00,21,No Holiday,26.8,4.75,0.0,79,Rain,light rain,1746
2023-07-08 22:00:00,22,No Holiday,26.7,0.0,0.0,80,Clouds,few clouds,377
2023-07-08 23:00:00,23,No Holiday,23.1,0.05,0.0,86,Rain,moderate rain,399
2023-07-09 00:00:00,0,No Holiday,22.5,0.0,0.0,98,Clouds,scattered clouds,347
2023-07-09 01:00:00,1,No Holiday,20.6,0.0,0.0,77,Clouds,broken clouds,516
2023-07-09 02:00:00,2,No Holiday,22.9,7.59,0.0,82,Rain,moderate rain,496
2023-07-09 03:00:00,3,No Holiday,20.2,0.0,0.0,95,Mist,mist,285
2023-07-09 04:00:00,4,No Holiday,19.6,0.3,0.0,93,Rain,light rain,367
2023-07-09 05:00:00,5,No Holiday,22.6,0.0,0.0,67,Clouds,broken clouds,423
2023-07-09 06:00:00,6,No Holiday,20.8,0.0,0.0,19,Clear,sky is clear,513
2023-07-09 07:00:00,7,No Holiday,23.3,0.0,0.0,16,Clear,sky is clear,3221
2023-07-09 08:00:00,8,No Holiday,24.8,0.0,0.0,9,Clear,sky is clear,3011
2023-07-09 09:00:00,9,No Holiday,26.2,0.0,0.0,66,Clouds,scattered clouds,2890
2023-07-09 10:00:00,10,No Holiday,26.1,0.0,0.0,57,Clouds,overcast clouds,2448
2023-07-09 11:00:00,11,No Holiday,25.3,0.0,0.0,57,Clouds,broken clouds,2491
2023-07-09 12:00:00,12,No Holiday,27.9,0.0,0.0,8,Clear,sky is clear,2764
2023-07-09 13:00:00,13,No Holiday,29.4,3.78,0.0,92,Rain,moderate rain,2538
2023-07-09 14:00:00,14,No Holiday,24.9,0.0,0.0,76,Clouds,scattered clouds,2892
2023-07-09 15:00:00,15,No Holiday,27.1,0.0,0.0,8,Clear,sky is clear,2870
2023-07-09 16:00:00,16,No Holiday,30.6,0.0,0.0,8,Clear,sky is clear,3890
2023-07-09 17:00:00,17,No Holiday,25.8,0.0,0.0,51,Clouds,broken clouds,4346
2023-07-09 18:00:00,18,No Holiday,26.9,0.0,0.0,90,Thunderstorm,thunderstorm with light rain,2127
2023-07-09 19:00:00,19,No Holiday,21.9,0.0,0.0,45,Clouds,overcast clouds,1681
2023-07-09 20:00:00,20,No Holiday,26.4,0.0,0.0,1,Clear,sky is clear,1903
2023-07-09 21:00:00,21,No Holiday,24.7,0.0,0.0,87,Mist,mist,1813
2023-07-09 22:00:00,22,No Holiday,26.0,0.0,0.0,11,Clear,sky is clear,631
2023-07-09 23:00:00,23,No Holiday,21.4,0.0,0.0,87,Mist,mist,439
2023-07-10 00:00:00,0,No Holiday,23.7,1.37,0.0,96,Rain,light rain,655
2023-07-10 01:00:00,1,No Holiday,20.9,0.0,0.0,5,Clear,sky is clear,727
2023-07-10 02:00:00,2,No Holiday,23.9,0.0,0.0,12,Clear,sky is clear,693
2023-07-10 03:00:00,3,No Holiday,19.0,0.0,0.0,2,Clear,sky is clear,856
2023-07-10 04:00:00,4,No Holiday,20.3,0.0,0.0,2,Clear,sky is clear,680
2023-07-10 05:00:00,5,No Holiday,19.1,2.12,0.0,74,Rain,light rain,626
2023-07-10 06:00:00,6,No Holiday,24.5,0.0,0.0,67,Clouds,few clouds,772
2023-07-10 07:00:00,7,No Holiday,26.6,0.0,0.0,55,Clouds,few clouds,5182
2023-07-10 08:00:00,8,No Holiday,24.8,0.0,0.0,5,Clear,sky is clear,4458
2023-07-10 09:00:00,9,No Holiday,26.2,0.0,0.0,4,Clear,sky is clear,4874
2023-07-10 10:00:00,10,No Holiday,24.1,0.0,0.0,13,Clear,sky is clear,3102
2023-07-10 11:00:00,11,No Holiday,27.1,0.0,0.0,1,Clear,sky is clear,3516
2023-07-10 12:00:00,12,No Holiday,30.3,0.0,0.0,6,Clear,sky is clear,3956
2023-07-10 13:00:00,13,No Holiday,28.4,0.0,0.0,0,Clear,sky is clear,3282
2023-07-10 14:00:00,14,No Holiday,28.4,2.01,0.0,80,Rain,light rain,3118
2023-07-10 15:00:00,15,No Holiday,29.3,0.0,0.0,8,Clear,sky is clear,3603
2023-07-10 16:00:00,16,No Holiday,32.5,0.0,0.0,15,Clear,sky is clear,5509
2023-07-10 17:00:00,17,No Holiday,28.0,0.0,0.0,12,Clear,sky is clear,5538
2023-07-10 18:00:00,18,No Holiday,28.4,2.43,0.0,99,Rain,moderate rain,4224
2023-07-10 19:00:00,19,No Holiday,24.6,0.69,0.0,78,Drizzle,light intensity drizzle,2340
2023-07-10 20:00:00,20,No Holiday,25.0,0.0,0.0,71,Clouds,broken clouds,3007
2023-07-10 21:00:00,21,No Holiday,23.8,4.93,0.0,87,Rain,moderate rain,2699
2023-07-10 22:00:00,22,No Holiday,22.3,0.0,0.0,54,Clouds,overcast clouds,657
2023-07-10 23:00:00,23,No Holiday,23.8,0.0,0.0,12,Clear,sky is clear,783
2023-07-11 00:00:00,0,No Holiday,25.6,0.0,0.0,13,Clear,sky is clear,645
2023-07-11 01:00:00,1,No Holiday,21.0,0.89,0.0,72,Drizzle,light intensity drizzle,385
2023-07-11 02:00:00,2,No Holiday,15.1,0.0,0.0,69,Clouds,broken clouds,639
2023-07-11 03:00:00,3,No Holiday,24.9,0.0,0.0,34,Clouds,few clouds,634
2023-07-11 04:00:00,4,No Holiday,19.8,0.0,0.0,48,Clouds,scattered clouds,810
2023-07-11 05:00:00,5,No Holiday,21.5,0.59,0.0,73,Drizzle,light intensity drizzle,653
2023-07-11 06:00:00,6,No Holiday,23.3,0.0,0.0,38,Clouds,overcast clouds,952
2023-07-11 07:00:00,7,No Holiday,22.3,0.0,0.0,44,Clouds,scattered clouds,4778
2023-07-11 08:00:00,8,No Holiday,23.0,0.0,0.0,19,Clear,sky is clear,4272
2023-07-11 09:00:00,9,No Holiday,25.5,0.0,0.0,92,Clouds,few clouds,4796
2023-07-11 10:00:00,10,No Holiday,26.9,0.0,0.0,0,Clear,sky is clear,3468
2023-07-11 11:00:00,11,No Holiday,29.3,1.0,0.0,89,Drizzle,light intensity drizzle,2703
2023-07-11 12:00:00,12,No Holiday,25.2,0.0,0.0,50,Clouds,few clouds,3853
2023-07-11 13:00:00,13,No Holiday,28.4,0.06,0.0,92,Rain,light rain,3052
2023-07-11 14:00:00,14,No Holiday,23.8,0.0,0.0,16,Clear,sky is clear,3728
2023-07-11 15:00:00,15,No Holiday,29.8,0.0,0.0,52,Clouds,overcast clouds,3919
2023-07-11 16:00:00,16,No Holiday,27.6,0.0,0.0,97,Clouds,broken clouds,5987
2023-07-11 17:00:00,17,No Holiday,29.9,0.0,0.0,89,Mist,mist,4804
2023-07-11 18:00:00,18,No Holiday,31.4,0.0,0.0,4,Clear,sky is clear,5847
2023-07-11 19:00:00,19,No Holiday,24.6,0.0,0.0,85,Mist,mist,2127
2023-07-11 20:00:00,20,No Holiday,28.2,0.0,0.0,72,Mist,mist,2659
2023-07-11 21:00:00,21,No Holiday,24.2,0.0,0.0,19,Clear,sky is clear,2699
2023-07-11 22:00:00,22,No Holiday,26.6,0.0,0.0,91,Clouds,overcast clouds,458
2023-07-11 23:00:00,23,No Holiday,22.6,0.0,0.0,1,Clear,sky is clear,965
2023-07-12 00:00:00,0,No Holiday,21.1,0.0,0.0,18,Clear,sky is clear,673
2023-07-12 01:00:00,1,No Holiday,25.7,5.22,0.0,91,Rain,light rain,656
2023-07-12 02:00:00,2,No Holiday,19.5,0.0,0.0,8,Clear,sky is clear,948
2023-07-12 03:00:00,3,No Holiday,19.7,0.88,0.0,93,Rain,moderate rain,538
2023-07-12 04:00:00,4,No Holiday,20.6,0.0,0.0,11,Clear,sky is clear,729
2023-07-12 05:00:00,5,No Holiday,21.6,0.0,0.0,15,Clear,sky is clear,595
2023-07-12 06:00:00,6,No Holiday,23.6,1.23,0.0,96,Rain,moderate rain,564
2023-07-12 07:00:00,7,No Holiday,23.2,0.0,0.0,10,Clear,sky is clear,5335
2023-07-12 08:00:00,8,No Holiday,25.0,0.0,0.0,76,Mist,mist,4042
2023-07-12 09:00:00,9,No Holiday,25.5,0.0,0.0,30,Clouds,overcast clouds,4803
2023-07-12 10:00:00,10,No Holiday,26.8,0.0,0.0,32,Clouds,scattered clouds,3194
2023-07-12 11:00:00,11,No Holiday,25.3,0.0,0.0,44,Clouds,few clouds,3484
2023-07-12 12:00:00,12,No Holiday,34.6,0.0,0.0,11,Clear,sky is clear,3423
2023-07-12 13:00:00,13,No Holiday,31.1,1.8,0.0,90,Rain,heavy intensity rain,3302
2023-07-12 14:00:00,14,No Holiday,29.7,0.0,0.0,47,Clouds,scattered clouds,3725
2023-07-12 15:00:00,15,No Holiday,29.0,0.0,0.0,40,Clouds,broken clouds,3807
2023-07-12 16:00:00,16,No Holiday,26.2,0.0,0.0,3,Clear,sky is clear,5792
2023-07-12 17:00:00,17,No Holiday,29.2,0.0,0.0,12,Clear,sky is clear,5866
2023-07-12 18:00:00,18,No Holiday,23.7,0.0,0.0,0,Clear,sky is clear,5006
2023-07-12 19:00:00,19,No Holiday,27.6,4.65,0.0,76,Rain,light rain,2492
2023-07-12 20:00:00,20,No Holiday,25.7,0.0,0.0,16,Clear,sky is clear,3075
2023-07-12 21:00:00,21,No Holiday,26.3,0.0,0.0,2,Clear,sky is clear,2933
2023-07-12 22:00:00,22,No Holiday,23.1,0.0,0.0,84,Mist,mist,497
2023-07-12 23:00:00,23,No Holiday,21.6,0.0,0.0,58,Clouds,broken clouds,799
2023-07-13 00:00:00,0,No Holiday,19.2,0.0,0.0,17,Clear,sky is clear,934
2023-07-13 01:00:00,1,No Holiday,20.2,0.0,0.0,46,Clouds,overcast clouds,880
2023-07-13 02:00:00,2,No Holiday,21.3,0.0,0.0,61,Clouds,few clouds,811
2023-07-13 03:00:00,3,No Holiday,23.2,0.0,0.0,59,Clouds,overcast clouds,729
2023-07-13 04:00:00,4,No Holiday,18.7,0.0,0.0,95,Mist,mist,686
2023-07-13 05:00:00,5,No Holiday,20.8,0.0,0.0,65,Clouds,scattered clouds,649
2023-07-13 06:00:00,6,No Holiday,22.0,8.48,0.0,97,Rain,light rain,682
2023-07-13 07:00:00,7,No Holiday,25.8,0.0,0.0,0,Clear,sky is clear,5229
2023-07-13 08:00:00,8,No Holiday,22.6,0.0,0.0,9,Clear,sky is clear,4906
2023-07-13 09:00:00,9,No Holiday,26.6,0.0,0.0,10,Clear,sky is clear,4891
2023-07-13 10:00:00,10,No Holiday,25.4,0.0,0.0,94,Clouds,overcast clouds,3175
2023-07-13 11:00:00,11,No Holiday,27.9,0.0,0.0,82,Mist,mist,3169
2023-07-13 12:00:00,12,No Holiday,29.2,0.0,0.0,79,Fog,fog,2829
2023-07-13 13:00:00,13,No Holiday,25.8,0.0,0.0,2,Clear,sky is clear,3051
2023-07-13 14:00:00,14,No Holiday,28.1,0.0,0.0,44,Clouds,few clouds,3598
2023-07-13 15:00:00,15,No Holiday,31.6,0.0,0.0,4,Clear,sky is clear,3344
2023-07-13 16:00:00,16,No Holiday,30.0,0.0,0.0,97,Fog,fog,5119
2023-07-13 17:00:00,17,No Holiday,29.9,0.0,0.0,40,Clouds,broken clouds,5490
2023-07-13 18:00:00,18,No Holiday,27.6,0.0,0.0,54,Clouds,broken clouds,5383
2023-07-13 19:00:00,19,No Holiday,26.9,0.0,0.0,76,Clouds,overcast clouds,3085
2023-07-13 20:00:00,20,No Holiday,28.0,0.0,0.0,64,Clouds,broken clouds,2641
2023-07-13 21:00:00,21,No Holiday,25.1,0.0,0.0,73,Clouds,few clouds,2615
2023-07-13 22:00:00,22,No Holiday,24.2,0.0,0.0,78,Clouds,few clouds,609
2023-07-13 23:00:00,23,No Holiday,23.2,0.0,0.0,44,Clouds,broken clouds,737
2023-07-14 00:00:00,0,No Holiday,24.8,0.0,0.0,48,Clouds,scattered clouds,430
2023-07-14 01:00:00,1,No Holiday,20.4,0.0,0.0,69,Clouds,overcast clouds,954
2023-07-14 02:00:00,2,No Holiday,24.0,0.0,0.0,57,Clouds,scattered clouds,520
2023-07-14 03:00:00,3,No Holiday,19.4,0.0,0.0,6,Clear,sky is clear,831
2023-07-14 04:00:00,4,No Holiday,18.4,0.0,0.0,19,Clear,sky is clear,760
2023-07-14 05:00:00,5,No Holiday,19.3,0.0,0.0,97,Mist,mist,690
2023-07-14 06:00:00,6,No Holiday,19.6,0.0,0.0,56,Clouds,scattered clouds,614
2023-07-14 07:00:00,7,No Holiday,26.5,0.0,0.0,15,Clear,sky is clear,4698
2023-07-14 08:00:00,8,No Holiday,23.0,7.04,0.0,80,Rain,heavy intensity rain,3998
2023-07-14 09:00:00,9,No Holiday,24.2,0.0,0.0,13,Clear,sky is clear,5043
2023-07-14 10:00:00,10,No Holiday,26.7,0.12,0.0,88,Drizzle,light intensity drizzle,3297
2023-07-14 11:00:00,11,No Holiday,23.0,0.0,0.0,0,Clear,sky is clear,3579
2023-07-14 12:00:00,12,No Holiday,29.6,0.0,0.0,77,Clouds,few clouds,3472
2023-07-14 13:00:00,13,No Holiday,25.2,5.26,0.0,85,Rain,heavy intensity rain,2964
2023-07-14 14:00:00,14,No Holiday,31.9,0.0,0.0,19,Clear,sky is clear,3691
2023-07-14 15:00:00,15,No Holiday,24.9,0.0,0.0,52,Clouds,broken clouds,3765
2023-07-14 16:00:00,16,No Holiday,30.5,0.0,0.0,93,Mist,mist,4830
2023-07-14 17:00:00,17,No Holiday,26.4,0.0,0.0,11,Clear,sky is clear,5568
2023-07-14 18:00:00,18,No Holiday,29.5,0.0,0.0,71,Mist,mist,4936
2023-07-14 19:00:00,19,No Holiday,27.3,3.71,0.0,75,Rain,moderate rain,2455
2023-07-14 20:00:00,20,No Holiday,25.8,0.0,0.0,19,Clear,sky is clear,2817
2023-07-14 21:00:00,21,No Holiday,21.4,0.0,0.0,13,Clear,sky is clear,2407
2023-07-14 22:00:00,22,No Holiday,20.3,0.0,0.0,15,Clear,sky is clear,517
2023-07-14 23:00:00,23,No Holiday,22.5,0.0,0.0,9,Clear,sky is clear,855
2023-07-15 00:00:00,0,No Holiday,22.2,0.0,0.0,17,Clear,sky is clear,537
2023-07-15 01:00:00,1,No Holiday,20.9,0.0,0.0,86,Clouds,broken clouds,366
2023-07-15 02:00:00,2,No Holiday,21.3,0.0,0.0,3,Clear,sky is clear,377
2023-07-15 03:00:00,3,No Holiday,23.8,0.25,0.0,74,Drizzle,light intensity drizzle,473
2023-07-15 04:00:00,4,No Holiday,19.3,0.0,0.0,12,Clear,sky is clear,358
2023-07-15 05:00:00,5,No Holiday,25.4,0.0,0.0,6,Clear,sky is clear,442
2023-07-15 06:00:00,6,No Holiday,19.3,0.0,0.0,9,Clear,sky is clear,359
2023-07-15 07:00:00,7,No Holiday,20.8,0.0,0.0,99,Clouds,overcast clouds,3062
2023-07-15 08:00:00,8,No Holiday,20.9,0.0,0.0,9,Clear,sky is clear,3108
2023-07-15 09:00:00,9,No Holiday,22.2,0.0,0.0,0,Clear,sky is clear,3359
2023-07-15 10:00:00,10,No Holiday,28.2,0.0,0.0,91,Mist,mist,1996
2023-07-15 11:00:00,11,No Holiday,29.5,0.0,0.0,93,Mist,mist,1971
2023-07-15 12:00:00,12,No Holiday,28.1,0.0,0.0,17,Clear,sky is clear,2717
2023-07-15 13:00:00,13,No Holiday,25.9,0.0,0.0,10,Clear,sky is clear,2680
2023-07-15 14:00:00,14,No Holiday,27.1,0.0,0.0,84,Clouds,broken clouds,2582
2023-07-15 15:00:00,15,No Holiday,32.1,0.0,0.0,2,Clear,sky is clear,2458
2023-07-15 16:00:00,16,No Holiday,29.8,0.0,0.0,18,Clear,sky is clear,4482
2023-07-15 17:00:00,17,No Holiday,29.7,0.0,0.0,66,Clouds,broken clouds,4194
2023-07-15 18:00:00,18,No Holiday,29.8,0.0,0.0,5,Clear,sky is clear,3348
2023-07-15 19:00:00,19,No Holiday,28.6,0.0,0.0,1,Clear,sky is clear,1815
2023-07-15 20:00:00,20,No Holiday,27.3,0.0,0.0,14,Clear,sky is clear,2041
2023-07-15 21:00:00,21,No Holiday,24.6,0.0,0.0,14,Clear,sky is clear,1935
2023-07-15 22:00:00,22,No Holiday,20.3,0.0,0.0,13,Clear,sky is clear,349
2023-07-15 23:00:00,23,No Holiday,21.7,0.0,0.0,0,Clear,sky is clear,504
2023-07-16 00:00:00,0,No Holiday,23.0,0.0,0.0,16,Clear,sky is clear,411
2023-07-16 01:00:00,1,No Holiday,17.6,0.0,0.0,82,Mist,mist,476
2023-07-16 02:00:00,2,No Holiday,23.6,7.0,0.0,70,Rain,light rain,428
2023-07-16 03:00:00,3,No Holiday,19.3,0.0,0.0,90,Clouds,scattered clouds,471
2023-07-16 04:00:00,4,No Holiday,20.2,0.0,0.0,57,Clouds,overcast clouds,283
2023-07-16 05:00:00,5,No Holiday,22.4,0.0,0.0,78,Clouds,overcast clouds,633
2023-07-16 06:00:00,6,No Holiday,20.1,0.0,0.0,80,Fog,fog,402
2023-07-16 07:00:00,7,No Holiday,23.7,0.0,0.0,12,Clear,sky is clear,3241
2023-07-16 08:00:00,8,No Holiday,20.5,0.0,0.0,81,Thunderstorm,proximity thunderstorm,1944
2023-07-16 09:00:00,9,No Holiday,27.7,0.0,0.0,2,Clear,sky is clear,2718
2023-07-16 10:00:00,10,No Holiday,27.7,0.0,0.0,75,Clouds,scattered clouds,2204
2023-07-16 11:00:00,11,No Holiday,30.3,0.0,0.0,99,Mist,mist,2081
2023-07-16 12:00:00,12,No Holiday,25.7,0.0,0.0,18,Clear,sky is clear,2729
2023-07-16 13:00:00,13,No Holiday,30.9,0.0,0.0,34,Clouds,few clouds,2527
2023-07-16 14:00:00,14,No Holiday,28.7,0.0,0.0,5,Clear,sky is clear,2780
2023-07-16 15:00:00,15,No Holiday,29.5,0.0,0.0,0,Clear,sky is clear,2582
2023-07-16 16:00:00,16,No Holiday,29.0,0.0,0.0,90,Clouds,few clouds,4250
2023-07-16 17:00:00,17,No Holiday,29.2,0.0,0.0,12,Clear,sky is clear,4215
2023-07-16 18:00:00,18,No Holiday,26.6,0.0,0.0,0,Clear,sky is clear,3726
2023-07-16 19:00:00,19,No Holiday,28.0,0.0,0.0,66,Clouds,scattered clouds,1669
2023-07-16 20:00:00,20,No Holiday,26.1,0.0,0.0,5,Clear,sky is clear,2135
2023-07-16 21:00:00,21,No Holiday,24.2,0.0,0.0,0,Clear,sky is clear,1872
2023-07-16 22:00:00,22,No Holiday,20.4,0.0,0.0,11,Clear,sky is clear,456
2023-07-16 23:00:00,23,No Holiday,22.4,0.0,0.0,1,Clear,sky is clear,544
2023-07-17 00:00:00,0,No Holiday,19.7,0.0,0.0,10,Clear,sky is clear,823
2023-07-17 01:00:00,1,No Holiday,18.1,6.24,0.0,86,Rain,light rain,554
2023-07-17 02:00:00,2,No Holiday,21.6,0.0,0.0,13,Clear,sky is clear,760
2023-07-17 03:00:00,3,No Holiday,19.2,0.0,0.0,38,Clouds,scattered clouds,377
2023-07-17 04:00:00,4,No Holiday,22.7,0.0,0.0,52,Clouds,broken clouds,872
2023-07-17 05:00:00,5,No Holiday,17.6,0.0,0.0,79,Fog,fog,621
2023-07-17 06:00:00,6,No Holiday,22.1,0.0,0.0,97,Mist,mist,759
2023-07-17 07:00:00,7,No Holiday,25.8,5.21,0.0,90,Rain,heavy intensity rain,3942
2023-07-17 08:00:00,8,No Holiday,21.5,0.0,0.0,30,Clouds,overcast clouds,4662
2023-07-17 09:00:00,9,No Holiday,25.6,0.0,0.0,15,Clear,sky is clear,4692
2023-07-17 10:00:00,10,No Holiday,26.0,0.0,0.0,0,Clear,sky is clear,3186
2023-07-17 11:00:00,11,No Holiday,24.9,0.0,0.0,7,Clear,sky is clear,3592
2023-07-17 12:00:00,12,No Holiday,27.5,0.0,0.0,4,Clear,sky is clear,3695
2023-07-17 13:00:00,13,No Holiday,29.9,0.0,0.0,6,Clear,sky is clear,4004
2023-07-17 14:00:00,14,No Holiday,28.9,0.0,0.0,81,Mist,mist,3602
2023-07-17 15:00:00,15,No Holiday,30.2,0.0,0.0,1,Clear,sky is clear,4186
2023-07-17 16:00:00,16,No Holiday,29.2,0.0,0.0,38,Clouds,few clouds,5391
2023-07-17 17:00:00,17,No Holiday,30.4,0.0,0.0,72,Fog,fog,5142
2023-07-17 18:00:00,18,No Holiday,23.9,0.0,0.0,11,Clear,sky is clear,5309
2023-07-17 19:00:00,19,No Holiday,28.4,0.0,0.0,92,Clouds,overcast clouds,2726
2023-07-17 20:00:00,20,No Holiday,28.0,0.0,0.0,5,Clear,sky is clear,2673
2023-07-17 21:00:00,21,No Holiday,26.1,0.77,0.0,89,Drizzle,light intensity drizzle,2306
2023-07-17 22:00:00,22,No Holiday,24.7,3.69,0.0,73,Rain,heavy intensity rain,583
2023-07-17 23:00:00,23,No Holiday,21.9,0.0,0.0,8,Clear,sky is clear,740
2023-07-18 00:00:00,0,No Holiday,19.9,0.0,0.0,18,Clear,sky is clear,731
2023-07-18 01:00:00,1,No Holiday,22.0,0.0,0.0,14,Clear,sky is clear,687
2023-07-18 02:00:00,2,No Holiday,20.8,0.0,0.0,49,Clouds,few clouds,688
2023-07-18 03:00:00,3,No Holiday,21.1,0.86,0.0,73,Drizzle,light intensity drizzle,636
2023-07-18 04:00:00,4,No Holiday,20.4,0.0,0.0,58,Clouds,few clouds,479
2023-07-18 05:00:00,5,No Holiday,19.6,2.85,0.0,96,Rain,heavy intensity rain,829
2023-07-18 06:00:00,6,No Holiday,23.2,0.0,0.0,96,Clouds,scattered clouds,726
2023-07-18 07:00:00,7,No Holiday,23.3,0.0,0.0,47,Clouds,overcast clouds,4877
2023-07-18 08:00:00,8,No Holiday,25.3,0.0,0.0,8,Clear,sky is clear,4902
2023-07-18 09:00:00,9,No Holiday,23.4,0.0,0.0,12,Clear,sky is clear,4264
2023-07-18 10:00:00,10,No Holiday,24.3,0.0,0.0,92,Fog,fog,3417
2023-07-18 11:00:00,11,No Holiday,25.8,0.0,0.0,9,Clear,sky is clear,3635
2023-07-18 12:00:00,12,No Holiday,25.8,0.0,0.0,77,Clouds,broken clouds,3352
2023-07-18 13:00:00,13,No Holiday,30.5,0.0,0.0,10,Clear,sky is clear,3298
2023-07-18 14:00:00,14,No Holiday,30.1,0.0,0.0,62,Clouds,overcast clouds,3279
2023-07-18 15:00:00,15,No Holiday,28.6,0.0,0.0,34,Clouds,overcast clouds,3527
2023-07-18 16:00:00,16,No Holiday,32.9,1.9,0.0,87,Rain,moderate rain,5169
2023-07-18 17:00:00,17,No Holiday,31.4,0.0,0.0,8,Clear,sky is clear,5640
2023-07-18 18:00:00,18,No Holiday,27.8,0.0,0.0,68,Clouds,overcast clouds,5408
2023-07-18 19:00:00,19,No Holiday,26.7,7.05,0.0,98,Rain,light rain,2533
2023-07-18 20:00:00,20,No Holiday,25.4,0.0,0.0,14,Clear,sky is clear,3072
2023-07-18 21:00:00,21,No Holiday,27.6,3.42,0.0,71,Rain,heavy intensity rain,2055
2023-07-18 22:00:00,22,No Holiday,29.2,0.0,0.0,15,Clear,sky is clear,917
2023-07-18 23:00:00,23,No Holiday,23.4,0.0,0.0,72,Mist,mist,825
2023-07-19 00:00:00,0,No Holiday,22.1,0.0,0.0,40,Clouds,overcast clouds,880
2023-07-19 01:00:00,1,No Holiday,21.6,0.0,0.0,89,Clouds,few clouds,750
2023-07-19 02:00:00,2,No Holiday,18.8,0.0,0.0,96,Clouds,broken clouds,513
2023-07-19 03:00:00,3,No Holiday,26.1,1.45,0.0,70,Rain,light rain,680
2023-07-19 04:00:00,4,No Holiday,18.7,0.0,0.0,19,Clear,sky is clear,879
2023-07-19 05:00:00,5,No Holiday,21.5,0.0,0.0,82,Thunderstorm,proximity thunderstorm,457
2023-07-19 06:00:00,6,No Holiday,22.3,0.0,0.0,9,Clear,sky is clear,472
2023-07-19 07:00:00,7,No Holiday,21.6,0.0,0.0,34,Clouds,few clouds,4593
2023-07-19 08:00:00,8,No Holiday,23.5,0.0,0.0,12,Clear,sky is clear,4654
2023-07-19 09:00:00,9,No Holiday,25.0,0.0,0.0,66,Clouds,scattered clouds,4365
2023-07-19 10:00:00,10,No Holiday,22.1,0.0,0.0,84,Mist,mist,3518
2023-07-19 11:00:00,11,No Holiday,27.9,0.0,0.0,18,Clear,sky is clear,3269
2023-07-19 12:00:00,12,No Holiday,27.1,0.0,0.0,2,Clear,sky is clear,3480
2023-07-19 13:00:00,13,No Holiday,26.0,0.0,0.0,0,Clear,sky is clear,3590
2023-07-19 14:00:00,14,No Holiday,28.5,0.0,0.0,15,Clear,sky is clear,3638
2023-07-19 15:00:00,15,No Holiday,30.5,0.0,0.0,4,Clear,sky is clear,3237
2023-07-19 16:00:00,16,No Holiday,30.2,0.0,0.0,30,Clouds,scattered clouds,5001
2023-07-19 17:00:00,17,No Holiday,31.9,0.66,0.0,88,Rain,heavy intensity rain,3880
2023-07-19 18:00:00,18,No Holiday,26.5,0.0,0.0,15,Clear,sky is clear,5044
2023-07-19 19:00:00,19,No Holiday,27.0,2.12,0.0,91,Rain,moderate rain,2526
2023-07-19 20:00:00,20,No Holiday,27.0,0.0,0.0,2,Clear,sky is clear,2866
2023-07-19 21:00:00,21,No Holiday,25.0,0.0,0.0,7,Clear,sky is clear,3145
2023-07-19 22:00:00,22,No Holiday,19.5,0.0,0.0,16,Clear,sky is clear,677
2023-07-19 23:00:00,23,No Holiday,23.8,0.0,0.0,4,Clear,sky is clear,747
2023-07-20 00:00:00,0,No Holiday,21.2,0.0,0.0,93,Mist,mist,427
2023-07-20 01:00:00,1,No Holiday,23.4,0.0,0.0,87,Clouds,scattered clouds,788
2023-07-20 02:00:00,2,No Holiday,21.8,0.0,0.0,92,Mist,mist,718
2023-07-20 03:00:00,3,No Holiday,20.8,0.0,0.0,0,Clear,sky is clear,620
2023-07-20 04:00:00,4,No Holiday,23.1,0.0,0.0,84,Thunderstorm,proximity thunderstorm,501
2023-07-20 05:00:00,5,No Holiday,23.6,0.0,0.0,3,Clear,sky is clear,388
2023-07-20 06:00:00,6,No Holiday,20.6,0.0,0.0,88,Clouds,scattered clouds,592
2023-07-20 07:00:00,7,No Holiday,22.7,0.0,0.0,16,Clear,sky is clear,4732
2023-07-20 08:00:00,8,No Holiday,26.7,0.0,0.0,58,Clouds,overcast clouds,4271
2023-07-20 09:00:00,9,No Holiday,23.7,0.0,0.0,61,Clouds,broken clouds,5107
2023-07-20 10:00:00,10,No Holiday,26.5,0.0,0.0,97,Clouds,scattered clouds,3952
2023-07-20 11:00:00,11,No Holiday,24.5,0.0,0.0,9,Clear,sky is clear,3552
2023-07-20 12:00:00,12,No Holiday,27.0,0.0,0.0,5,Clear,sky is clear,3855
2023-07-20 13:00:00,13,No Holiday,30.4,0.0,0.0,2,Clear,sky is clear,3451
2023-07-20 14:00:00,14,No Holiday,33.3,0.0,0.0,61,Clouds,broken clouds,3530
2023-07-20 15:00:00,15,No Holiday,27.4,4.61,0.0,79,Rain,light rain,3091
2023-07-20 16:00:00,16,No Holiday,31.2,0.0,0.0,31,Clouds,broken clouds,5815
2023-07-20 17:00:00,17,No Holiday,29.3,6.24,0.0,93,Rain,moderate rain,4786
2023-07-20 18:00:00,18,No Holiday,30.9,0.0,0.0,3,Clear,sky is clear,5398
2023-07-20 19:00:00,19,No Holiday,26.9,0.0,0.0,9,Clear,sky is clear,2950
2023-07-20 20:00:00,20,No Holiday,21.1,0.0,0.0,7,Clear,sky is clear,2652
2023-07-20 21:00:00,21,No Holiday,23.6,0.0,0.0,0,Clear,sky is clear,3172
2023-07-20 22:00:00,22,No Holiday,22.8,0.0,0.0,41,Clouds,overcast clouds,612
2023-07-20 23:00:00,23,No Holiday,21.6,0.0,0.0,37,Clouds,few clouds,611
2023-07-21 00:00:00,0,No Holiday,20.4,0.0,0.0,19,Clear,sky is clear,682
2023-07-21 01:00:00,1,No Holiday,21.7,0.0,0.0,90,Clouds,broken clouds,910
2023-07-21 02:00:00,2,No Holiday,19.8,0.0,0.0,3,Clear,sky is clear,710
2023-07-21 03:00:00,3,No Holiday,16.1,0.0,0.0,58,Clouds,few clouds,414
2023-07-21 04:00:00,4,No Holiday,21.2,0.0,0.0,97,Mist,mist,484
2023-07-21 05:00:00,5,No Holiday,20.7,0.0,0.0,84,Clouds,few clouds,428
2023-07-21 06:00:00,6,No Holiday,23.8,0.85,0.0,85,Rain,moderate rain,501
2023-07-21 07:00:00,7,No Holiday,21.6,0.0,0.0,70,Clouds,broken clouds,4880
2023-07-21 08:00:00,8,No Holiday,25.1,0.0,0.0,18,Clear,sky is clear,4484
2023-07-21 09:00:00,9,No Holiday,21.8,0.0,0.0,18,Clear,sky is clear,4787
2023-07-21 10:00:00,10,No Holiday,25.4,1.33,0.0,91,Rain,moderate rain,3193
2023-07-21 11:00:00,11,No Holiday,25.5,0.0,0.0,17,Clear,sky is clear,3426
2023-07-21 12:00:00,12,No Holiday,26.9,0.0,0.0,12,Clear,sky is clear,3614
2023-07-21 13:00:00,13,No Holiday,26.7,0.0,0.0,1,Clear,sky is clear,3531
2023-07-21 14:00:00,14,No Holiday,27.9,0.0,0.0,3,Clear,sky is clear,3261
2023-07-21 15:00:00,15,No Holiday,31.8,0.0,0.0,73,Clouds,scattered clouds,3210
2023-07-21 16:00:00,16,No Holiday,26.4,0.0,0.0,9,Clear,sky is clear,5611
2023-07-21 17:00:00,17,No Holiday,29.0,0.0,0.0,45,Clouds,scattered clouds,5196
2023-07-21 18:00:00,18,No Holiday,30.0,0.0,0.0,42,Clouds,broken clouds,5796
2023-07-21 19:00:00,19,No Holiday,25.6,0.0,0.0,82,Clouds,broken clouds,2838
2023-07-21 20:00:00,20,No Holiday,25.2,0.0,0.0,42,Clouds,broken clouds,2863
2023-07-21 21:00:00,21,No Holiday,23.4,0.0,0.0,83,Clouds,overcast clouds,2957
2023-07-21 22:00:00,22,No Holiday,25.1,0.0,0.0,70,Thunderstorm,proximity thunderstorm,425
2023-07-21 23:00:00,23,No Holiday,22.3,1.09,0.0,89,Rain,moderate rain,570
2023-07-22 00:00:00,0,No Holiday,25.7,1.03,0.0,73,Rain,light rain,378
2023-07-22 01:00:00,1,No Holiday,22.8,0.0,0.0,8,Clear,sky is clear,479
2023-07-22 02:00:00,2,No Holiday,24.4,2.39,0.0,79,Rain,heavy intensity rain,355
2023-07-22 03:00:00,3,No Holiday,18.9,0.0,0.0,90,Clouds,broken clouds,341
2023-07-22 04:00:00,4,No Holiday,25.4,0.0,0.0,51,Clouds,overcast clouds,450
2023-07-22 05:00:00,5,No Holiday,21.1,0.0,0.0,2,Clear,sky is clear,557
2023-07-22 06:00:00,6,No Holiday,22.8,0.0,0.0,19,Clear,sky is clear,420
2023-07-22 07:00:00,7,No Holiday,24.5,0.0,0.0,1,Clear,sky is clear,3049
2023-07-22 08:00:00,8,No Holiday,24.7,0.0,0.0,10,Clear,sky is clear,3307
2023-07-22 09:00:00,9,No Holiday,24.3,0.0,0.0,38,Clouds,few clouds,3328
2023-07-22 10:00:00,10,No Holiday,23.4,0.0,0.0,80,Clouds,scattered clouds,2117
2023-07-22 11:00:00,11,No Holiday,26.4,0.0,0.0,18,Clear,sky is clear,2253
2023-07-22 12:00:00,12,No Holiday,28.0,3.69,0.0,71,Rain,moderate rain,2486
2023-07-22 13:00:00,13,No Holiday,29.4,0.0,0.0,1,Clear,sky is clear,2957
2023-07-22 14:00:00,14,No Holiday,27.7,0.0,0.0,92,Clouds,broken clouds,2778
2023-07-22 15:00:00,15,No Holiday,28.6,0.0,0.0,8,Clear,sky is clear,2809
2023-07-22 16:00:00,16,No Holiday,30.8,4.29,0.0,75,Rain,moderate rain,3461
2023-07-22 17:00:00,17,No Holiday,27.8,0.16,0.0,72,Drizzle,light intensity drizzle,3473
2023-07-22 18:00:00,18,No Holiday,27.6,7.06,0.0,88,Rain,moderate rain,2965
2023-07-22 19:00:00,19,No Holiday,25.7,3.61,0.0,91,Rain,light rain,1575
2023-07-22 20:00:00,20,No Holiday,26.3,0.0,0.0,11,Clear,sky is clear,1610
2023-07-22 21:00:00,21,No Holiday,28.5,0.0,0.0,12,Clear,sky is clear,1835
2023-07-22 22:00:00,22,No Holiday,22.3,11.89,0.0,71,Rain,heavy intensity rain,430
2023-07-22 23:00:00,23,No Holiday,24.0,0.0,0.0,31,Clouds,few clouds,284
2023-07-23 00:00:00,0,No Holiday,21.4,2.63,0.0,83,Rain,heavy intensity rain,438
2023-07-23 01:00:00,1,No Holiday,22.4,0.0,0.0,3,Clear,sky is clear,329
2023-07-23 02:00:00,2,No Holiday,23.8,0.0,0.0,44,Clouds,overcast clouds,395
2023-07-23 03:00:00,3,No Holiday,19.5,0.0,0.0,8,Clear,sky is clear,368
2023-07-23 04:00:00,4,No Holiday,21.4,1.06,0.0,98,Rain,light rain,383
2023-07-23 05:00:00,5,No Holiday,22.8,0.18,0.0,82,Rain,heavy intensity rain,320
2023-07-23 06:00:00,6,No Holiday,25.6,0.0,0.0,0,Clear,sky is clear,161
2023-07-23 07:00:00,7,No Holiday,21.8,0.0,0.0,18,Clear,sky is clear,2944
2023-07-23 08:00:00,8,No Holiday,25.4,0.0,0.0,57,Clouds,overcast clouds,3070
2023-07-23 09:00:00,9,No Holiday,22.5,0.0,0.0,9,Clear,sky is clear,3245
2023-07-23 10:00:00,10,No Holiday,24.8,0.0,0.0,12,Clear,sky is clear,2305
2023-07-23 11:00:00,11,No Holiday,25.2,0.0,0.0,6,Clear,sky is clear,2217
2023-07-23 12:00:00,12,No Holiday,28.5,0.0,0.0,75,Fog,fog,2673
2023-07-23 13:00:00,13,No Holiday,29.6,0.0,0.0,34,Clouds,broken clouds,3003
2023-07-23 14:00:00,14,No Holiday,28.3,0.0,0.0,83,Clouds,scattered clouds,2632
2023-07-23 15:00:00,15,No Holiday,30.3,0.0,0.0,1,Clear,sky is clear,2773
2023-07-23 16:00:00,16,No Holiday,30.7,0.0,0.0,3,Clear,sky is clear,4190
2023-07-23 17:00:00,17,No Holiday,28.6,0.0,0.0,31,Clouds,scattered clouds,3967
2023-07-23 18:00:00,18,No Holiday,28.5,0.0,0.0,84,Mist,mist,3160
2023-07-23 19:00:00,19,No Holiday,26.3,0.0,0.0,89,Clouds,broken clouds,1679
2023-07-23 20:00:00,20,No Holiday,27.4,0.0,0.0,15,Clear,sky is clear,1935
2023-07-23 21:00:00,21,No Holiday,23.7,0.0,0.0,50,Clouds,broken clouds,1812
2023-07-23 22:00:00,22,No Holiday,24.1,0.0,0.0,32,Clouds,few clouds,377
2023-07-23 23:00:00,23,No Holiday,19.4,0.0,0.0,13,Clear,sky is clear,492
2023-07-24 00:00:00,0,No Holiday,20.8,0.0,0.0,4,Clear,sky is clear,661
2023-07-24 01:00:00,1,No Holiday,20.4,0.0,0.0,18,Clear,sky is clear,641
2023-07-24 02:00:00,2,No Holiday,18.7,0.0,0.0,90,Clouds,few clouds,577
2023-07-24 03:00:00,3,No Holiday,20.4,0.0,0.0,19,Clear,sky is clear,769
2023-07-24 04:00:00,4,No Holiday,19.1,0.0,0.0,70,Clouds,few clouds,692
2023-07-24 05:00:00,5,No Holiday,21.3,0.0,0.0,15,Clear,sky is clear,653
2023-07-24 06:00:00,6,No Holiday,19.4,0.0,0.0,96,Fog,fog,491
2023-07-24 07:00:00,7,No Holiday,18.8,0.0,0.0,5,Clear,sky is clear,4724
2023-07-24 08:00:00,8,No Holiday,27.1,0.0,0.0,1,Clear,sky is clear,4562
2023-07-24 09:00:00,9,No Holiday,26.6,0.0,0.0,8,Clear,sky is clear,4876
2023-07-24 10:00:00,10,No Holiday,24.5,0.91,0.0,84,Rain,light rain,3277
2023-07-24 11:00:00,11,No Holiday,28.2,0.0,0.0,93,Clouds,scattered clouds,3556
2023-07-24 12:00:00,12,No Holiday,23.9,0.0,0.0,99,Clouds,few clouds,3383
2023-07-24 13:00:00,13,No Holiday,28.5,0.05,0.0,94,Rain,light rain,3168
2023-07-24 14:00:00,14,No Holiday,24.7,0.0,0.0,10,Clear,sky is clear,3414
2023-07-24 15:00:00,15,No Holiday,27.2,0.0,0.0,9,Clear,sky is clear,3308
2023-07-24 16:00:00,16,No Holiday,31.5,0.0,0.0,78,Clouds,scattered clouds,5104
2023-07-24 17:00:00,17,No Holiday,30.0,0.0,0.0,18,Clear,sky is clear,5386
2023-07-24 18:00:00,18,No Holiday,30.3,0.0,0.0,17,Clear,sky is clear,5507
2023-07-24 19:00:00,19,No Holiday,25.8,0.0,0.0,17,Clear,sky is clear,2879
2023-07-24 20:00:00,20,No Holiday,27.5,0.0,0.0,4,Clear,sky is clear,2672
2023-07-24 21:00:00,21,No Holiday,21.3,0.0,0.0,18,Clear,sky is clear,2620
2023-07-24 22:00:00,22,No Holiday,24.5,0.0,0.0,14,Clear,sky is clear,503
2023-07-24 23:00:00,23,No Holiday,26.6,0.0,0.0,17,Clear,sky is clear,619
2023-07-25 00:00:00,0,No Holiday,22.2,0.0,0.0,14,Clear,sky is clear,495
2023-07-25 01:00:00,1,No Holiday,21.9,0.0,0.0,11,Clear,sky is clear,858
2023-07-25 02:00:00,2,No Holiday,19.2,0.0,0.0,72,Clouds,overcast clouds,962
2023-07-25 03:00:00,3,No Holiday,22.8,0.0,0.0,17,Clear,sky is clear,694
2023-07-25 04:00:00,4,No Holiday,20.4,0.0,0.0,87,Clouds,broken clouds,632
2023-07-25 05:00:00,5,No Holiday,19.9,0.0,0.0,8,Clear,sky is clear,628
2023-07-25 06:00:00,6,No Holiday,22.0,0.0,0.0,10,Clear,sky is clear,551
2023-07-25 07:00:00,7,No Holiday,22.3,0.0,0.0,90,Clouds,overcast clouds,4998
2023-07-25 08:00:00,8,No Holiday,25.0,0.0,0.0,39,Clouds,overcast clouds,4834
2023-07-25 09:00:00,9,No Holiday,28.2,0.0,0.0,70,Thunderstorm,thunderstorm with light rain,3284
2023-07-25 10:00:00,10,No Holiday,26.7,0.0,0.0,11,Clear,sky is clear,3245
2023-07-25 11:00:00,11,No Holiday,27.4,0.0,0.0,2,Clear,sky is clear,3483
2023-07-25 12:00:00,12,No Holiday,28.3,0.0,0.0,84,Clouds,overcast clouds,3188
2023-07-25 13:00:00,13,No Holiday,29.7,0.0,0.0,19,Clear,sky is clear,3871
2023-07-25 14:00:00,14,No Holiday,31.2,0.0,0.0,84,Fog,fog,3275
2023-07-25 15:00:00,15,No Holiday,32.7,0.0,0.0,9,Clear,sky is clear,3612
2023-07-25 16:00:00,16,No Holiday,30.9,0.0,0.0,18,Clear,sky is clear,4837
2023-07-25 17:00:00,17,No Holiday,28.5,0.0,0.0,73,Clouds,broken clouds,5440
2023-07-25 18:00:00,18,No Holiday,27.7,0.0,0.0,64,Clouds,few clouds,4979
2023-07-25 19:00:00,19,No Holiday,25.9,0.0,0.0,7,Clear,sky is clear,2858
2023-07-25 20:00:00,20,No Holiday,24.2,0.0,0.0,38,Clouds,scattered clouds,2821
2023-07-25 21:00:00,21,No Holiday,22.4,0.0,0.0,11,Clear,sky is clear,3152
2023-07-25 22:00:00,22,No Holiday,23.5,2.49,0.0,81,Rain,heavy intensity rain,578
2023-07-25 23:00:00,23,No Holiday,25.7,0.0,0.0,1,Clear,sky is clear,738
2023-07-26 00:00:00,0,No Holiday,24.6,0.0,0.0,80,Clouds,few clouds,649
2023-07-26 01:00:00,1,No Holiday,24.8,0.44,0.0,85,Rain,heavy intensity rain,682
2023-07-26 02:00:00,2,No Holiday,19.8,0.0,0.0,99,Clouds,overcast clouds,675
2023-07-26 03:00:00,3,No Holiday,19.0,0.0,0.0,2,Clear,sky is clear,762
2023-07-26 04:00:00,4,No Holiday,21.7,0.0,0.0,18,Clear,sky is clear,899
2023-07-26 05:00:00,5,No Holiday,19.9,0.0,0.0,18,Clear,sky is clear,360
2023-07-26 06:00:00,6,No Holiday,20.6,0.0,0.0,71,Clouds,few clouds,772
2023-07-26 07:00:00,7,No Holiday,23.9,0.0,0.0,19,Clear,sky is clear,5235
2023-07-26 08:00:00,8,No Holiday,26.3,0.0,0.0,75,Thunderstorm,proximity thunderstorm,2639
2023-07-26 09:00:00,9,No Holiday,26.2,0.94,0.0,79,Drizzle,light intensity drizzle,4195
2023-07-26 10:00:00,10,No Holiday,26.9,0.0,0.0,0,Clear,sky is clear,3635
2023-07-26 11:00:00,11,No Holiday,30.3,0.0,0.0,71,Mist,mist,3274
2023-07-26 12:00:00,12,No Holiday,29.2,0.0,0.0,94,Clouds,few clouds,2756
2023-07-26 13:00:00,13,No Holiday,25.3,0.0,0.0,65,Clouds,few clouds,3525
2023-07-26 14:00:00,14,No Holiday,31.1,0.0,0.0,0,Clear,sky is clear,3158
2023-07-26 15:00:00,15,No Holiday,28.7,0.0,0.0,2,Clear,sky is clear,3520
2023-07-26 16:00:00,16,No Holiday,31.4,0.0,0.0,88,Clouds,few clouds,5050
2023-07-26 17:00:00,17,No Holiday,27.0,0.0,0.0,39,Clouds,few clouds,5350
2023-07-26 18:00:00,18,No Holiday,28.1,0.0,0.0,2,Clear,sky is clear,5434
2023-07-26 19:00:00,19,No Holiday,29.3,1.72,0.0,76,Rain,moderate rain,2281
2023-07-26 20:00:00,20,No Holiday,25.6,0.0,0.0,12,Clear,sky is clear,3006
2023-07-26 21:00:00,21,No Holiday,24.8,6.5,0.0,98,Rain,light rain,2700
2023-07-26 22:00:00,22,No Holiday,24.4,0.0,0.0,85,Clouds,few clouds,866
2023-07-26 23:00:00,23,No Holiday,25.4,3.68,0.0,79,Rain,light rain,477
2023-07-27 00:00:00,0,No Holiday,23.8,0.0,0.0,15,Clear,sky is clear,712
2023-07-27 01:00:00,1,No Holiday,21.7,0.0,0.0,37,Clouds,few clouds,535
2023-07-27 02:00:00,2,No Holiday,20.9,0.0,0.0,52,Clouds,overcast clouds,862
2023-07-27 03:00:00,3,No Holiday,22.4,0.32,0.0,70,Drizzle,light intensity drizzle,576
2023-07-27 04:00:00,4,No Holiday,24.0,0.0,0.0,11,Clear,sky is clear,658
2023-07-27 05:00:00,5,No Holiday,22.6,0.0,0.0,16,Clear,sky is clear,742
2023-07-27 06:00:00,6,No Holiday,24.7,1.41,0.0,73,Rain,light rain,708
2023-07-27 07:00:00,7,No Holiday,20.1,0.0,0.0,79,Thunderstorm,thunderstorm with light rain,2594
2023-07-27 08:00:00,8,No Holiday,28.7,0.0,0.0,89,Clouds,scattered clouds,5381
2023-07-27 09:00:00,9,No Holiday,26.6,0.0,0.0,31,Clouds,scattered clouds,5033
2023-07-27 10:00:00,10,No Holiday,26.0,0.0,0.0,3,Clear,sky is clear,2921
2023-07-27 11:00:00,11,No Holiday,25.9,0.0,0.0,17,Clear,sky is clear,3859
2023-07-27 12:00:00,12,No Holiday,26.2,0.0,0.0,38,Clouds,broken clouds,3867
2023-07-27 13:00:00,13,No Holiday,29.6,0.0,0.0,59,Clouds,overcast clouds,4032
2023-07-27 14:00:00,14,No Holiday,29.7,6.75,0.0,80,Rain,light rain,3123
2023-07-27 15:00:00,15,No Holiday,28.5,0.0,0.0,14,Clear,sky is clear,3398
2023-07-27 16:00:00,16,No Holiday,31.7,0.0,0.0,14,Clear,sky is clear,5472
2023-07-27 17:00:00,17,No Holiday,26.2,0.9,0.0,74,Drizzle,light intensity drizzle,5188
2023-07-27 18:00:00,18,No Holiday,31.7,0.0,0.0,2,Clear,sky is clear,5209
2023-07-27 19:00:00,19,No Holiday,29.4,0.0,0.0,11,Clear,sky is clear,2766
2023-07-27 20:00:00,20,No Holiday,25.1,0.0,0.0,62,Clouds,broken clouds,2696
2023-07-27 21:00:00,21,No Holiday,23.7,0.0,0.0,3,Clear,sky is clear,2611
2023-07-27 22:00:00,22,No Holiday,23.3,0.0,0.0,80,Mist,mist,788
2023-07-27 23:00:00,23,No Holiday,23.6,0.0,0.0,2,Clear,sky is clear,906
2023-07-28 00:00:00,0,No Holiday,23.7,0.0,0.0,80,Fog,fog,403
2023-07-28 01:00:00,1,No Holiday,21.5,0.0,0.0,72,Fog,fog,697
2023-07-28 02:00:00,2,No Holiday,19.4,0.0,0.0,70,Mist,mist,511
2023-07-28 03:00:00,3,No Holiday,19.2,0.0,0.0,77,Thunderstorm,thunderstorm with light rain,424
2023-07-28 04:00:00,4,No Holiday,25.2,0.0,0.0,14,Clear,sky is clear,539
2023-07-28 05:00:00,5,No Holiday,27.4,0.0,0.0,2,Clear,sky is clear,808
2023-07-28 06:00:00,6,No Holiday,22.2,0.0,0.0,46,Clouds,broken clouds,588
2023-07-28 07:00:00,7,No Holiday,22.9,0.0,0.0,8,Clear,sky is clear,4781
2023-07-28 08:00:00,8,No Holiday,21.9,0.0,0.0,94,Mist,mist,4152
2023-07-28 09:00:00,9,No Holiday,26.3,0.0,0.0,86,Clouds,few clouds,4798
2023-07-28 10:00:00,10,No Holiday,25.3,0.0,0.0,92,Clouds,broken clouds,3488
2023-07-28 11:00:00,11,No Holiday,26.8,0.0,0.0,70,Mist,mist,2993
2023-07-28 12:00:00,12,No Holiday,26.6,0.0,0.0,76,Mist,mist,3064
2023-07-28 13:00:00,13,No Holiday,29.5,0.0,0.0,11,Clear,sky is clear,3668
2023-07-28 14:00:00,14,No Holiday,31.5,0.0,0.0,96,Clouds,scattered clouds,3221
2023-07-28 15:00:00,15,No Holiday,30.3,0.0,0.0,0,Clear,sky is clear,4044
2023-07-28 16:00:00,16,No Holiday,29.1,0.0,0.0,9,Clear,sky is clear,5577
2023-07-28 17:00:00,17,No Holiday,28.5,0.0,0.0,12,Clear,sky is clear,5534
2023-07-28 18:00:00,18,No Holiday,30.0,1.47,0.0,74,Rain,light rain,4811
2023-07-28 19:00:00,19,No Holiday,29.3,0.0,0.0,17,Clear,sky is clear,2951
2023-07-28 20:00:00,20,No Holiday,24.4,1.53,0.0,72,Rain,heavy intensity rain,2665
2023-07-28 21:00:00,21,No Holiday,27.6,0.0,0.0,16,Clear,sky is clear,2811
2023-07-28 22:00:00,22,No Holiday,22.5,0.0,0.0,84,Mist,mist,686
2023-07-28 23:00:00,23,No Holiday,25.0,0.0,0.0,55,Clouds,overcast clouds,751
2023-07-29 00:00:00,0,No Holiday,22.0,3.46,0.0,97,Rain,light rain,587
2023-07-29 01:00:00,1,No Holiday,16.1,0.0,0.0,13,Clear,sky is clear,493
2023-07-29 02:00:00,2,No Holiday,21.9,0.0,0.0,42,Clouds,scattered clouds,354
2023-07-29 03:00:00,3,No Holiday,17.6,0.0,0.0,12,Clear,sky is clear,550
2023-07-29 04:00:00,4,No Holiday,21.2,0.0,0.0,9,Clear,sky is clear,630
2023-07-29 05:00:00,5,No Holiday,19.9,0.0,0.0,4,Clear,sky is clear,594
2023-07-29 06:00:00,6,No Holiday,24.3,0.0,0.0,18,Clear,sky is clear,494
2023-07-29 07:00:00,7,No Holiday,24.5,0.0,0.0,91,Mist,mist,3023
2023-07-29 08:00:00,8,No Holiday,21.7,0.0,0.0,90,Clouds,few clouds,3102
2023-07-29 09:00:00,9,No Holiday,25.3,0.0,0.0,93,Clouds,broken clouds,3116
2023-07-29 10:00:00,10,No Holiday,24.7,0.0,0.0,4,Clear,sky is clear,2388
2023-07-29 11:00:00,11,No Holiday,24.9,0.0,0.0,4,Clear,sky is clear,2279
2023-07-29 12:00:00,12,No Holiday,29.3,0.0,0.0,8,Clear,sky is clear,2368
2023-07-29 13:00:00,13,No Holiday,29.5,0.0,0.0,6,Clear,sky is clear,2637
2023-07-29 14:00:00,14,No Holiday,26.8,1.18,0.0,98,Rain,moderate rain,2141
2023-07-29 15:00:00,15,No Holiday,29.3,0.0,0.0,12,Clear,sky is clear,2801
2023-07-29 16:00:00,16,No Holiday,26.8,0.0,0.0,2,Clear,sky is clear,4014
2023-07-29 17:00:00,17,No Holiday,28.0,0.0,0.0,39,Clouds,few clouds,4371
2023-07-29 18:00:00,18,No Holiday,28.2,0.0,0.0,10,Clear,sky is clear,3594
2023-07-29 19:00:00,19,No Holiday,27.5,0.0,0.0,31,Clouds,scattered clouds,1761
2023-07-29 20:00:00,20,No Holiday,25.3,0.0,0.0,9,Clear,sky is clear,1799
2023-07-29 21:00:00,21,No Holiday,27.9,0.38,0.0,75,Drizzle,light intensity drizzle,1528
2023-07-29 22:00:00,22,No Holiday,23.3,0.0,0.0,13,Clear,sky is clear,536
2023-07-29 23:00:00,23,No Holiday,24.1,0.0,0.0,18,Clear,sky is clear,633
2023-07-30 00:00:00,0,No Holiday,25.9,0.0,0.0,1,Clear,sky is clear,511
2023-07-30 01:00:00,1,No Holiday,22.7,2.73,0.0,82,Rain,light rain,439
2023-07-30 02:00:00,2,No Holiday,22.5,0.0,0.0,88,Clouds,overcast clouds,538
2023-07-30 03:00:00,3,No Holiday,19.0,0.0,0.0,13,Clear,sky is clear,391
2023-07-30 04:00:00,4,No Holiday,20.9,0.0,0.0,87,Clouds,overcast clouds,379
2023-07-30 05:00:00,5,No Holiday,19.3,0.0,0.0,14,Clear,sky is clear,479
2023-07-30 06:00:00,6,No Holiday,27.1,0.0,0.0,92,Clouds,scattered clouds,516
2023-07-30 07:00:00,7,No Holiday,26.1,0.89,0.0,71,Rain,heavy intensity rain,2848
2023-07-30 08:00:00,8,No Holiday,22.0,0.0,0.0,18,Clear,sky is clear,3060
2023-07-30 09:00:00,9,No Holiday,25.1,0.0,0.0,97,Clouds,broken clouds,3616
2023-07-30 10:00:00,10,No Holiday,24.0,0.0,0.0,10,Clear,sky is clear,2034
2023-07-30 11:00:00,11,No Holiday,26.9,0.0,0.0,48,Clouds,overcast clouds,2257
2023-07-30 12:00:00,12,No Holiday,25.7,0.0,0.0,13,Clear,sky is clear,2990
2023-07-30 13:00:00,13,No Holiday,27.4,0.0,0.0,2,Clear,sky is clear,2915
2023-07-30 14:00:00,14,No Holiday,29.6,0.0,0.0,91,Clouds,scattered clouds,2476
2023-07-30 15:00:00,15,No Holiday,28.8,0.0,0.0,87,Thunderstorm,proximity thunderstorm,1506
2023-07-30 16:00:00,16,No Holiday,30.6,0.0,0.0,17,Clear,sky is clear,4576
2023-07-30 17:00:00,17,No Holiday,30.7,0.0,0.0,7,Clear,sky is clear,4309
2023-07-30 18:00:00,18,No Holiday,28.6,0.0,0.0,73,Clouds,broken clouds,3614
2023-07-30 19:00:00,19,No Holiday,23.2,0.0,0.0,87,Clouds,scattered clouds,1926
2023-07-30 20:00:00,20,No Holiday,29.0,0.0,0.0,90,Clouds,overcast clouds,2013
2023-07-30 21:00:00,21,No Holiday,22.4,0.0,0.0,50,Clouds,overcast clouds,1719
2023-07-30 22:00:00,22,No Holiday,26.3,0.0,0.0,95,Clouds,broken clouds,411
2023-07-30 23:00:00,23,No Holiday,24.2,11.07,0.0,92,Rain,moderate rain,373
2023-07-31 00:00:00,0,No Holiday,19.3,0.0,0.0,13,Clear,sky is clear,682
2023-07-31 01:00:00,1,No Holiday,25.5,0.0,0.0,74,Clouds,overcast clouds,1101
2023-07-31 02:00:00,2,No Holiday,18.6,0.28,0.0,90,Drizzle,light intensity drizzle,617
2023-07-31 03:00:00,3,No Holiday,21.4,0.0,0.0,42,Clouds,few clouds,506
2023-07-31 04:00:00,4,No Holiday,20.9,0.0,0.0,55,Clouds,broken clouds,889
2023-07-31 05:00:00,5,No Holiday,23.5,0.23,0.0,76,Rain,heavy intensity rain,720
2023-07-31 06:00:00,6,No Holiday,24.2,0.0,0.0,1,Clear,sky is clear,649
2023-07-31 07:00:00,7,No Holiday,24.3,0.0,0.0,5,Clear,sky is clear,4271
2023-07-31 08:00:00,8,No Holiday,22.9,0.0,0.0,6,Clear,sky is clear,4737
2023-07-31 09:00:00,9,No Holiday,24.3,0.0,0.0,2,Clear,sky is clear,4767
2023-07-31 10:00:00,10,No Holiday,29.0,0.0,0.0,44,Clouds,overcast clouds,3567
2023-07-31 11:00:00,11,No Holiday,27.5,0.0,0.0,83,Clouds,scattered clouds,3577
2023-07-31 12:00:00,12,No Holiday,32.7,0.0,0.0,0,Clear,sky is clear,3512
2023-07-31 13:00:00,13,No Holiday,32.9,0.0,0.0,4,Clear,sky is clear,3302
2023-07-31 14:00:00,14,No Holiday,27.7,0.0,0.0,65,Clouds,few clouds,3924
2023-07-31 15:00:00,15,No Holiday,29.2,0.0,0.0,17,Clear,sky is clear,3438
2023-07-31 16:00:00,16,No Holiday,34.3,0.0,0.0,82,Mist,mist,5339
2023-07-31 17:00:00,17,No Holiday,30.1,0.0,0.0,17,Clear,sky is clear,5201
2023-07-31 18:00:00,18,No Holiday,25.5,0.0,0.0,89,Mist,mist,4766
2023-07-31 19:00:00,19,No Holiday,29.6,0.0,0.0,31,Clouds,scattered clouds,2637
2023-07-31 20:00:00,20,No Holiday,26.3,0.0,0.0,93,Clouds,overcast clouds,2708
2023-07-31 21:00:00,21,No Holiday,27.0,0.0,0.0,34,Clouds,scattered clouds,2730
2023-07-31 22:00:00,22,No Holiday,23.7,0.0,0.0,6,Clear,sky is clear,824
2023-07-31 23:00:00,23,No Holiday,23.6,0.0,0.0,31,Clouds,overcast clouds,630
2023-08-01 00:00:00,0,No Holiday,20.3,0.0,0.0,76,Mist,mist,700
2023-08-01 01:00:00,1,No Holiday,17.6,0.0,0.0,0,Clear,sky is clear,1025
2023-08-01 02:00:00,2,No Holiday,20.5,2.18,0.0,98,Rain,moderate rain,832
2023-08-01 03:00:00,3,No Holiday,16.8,0.65,0.0,99,Rain,light rain,523
2023-08-01 04:00:00,4,No Holiday,16.3,0.0,0.0,90,Mist,mist,425
2023-08-01 05:00:00,5,No Holiday,17.4,0.0,0.0,50,Clouds,overcast clouds,880
2023-08-01 06:00:00,6,No Holiday,18.2,0.0,0.0,18,Clear,sky is clear,946
2023-08-01 07:00:00,7,No Holiday,20.4,0.0,0.0,69,Clouds,scattered clouds,4718
2023-08-01 08:00:00,8,No Holiday,20.7,0.0,0.0,3,Clear,sky is clear,4867
2023-08-01 09:00:00,9,No Holiday,21.6,15.48,0.0,72,Rain,light rain,4052
2023-08-01 10:00:00,10,No Holiday,23.1,0.0,0.0,43,Clouds,broken clouds,3442
2023-08-01 11:00:00,11,No Holiday,24.4,0.0,0.0,58,Clouds,broken clouds,3836
2023-08-01 12:00:00,12,No Holiday,22.3,0.0,0.0,16,Clear,sky is clear,3527
2023-08-01 13:00:00,13,No Holiday,25.0,0.0,0.0,37,Clouds,broken clouds,3518
2023-08-01 14:00:00,14,No Holiday,28.6,0.0,0.0,68,Clouds,few clouds,3710
2023-08-01 15:00:00,15,No Holiday,27.5,0.0,0.0,10,Clear,sky is clear,3392
2023-08-01 16:00:00,16,No Holiday,26.4,0.0,0.0,19,Clear,sky is clear,5403
2023-08-01 17:00:00,17,No Holiday,27.7,0.0,0.0,36,Clouds,scattered clouds,5812
2023-08-01 18:00:00,18,No Holiday,24.6,0.0,0.0,81,Clouds,broken clouds,5461
2023-08-01 19:00:00,19,No Holiday,25.5,0.0,0.0,77,Mist,mist,2755
2023-08-01 20:00:00,20,No Holiday,24.5,0.0,0.0,2,Clear,sky is clear,2717
2023-08-01 21:00:00,21,No Holiday,23.5,0.0,0.0,56,Clouds,few clouds,2867
2023-08-01 22:00:00,22,No Holiday,23.3,0.0,0.0,43,Clouds,overcast clouds,671
2023-08-01 23:00:00,23,No Holiday,17.6,0.0,0.0,6,Clear,sky is clear,861
2023-08-02 00:00:00,0,No Holiday,22.9,0.45,0.0,88,Rain,moderate rain,524
2023-08-02 01:00:00,1,No Holiday,22.2,0.0,0.0,19,Clear,sky is clear,808
2023-08-02 02:00:00,2,No Holiday,17.3,0.0,0.0,3,Clear,sky is clear,569
2023-08-02 03:00:00,3,No Holiday,21.4,0.0,0.0,18,Clear,sky is clear,640
2023-08-02 04:00:00,4,No Holiday,21.8,0.0,0.0,66,Clouds,broken clouds,921
2023-08-02 05:00:00,5,No Holiday,18.9,0.0,0.0,55,Clouds,scattered clouds,693
2023-08-02 06:00:00,6,No Holiday,20.7,0.0,0.0,2,Clear,sky is clear,686
2023-08-02 07:00:00,7,No Holiday,19.0,0.0,0.0,19,Clear,sky is clear,4739
2023-08-02 08:00:00,8,No Holiday,24.7,0.0,0.0,99,Clouds,few clouds,4941
2023-08-02 09:00:00,9,No Holiday,25.3,0.0,0.0,10,Clear,sky is clear,4770
2023-08-02 10:00:00,10,No Holiday,27.2,0.0,0.0,17,Clear,sky is clear,3315
2023-08-02 11:00:00,11,No Holiday,25.4,0.0,0.0,5,Clear,sky is clear,3273
2023-08-02 12:00:00,12,No Holiday,24.0,0.0,0.0,2,Clear,sky is clear,3689
2023-08-02 13:00:00,13,No Holiday,24.7,0.0,0.0,79,Fog,fog,3259
2023-08-02 14:00:00,14,No Holiday,29.5,0.0,0.0,13,Clear,sky is clear,3572
2023-08-02 15:00:00,15,No Holiday,27.1,0.0,0.0,0,Clear,sky is clear,3404
2023-08-02 16:00:00,16,No Holiday,27.8,0.0,0.0,43,Clouds,few clouds,6242
2023-08-02 17:00:00,17,No Holiday,27.6,0.0,0.0,77,Clouds,overcast clouds,5465
2023-08-02 18:00:00,18,No Holiday,25.1,0.2,0.0,96,Rain,heavy intensity rain,4861
2023-08-02 19:00:00,19,No Holiday,25.2,2.11,0.0,78,Rain,moderate rain,2424
2023-08-02 20:00:00,20,No Holiday,26.0,1.42,0.0,70,Rain,light rain,2303
2023-08-02 21:00:00,21,No Holiday,25.7,0.0,0.0,80,Clouds,overcast clouds,2997
2023-08-02 22:00:00,22,No Holiday,22.8,0.0,0.0,77,Mist,mist,781
2023-08-02 23:00:00,23,No Holiday,25.7,0.0,0.0,2,Clear,sky is clear,612
2023-08-03 00:00:00,0,No Holiday,23.0,0.0,0.0,60,Clouds,overcast clouds,813
2023-08-03 01:00:00,1,No Holiday,16.8,0.0,0.0,42,Clouds,overcast clouds,668
2023-08-03 02:00:00,2,No Holiday,17.9,0.0,0.0,19,Clear,sky is clear,844
2023-08-03 03:00:00,3,No Holiday,19.9,0.0,0.0,97,Clouds,scattered clouds,557
2023-08-03 04:00:00,4,No Holiday,16.8,0.0,0.0,17,Clear,sky is clear,648
2023-08-03 05:00:00,5,No Holiday,17.9,0.0,0.0,18,Clear,sky is clear,793
2023-08-03 06:00:00,6,No Holiday,20.4,0.0,0.0,80,Clouds,few clouds,765
2023-08-03 07:00:00,7,No Holiday,21.3,0.0,0.0,3,Clear,sky is clear,4774
2023-08-03 08:00:00,8,No Holiday,19.5,0.0,0.0,2,Clear,sky is clear,4404
2023-08-03 09:00:00,9,No Holiday,22.8,0.0,0.0,81,Mist,mist,4535
2023-08-03 10:00:00,10,No Holiday,24.1,0.0,0.0,30,Clouds,broken clouds,3144
2023-08-03 11:00:00,11,No Holiday,21.2,0.0,0.0,95,Clouds,few clouds,3676
2023-08-03 12:00:00,12,No Holiday,25.9,0.0,0.0,1,Clear,sky is clear,3541
2023-08-03 13:00:00,13,No Holiday,25.6,0.0,0.0,10,Clear,sky is clear,3487
2023-08-03 14:00:00,14,No Holiday,26.7,0.18,0.0,97,Rain,light rain,3388
2023-08-03 15:00:00,15,No Holiday,25.7,0.0,0.0,6,Clear,sky is clear,3538
2023-08-03 16:00:00,16,No Holiday,28.2,0.0,0.0,13,Clear,sky is clear,4724
2023-08-03 17:00:00,17,No Holiday,22.4,0.91,0.0,85,Rain,moderate rain,5064
2023-08-03 18:00:00,18,No Holiday,23.0,0.0,0.0,98,Clouds,broken clouds,5771
2023-08-03 19:00:00,19,No Holiday,23.6,0.0,0.0,61,Clouds,few clouds,2745
2023-08-03 20:00:00,20,No Holiday,25.6,0.0,0.0,5,Clear,sky is clear,2454
2023-08-03 21:00:00,21,No Holiday,26.5,0.0,0.0,85,Clouds,broken clouds,2620
2023-08-03 22:00:00,22,No Holiday,18.9,0.0,0.0,51,Clouds,scattered clouds,519
2023-08-03 23:00:00,23,No Holiday,22.2,0.0,0.0,33,Clouds,broken clouds,1002
2023-08-04 00:00:00,0,No Holiday,22.9,0.0,0.0,95,Mist,mist,587
2023-08-04 01:00:00,1,No Holiday,19.4,0.0,0.0,33,Clouds,few clouds,669
2023-08-04 02:00:00,2,No Holiday,21.5,0.0,0.0,37,Clouds,few clouds,938
2023-08-04 03:00:00,3,No Holiday,23.1,0.0,0.0,34,Clouds,scattered clouds,572
2023-08-04 04:00:00,4,No Holiday,21.0,0.0,0.0,66,Clouds,overcast clouds,587
2023-08-04 05:00:00,5,No Holiday,20.8,0.0,0.0,13,Clear,sky is clear,691
2023-08-04 06:00:00,6,No Holiday,21.6,0.0,0.0,80,Mist,mist,615
2023-08-04 07:00:00,7,No Holiday,20.1,0.0,0.0,4,Clear,sky is clear,4922
2023-08-04 08:00:00,8,No Holiday,20.0,0.0,0.0,36,Clouds,scattered clouds,5053
2023-08-04 09:00:00,9,No Holiday,24.5,0.0,0.0,11,Clear,sky is clear,4958
2023-08-04 10:00:00,10,No Holiday,24.2,0.0,0.0,5,Clear,sky is clear,3392
2023-08-04 11:00:00,11,No Holiday,25.1,0.88,0.0,86,Rain,light rain,2997
2023-08-04 12:00:00,12,No Holiday,26.5,0.0,0.0,58,Clouds,overcast clouds,3545
2023-08-04 13:00:00,13,No Holiday,27.5,0.0,0.0,59,Clouds,broken clouds,3400
2023-08-04 14:00:00,14,No Holiday,28.4,0.0,0.0,46,Clouds,scattered clouds,3678
2023-08-04 15:00:00,15,No Holiday,28.2,0.0,0.0,60,Clouds,few clouds,3590
2023-08-04 16:00:00,16,No Holiday,26.2,0.0,0.0,76,Clouds,scattered clouds,4894
2023-08-04 17:00:00,17,No Holiday,27.9,3.71,0.0,84,Rain,moderate rain,4578
2023-08-04 18:00:00,18,No Holiday,25.7,0.0,0.0,13,Clear,sky is clear,5521
2023-08-04 19:00:00,19,No Holiday,27.6,0.0,0.0,15,Clear,sky is clear,2983
2023-08-04 20:00:00,20,No Holiday,24.2,0.0,0.0,84,Clouds,broken clouds,2442
2023-08-04 21:00:00,21,No Holiday,22.7,0.0,0.0,95,Thunderstorm,proximity thunderstorm,1637
2023-08-04 22:00:00,22,No Holiday,20.9,0.0,0.0,79,Clouds,overcast clouds,756
2023-08-04 23:00:00,23,No Holiday,19.2,0.0,0.0,78,Clouds,overcast clouds,804
2023-08-05 00:00:00,0,No Holiday,20.4,0.0,0.0,1,Clear,sky is clear,336
2023-08-05 01:00:00,1,No Holiday,20.8,0.0,0.0,0,Clear,sky is clear,483
2023-08-05 02:00:00,2,No Holiday,16.1,0.0,0.0,19,Clear,sky is clear,396
2023-08-05 03:00:00,3,No Holiday,18.5,0.26,0.0,95,Rain,moderate rain,337
2023-08-05 04:00:00,4,No Holiday,21.6,1.29,0.0,82,Rain,light rain,384
2023-08-05 05:00:00,5,No Holiday,21.2,0.0,0.0,45,Clouds,overcast clouds,465
2023-08-05 06:00:00,6,No Holiday,20.8,0.0,0.0,79,Fog,fog,473
2023-08-05 07:00:00,7,No Holiday,24.1,0.0,0.0,44,Clouds,few clouds,2952
2023-08-05 08:00:00,8,No Holiday,22.9,0.0,0.0,75,Clouds,scattered clouds,2794
2023-08-05 09:00:00,9,No Holiday,26.4,1.94,0.0,84,Rain,heavy intensity rain,2669
2023-08-05 10:00:00,10,No Holiday,23.8,0.0,0.0,19,Clear,sky is clear,2302
2023-08-05 11:00:00,11,No Holiday,25.6,0.0,0.0,87,Clouds,overcast clouds,2385
2023-08-05 12:00:00,12,No Holiday,26.0,0.0,0.0,16,Clear,sky is clear,2849
2023-08-05 13:00:00,13,No Holiday,25.4,0.0,0.0,2,Clear,sky is clear,2947
2023-08-05 14:00:00,14,No Holiday,24.4,0.0,0.0,55,Clouds,broken clouds,2579
2023-08-05 15:00:00,15,No Holiday,27.7,0.0,0.0,80,Clouds,overcast clouds,2786
2023-08-05 16:00:00,16,No Holiday,24.2,0.0,0.0,12,Clear,sky is clear,4495
2023-08-05 17:00:00,17,No Holiday,26.3,0.86,0.0,89,Drizzle,light intensity drizzle,3346
2023-08-05 18:00:00,18,No Holiday,25.4,0.0,0.0,58,Clouds,few clouds,3524
2023-08-05 19:00:00,19,No Holiday,25.3,0.0,0.0,5,Clear,sky is clear,1865
2023-08-05 20:00:00,20,No Holiday,26.3,0.0,0.0,57,Clouds,scattered clouds,1804
2023-08-05 21:00:00,21,No Holiday,23.6,0.0,0.0,32,Clouds,few clouds,1796
2023-08-05 22:00:00,22,No Holiday,21.8,0.0,0.0,41,Clouds,few clouds,333
2023-08-05 23:00:00,23,No Holiday,22.7,0.0,0.0,34,Clouds,scattered clouds,521
2023-08-06 00:00:00,0,No Holiday,23.6,0.0,0.0,17,Clear,sky is clear,378
2023-08-06 01:00:00,1,No Holiday,16.8,0.0,0.0,46,Clouds,broken clouds,548
2023-08-06 02:00:00,2,No Holiday,18.5,0.38,0.0,84,Rain,moderate rain,288
2023-08-06 03:00:00,3,No Holiday,21.2,0.01,0.0,74,Rain,heavy intensity rain,309
2023-08-06 04:00:00,4,No Holiday,17.8,0.0,0.0,61,Clouds,scattered clouds,307
2023-08-06 05:00:00,5,No Holiday,20.5,0.0,0.0,17,Clear,sky is clear,580
2023-08-06 06:00:00,6,No Holiday,19.6,0.0,0.0,8,Clear,sky is clear,441
2023-08-06 07:00:00,7,No Holiday,22.6,0.0,0.0,19,Clear,sky is clear,2924
2023-08-06 08:00:00,8,No Holiday,18.4,1.74,0.0,78,Rain,moderate rain,2622
2023-08-06 09:00:00,9,No Holiday,20.8,0.0,0.0,66,Clouds,few clouds,3117
2023-08-06 10:00:00,10,No Holiday,23.8,0.0,0.0,60,Clouds,scattered clouds,2430
2023-08-06 11:00:00,11,No Holiday,22.2,0.0,0.0,8,Clear,sky is clear,2220
2023-08-06 12:00:00,12,No Holiday,30.3,0.0,0.0,88,Clouds,broken clouds,2839
2023-08-06 13:00:00,13,No Holiday,28.2,0.0,0.0,17,Clear,sky is clear,2736
2023-08-06 14:00:00,14,No Holiday,25.8,0.0,0.0,81,Mist,mist,2703
2023-08-06 15:00:00,15,No Holiday,27.4,0.0,0.0,58,Clouds,scattered clouds,2949
2023-08-06 16:00:00,16,No Holiday,24.6,0.0,0.0,16,Clear,sky is clear,3924
2023-08-06 17:00:00,17,No Holiday,26.4,0.0,0.0,15,Clear,sky is clear,3685
2023-08-06 18:00:00,18,No Holiday,27.5,0.0,0.0,17,Clear,sky is clear,3448
2023-08-06 19:00:00,19,No Holiday,24.9,0.26,0.0,80,Rain,heavy intensity rain,1622
2023-08-06 20:00:00,20,No Holiday,23.2,0.0,0.0,55,Clouds,scattered clouds,1717
2023-08-06 21:00:00,21,No Holiday,24.2,0.0,0.0,10,Clear,sky is clear,1713
2023-08-06 22:00:00,22,No Holiday,22.6,0.0,0.0,66,Clouds,few clouds,461
2023-08-06 23:00:00,23,No Holiday,24.8,0.0,0.0,13,Clear,sky is clear,455
2023-08-07 00:00:00,0,No Holiday,21.6,0.0,0.0,10,Clear,sky is clear,714
2023-08-07 01:00:00,1,No Holiday,20.0,0.0,0.0,43,Clouds,scattered clouds,738
2023-08-07 02:00:00,2,No Holiday,16.3,0.0,0.0,67,Clouds,broken clouds,723
2023-08-07 03:00:00,3,No Holiday,22.3,0.0,0.0,96,Clouds,broken clouds,361
2023-08-07 04:00:00,4,No Holiday,20.5,0.0,0.0,37,Clouds,few clouds,723
2023-08-07 05:00:00,5,No Holiday,22.0,0.0,0.0,5,Clear,sky is clear,738
2023-08-07 06:00:00,6,No Holiday,21.4,0.0,0.0,77,Mist,mist,638
2023-08-07 07:00:00,7,No Holiday,19.2,0.0,0.0,85,Clouds,scattered clouds,5346
2023-08-07 08:00:00,8,No Holiday,24.4,0.0,0.0,60,Clouds,broken clouds,4960
2023-08-07 09:00:00,9,No Holiday,21.7,0.0,0.0,85,Mist,mist,4212
2023-08-07 10:00:00,10,No Holiday,26.4,0.0,0.0,91,Clouds,overcast clouds,3386
2023-08-07 11:00:00,11,No Holiday,22.0,0.0,0.0,33,Clouds,scattered clouds,3888
2023-08-07 12:00:00,12,No Holiday,25.2,0.11,0.0,87,Rain,heavy intensity rain,2755
2023-08-07 13:00:00,13,No Holiday,29.9,0.13,0.0,97,Drizzle,light intensity drizzle,3092
2023-08-07 14:00:00,14,No Holiday,27.8,0.0,0.0,39,Clouds,few clouds,3505
2023-08-07 15:00:00,15,No Holiday,28.8,0.0,0.0,66,Clouds,scattered clouds,3322
2023-08-07 16:00:00,16,No Holiday,24.8,0.0,0.0,75,Fog,fog,4718
2023-08-07 17:00:00,17,No Holiday,24.6,0.0,0.0,3,Clear,sky is clear,4871
2023-08-07 18:00:00,18,No Holiday,25.5,0.0,0.0,2,Clear,sky is clear,5299
2023-08-07 19:00:00,19,No Holiday,25.9,0.0,0.0,40,Clouds,few clouds,2424
2023-08-07 20:00:00,20,No Holiday,25.4,0.0,0.0,18,Clear,sky is clear,2879
2023-08-07 21:00:00,21,No Holiday,22.1,0.0,0.0,16,Clear,sky is clear,3087
2023-08-07 22:00:00,22,No Holiday,24.1,0.0,0.0,90,Clouds,scattered clouds,837
2023-08-07 23:00:00,23,No Holiday,25.4,0.0,0.0,94,Clouds,scattered clouds,797
2023-08-08 00:00:00,0,No Holiday,18.9,0.0,0.0,91,Clouds,overcast clouds,575
2023-08-08 01:00:00,1,No Holiday,18.3,0.0,0.0,15,Clear,sky is clear,890
2023-08-08 02:00:00,2,No Holiday,20.4,0.0,0.0,68,Clouds,few clouds,616
2023-08-08 03:00:00,3,No Holiday,19.0,0.0,0.0,79,Fog,fog,800
2023-08-08 04:00:00,4,No Holiday,20.2,0.0,0.0,40,Clouds,broken clouds,933
2023-08-08 05:00:00,5,No Holiday,22.2,0.0,0.0,9,Clear,sky is clear,528
2023-08-08 06:00:00,6,No Holiday,25.1,0.0,0.0,94,Mist,mist,452
2023-08-08 07:00:00,7,No Holiday,21.6,0.0,0.0,5,Clear,sky is clear,5121
2023-08-08 08:00:00,8,No Holiday,25.9,0.0,0.0,31,Clouds,broken clouds,4955
2023-08-08 09:00:00,9,No Holiday,19.7,0.0,0.0,98,Clouds,broken clouds,4103
2023-08-08 10:00:00,10,No Holiday,23.0,0.0,0.0,19,Clear,sky is clear,3760
2023-08-08 11:00:00,11,No Holiday,23.5,0.0,0.0,69,Clouds,few clouds,3607
2023-08-08 12:00:00,12,No Holiday,27.7,0.0,0.0,8,Clear,sky is clear,3543
2023-08-08 13:00:00,13,No Holiday,27.1,0.0,0.0,4,Clear,sky is clear,3736
2023-08-08 14:00:00,14,No Holiday,29.3,0.0,0.0,60,Clouds,scattered clouds,3354
2023-08-08 15:00:00,15,No Holiday,29.1,1.01,0.0,93,Rain,moderate rain,2979
2023-08-08 16:00:00,16,No Holiday,24.8,4.11,0.0,76,Rain,light rain,5243
2023-08-08 17:00:00,17,No Holiday,24.8,0.0,0.0,5,Clear,sky is clear,5672
2023-08-08 18:00:00,18,No Holiday,24.5,4.03,0.0,99,Rain,moderate rain,4678
2023-08-08 19:00:00,19,No Holiday,24.5,0.0,0.0,5,Clear,sky is clear,2691
2023-08-08 20:00:00,20,No Holiday,28.2,0.0,0.0,4,Clear,sky is clear,2837
2023-08-08 21:00:00,21,No Holiday,22.3,0.0,0.0,10,Clear,sky is clear,2747
2023-08-08 22:00:00,22,No Holiday,21.5,0.0,0.0,3,Clear,sky is clear,647
2023-08-08 23:00:00,23,No Holiday,21.3,0.0,0.0,18,Clear,sky is clear,588
2023-08-09 00:00:00,0,No Holiday,19.6,0.0,0.0,86,Clouds,scattered clouds,549
2023-08-09 01:00:00,1,No Holiday,20.8,0.0,0.0,11,Clear,sky is clear,829
2023-08-09 02:00:00,2,No Holiday,20.9,0.0,0.0,35,Clouds,few clouds,277
2023-08-09 03:00:00,3,No Holiday,20.2,0.0,0.0,48,Clouds,overcast clouds,717
2023-08-09 04:00:00,4,No Holiday,19.7,0.0,0.0,5,Clear,sky is clear,654
2023-08-09 05:00:00,5,No Holiday,19.0,0.0,0.0,85,Thunderstorm,proximity thunderstorm,571
2023-08-09 06:00:00,6,No Holiday,20.2,0.0,0.0,6,Clear,sky is clear,639
2023-08-09 07:00:00,7,No Holiday,19.4,0.0,0.0,50,Clouds,broken clouds,4881
2023-08-09 08:00:00,8,No Holiday,23.7,0.0,0.0,55,Clouds,scattered clouds,4940
2023-08-09 09:00:00,9,No Holiday,24.3,0.0,0.0,6,Clear,sky is clear,4917
2023-08-09 10:00:00,10,No Holiday,24.8,8.84,0.0,81,Rain,light rain,3283
2023-08-09 11:00:00,11,No Holiday,23.1,0.0,0.0,97,Fog,fog,2751
2023-08-09 12:00:00,12,No Holiday,24.5,0.0,0.0,33,Clouds,scattered clouds,3259
2023-08-09 13:00:00,13,No Holiday,29.5,0.0,0.0,15,Clear,sky is clear,3683
2023-08-09 14:00:00,14,No Holiday,29.7,0.0,0.0,52,Clouds,broken clouds,3605
2023-08-09 15:00:00,15,No Holiday,27.4,0.0,0.0,13,Clear,sky is clear,3778
2023-08-09 16:00:00,16,No Holiday,27.1,0.0,0.0,92,Clouds,few clouds,6407
2023-08-09 17:00:00,17,No Holiday,23.1,0.0,0.0,67,Clouds,few clouds,5352
2023-08-09 18:00:00,18,No Holiday,24.2,6.32,0.0,82,Rain,heavy intensity rain,4912
2023-08-09 19:00:00,19,No Holiday,24.4,0.0,0.0,98,Clouds,scattered clouds,3291
2023-08-09 20:00:00,20,No Holiday,24.9,0.0,0.0,16,Clear,sky is clear,2551
2023-08-09 21:00:00,21,No Holiday,23.8,0.0,0.0,66,Clouds,few clouds,2819
2023-08-09 22:00:00,22,No Holiday,25.1,0.0,0.0,9,Clear,sky is clear,608
2023-08-09 23:00:00,23,No Holiday,25.1,0.0,0.0,16,Clear,sky is clear,728
2023-08-10 00:00:00,0,No Holiday,18.1,0.0,0.0,77,Fog,fog,960
2023-08-10 01:00:00,1,No Holiday,18.1,0.0,0.0,12,Clear,sky is clear,995
2023-08-10 02:00:00,2,No Holiday,21.3,0.0,0.0,13,Clear,sky is clear,600
2023-08-10 03:00:00,3,No Holiday,20.9,0.0,0.0,80,Fog,fog,843
2023-08-10 04:00:00,4,No Holiday,16.2,0.0,0.0,91,Clouds,broken clouds,743
2023-08-10 05:00:00,5,No Holiday,18.8,0.0,0.0,3,Clear,sky is clear,703
2023-08-10 06:00:00,6,No Holiday,19.9,0.0,0.0,19,Clear,sky is clear,611
2023-08-10 07:00:00,7,No Holiday,25.7,0.0,0.0,50,Clouds,broken clouds,5063
2023-08-10 08:00:00,8,No Holiday,22.1,0.0,0.0,53,Clouds,overcast clouds,5244
2023-08-10 09:00:00,9,No Holiday,22.1,0.0,0.0,98,Thunderstorm,thunderstorm with light rain,3190
2023-08-10 10:00:00,10,No Holiday,23.7,0.0,0.0,9,Clear,sky is clear,3274
2023-08-10 11:00:00,11,No Holiday,23.6,0.28,0.0,72,Drizzle,light intensity drizzle,2948
2023-08-10 12:00:00,12,No Holiday,22.9,0.0,0.0,83,Clouds,broken clouds,3181
2023-08-10 13:00:00,13,No Holiday,28.5,0.0,0.0,59,Clouds,scattered clouds,3705
2023-08-10 14:00:00,14,No Holiday,26.8,0.0,0.0,76,Clouds,broken clouds,3786
2023-08-10 15:00:00,15,No Holiday,28.9,0.0,0.0,2,Clear,sky is clear,3538
2023-08-10 16:00:00,16,No Holiday,27.2,0.0,0.0,86,Clouds,overcast clouds,5518
2023-08-10 17:00:00,17,No Holiday,25.7,0.0,0.0,7,Clear,sky is clear,5132
2023-08-10 18:00:00,18,No Holiday,28.1,0.0,0.0,91,Mist,mist,5258
2023-08-10 19:00:00,19,No Holiday,26.6,0.0,0.0,4,Clear,sky is clear,2832
2023-08-10 20:00:00,20,No Holiday,19.8,0.0,0.0,59,Clouds,broken clouds,2730
2023-08-10 21:00:00,21,No Holiday,18.3,0.0,0.0,12,Clear,sky is clear,2815
2023-08-10 22:00:00,22,No Holiday,22.6,0.0,0.0,17,Clear,sky is clear,767
2023-08-10 23:00:00,23,No Holiday,22.8,0.0,0.0,13,Clear,sky is clear,516
2023-08-11 00:00:00,0,No Holiday,24.0,0.0,0.0,8,Clear,sky is clear,804
2023-08-11 01:00:00,1,No Holiday,19.2,0.0,0.0,79,Mist,mist,707
2023-08-11 02:00:00,2,No Holiday,21.0,0.0,0.0,10,Clear,sky is clear,897
2023-08-11 03:00:00,3,No Holiday,21.4,0.12,0.0,93,Drizzle,light intensity drizzle,630
2023-08-11 04:00:00,4,No Holiday,19.2,0.0,0.0,75,Clouds,scattered clouds,619
2023-08-11 05:00:00,5,No Holiday,17.3,0.0,0.0,96,Clouds,scattered clouds,800
2023-08-11 06:00:00,6,No Holiday,24.0,0.0,0.0,8,Clear,sky is clear,619
2023-08-11 07:00:00,7,No Holiday,19.1,0.0,0.0,57,Clouds,scattered clouds,4729
2023-08-11 08:00:00,8,No Holiday,21.2,0.0,0.0,4,Clear,sky is clear,4691
2023-08-11 09:00:00,9,No Holiday,26.4,0.0,0.0,96,Mist,mist,4053
2023-08-11 10:00:00,10,No Holiday,23.2,0.0,0.0,3,Clear,sky is clear,3309
2023-08-11 11:00:00,11,No Holiday,24.7,1.22,0.0,81,Rain,heavy intensity rain,3346
2023-08-11 12:00:00,12,No Holiday,25.7,0.0,0.0,8,Clear,sky is clear,3549
2023-08-11 13:00:00,13,No Holiday,28.1,0.3,0.0,75,Drizzle,light intensity drizzle,3112
2023-08-11 14:00:00,14,No Holiday,26.7,0.0,0.0,81,Thunderstorm,proximity thunderstorm,2122
2023-08-11 15:00:00,15,No Holiday,27.4,1.6,0.0,74,Rain,light rain,2764
2023-08-11 16:00:00,16,No Holiday,26.0,0.93,0.0,88,Drizzle,light intensity drizzle,4444
2023-08-11 17:00:00,17,No Holiday,23.8,0.0,0.0,15,Clear,sky is clear,5932
2023-08-11 18:00:00,18,No Holiday,25.3,0.0,0.0,38,Clouds,scattered clouds,4590
2023-08-11 19:00:00,19,No Holiday,24.8,0.0,0.0,96,Fog,fog,2203
2023-08-11 20:00:00,20,No Holiday,26.7,0.0,0.0,9,Clear,sky is clear,2953
2023-08-11 21:00:00,21,No Holiday,22.9,1.72,0.0,92,Rain,light rain,2542
2023-08-11 22:00:00,22,No Holiday,21.3,7.19,0.0,88,Rain,heavy intensity rain,392
2023-08-11 23:00:00,23,No Holiday,18.1,0.0,0.0,42,Clouds,overcast clouds,820
2023-08-12 00:00:00,0,No Holiday,21.4,0.0,0.0,67,Clouds,few clouds,519
2023-08-12 01:00:00,1,No Holiday,19.2,0.0,0.0,3,Clear,sky is clear,464
2023-08-12 02:00:00,2,No Holiday,21.1,0.0,0.0,98,Mist,mist,246
2023-08-12 03:00:00,3,No Holiday,16.8,0.0,0.0,89,Fog,fog,496
2023-08-12 04:00:00,4,No Holiday,15.9,0.0,0.0,4,Clear,sky is clear,484
2023-08-12 05:00:00,5,No Holiday,20.6,0.0,0.0,62,Clouds,few clouds,301
2023-08-12 06:00:00,6,No Holiday,17.7,0.0,0.0,0,Clear,sky is clear,480
2023-08-12 07:00:00,7,No Holiday,19.6,0.0,0.0,85,Mist,mist,2705
2023-08-12 08:00:00,8,No Holiday,21.8,4.78,0.0,91,Rain,heavy intensity rain,2800
2023-08-12 09:00:00,9,No Holiday,19.1,0.0,0.0,51,Clouds,few clouds,3236
2023-08-12 10:00:00,10,No Holiday,26.0,0.0,0.0,3,Clear,sky is clear,2396
2023-08-12 11:00:00,11,No Holiday,26.1,0.0,0.0,81,Clouds,overcast clouds,2253
2023-08-12 12:00:00,12,No Holiday,28.1,0.0,0.0,12,Clear,sky is clear,2770
2023-08-12 13:00:00,13,No Holiday,25.1,0.0,0.0,96,Clouds,few clouds,2826
2023-08-12 14:00:00,14,No Holiday,30.3,3.06,0.0,87,Rain,moderate rain,2346
2023-08-12 15:00:00,15,No Holiday,29.6,0.75,0.0,91,Rain,heavy intensity rain,2271
2023-08-12 16:00:00,16,No Holiday,25.3,0.0,0.0,8,Clear,sky is clear,4219
2023-08-12 17:00:00,17,No Holiday,25.7,0.0,0.0,3,Clear,sky is clear,4164
2023-08-12 18:00:00,18,No Holiday,25.6,0.0,0.0,18,Clear,sky is clear,3358
2023-08-12 19:00:00,19,No Holiday,29.3,0.91,0.0,96,Drizzle,light intensity drizzle,1666
2023-08-12 20:00:00,20,No Holiday,25.5,0.0,0.0,92,Clouds,broken clouds,1942
2023-08-12 21:00:00,21,No Holiday,25.6,0.0,0.0,18,Clear,sky is clear,1777
2023-08-12 22:00:00,22,No Holiday,20.1,0.0,0.0,5,Clear,sky is clear,506
2023-08-12 23:00:00,23,No Holiday,20.1,0.0,0.0,75,Clouds,broken clouds,358
2023-08-13 00:00:00,0,No Holiday,20.2,0.0,0.0,12,Clear,sky is clear,376
2023-08-13 01:00:00,1,No Holiday,19.8,0.0,0.0,15,Clear,sky is clear,365
2023-08-13 02:00:00,2,No Holiday,15.6,0.0,0.0,45,Clouds,few clouds,413
2023-08-13 03:00:00,3,No Holiday,20.5,2.59,0.0,75,Rain,moderate rain,333
2023-08-13 04:00:00,4,No Holiday,19.8,0.0,0.0,19,Clear,sky is clear,424
2023-08-13 05:00:00,5,No Holiday,18.3,0.0,0.0,72,Thunderstorm,proximity thunderstorm,280
2023-08-13 06:00:00,6,No Holiday,21.0,0.0,0.0,13,Clear,sky is clear,529
2023-08-13 07:00:00,7,No Holiday,20.4,0.0,0.0,3,Clear,sky is clear,3317
2023-08-13 08:00:00,8,No Holiday,18.5,0.0,0.0,2,Clear,sky is clear,2815
2023-08-13 09:00:00,9,No Holiday,24.6,0.0,0.0,17,Clear,sky is clear,3207
2023-08-13 10:00:00,10,No Holiday,25.0,0.0,0.0,6,Clear,sky is clear,2516
2023-08-13 11:00:00,11,No Holiday,24.7,0.0,0.0,39,Clouds,scattered clouds,2337
2023-08-13 12:00:00,12,No Holiday,27.1,0.25,0.0,87,Drizzle,light intensity drizzle,2574
2023-08-13 13:00:00,13,No Holiday,24.6,0.0,0.0,14,Clear,sky is clear,2998
2023-08-13 14:00:00,14,No Holiday,25.1,0.0,0.0,1,Clear,sky is clear,2631
2023-08-13 15:00:00,15,No Holiday,26.1,0.0,0.0,62,Clouds,overcast clouds,2961
2023-08-13 16:00:00,16,No Holiday,28.3,0.0,0.0,33,Clouds,few clouds,4173
2023-08-13 17:00:00,17,No Holiday,28.9,0.0,0.0,9,Clear,sky is clear,3796
2023-08-13 18:00:00,18,No Holiday,26.0,0.0,0.0,98,Clouds,scattered clouds,3425
2023-08-13 19:00:00,19,No Holiday,23.3,0.0,0.0,61,Clouds,scattered clouds,1681
2023-08-13 20:00:00,20,No Holiday,21.7,0.0,0.0,13,Clear,sky is clear,1626
2023-08-13 21:00:00,21,No Holiday,21.5,0.0,0.0,77,Thunderstorm,thunderstorm with light rain,987
2023-08-13 22:00:00,22,No Holiday,23.3,0.0,0.0,73,Clouds,scattered clouds,100
2023-08-13 23:00:00,23,No Holiday,18.8,0.0,0.0,10,Clear,sky is clear,412
2023-08-14 00:00:00,0,No Holiday,21.1,1.69,0.0,87,Rain,moderate rain,546
2023-08-14 01:00:00,1,No Holiday,22.5,1.56,0.0,86,Rain,moderate rain,557
2023-08-14 02:00:00,2,No Holiday,20.6,0.0,0.0,1,Clear,sky is clear,802
2023-08-14 03:00:00,3,No Holiday,16.7,0.0,0.0,81,Clouds,scattered clouds,623
2023-08-14 04:00:00,4,No Holiday,18.3,0.0,0.0,12,Clear,sky is clear,821
2023-08-14 05:00:00,5,No Holiday,17.5,0.0,0.0,93,Fog,fog,738
2023-08-14 06:00:00,6,No Holiday,22.0,0.0,0.0,10,Clear,sky is clear,772
2023-08-14 07:00:00,7,No Holiday,18.9,0.0,0.0,99,Mist,mist,4378
2023-08-14 08:00:00,8,No Holiday,21.5,0.0,0.0,16,Clear,sky is clear,4790
2023-08-14 09:00:00,9,No Holiday,24.7,0.0,0.0,89,Clouds,few clouds,4607
2023-08-14 10:00:00,10,No Holiday,25.0,0.0,0.0,16,Clear,sky is clear,3479
2023-08-14 11:00:00,11,No Holiday,23.7,0.0,0.0,75,Clouds,broken clouds,3851
2023-08-14 12:00:00,12,No Holiday,25.9,0.0,0.0,5,Clear,sky is clear,3523
2023-08-14 13:00:00,13,No Holiday,25.4,0.63,0.0,76,Drizzle,light intensity drizzle,2966
2023-08-14 14:00:00,14,No Holiday,25.6,0.0,0.0,5,Clear,sky is clear,3160
2023-08-14 15:00:00,15,No Holiday,26.1,2.86,0.0,78,Rain,heavy intensity rain,2794
2023-08-14 16:00:00,16,No Holiday,24.4,0.0,0.0,34,Clouds,broken clouds,5597
2023-08-14 17:00:00,17,No Holiday,26.8,0.0,0.0,42,Clouds,broken clouds,5089
2023-08-14 18:00:00,18,No Holiday,25.8,0.0,0.0,33,Clouds,few clouds,6196
2023-08-14 19:00:00,19,No Holiday,27.1,0.0,0.0,60,Clouds,few clouds,3062
2023-08-14 20:00:00,20,No Holiday,22.7,0.0,0.0,84,Fog,fog,2425
2023-08-14 21:00:00,21,No Holiday,22.5,0.0,0.0,1,Clear,sky is clear,2996
2023-08-14 22:00:00,22,No Holiday,22.3,0.0,0.0,51,Clouds,broken clouds,666
2023-08-14 23:00:00,23,No Holiday,22.4,0.96,0.0,91,Rain,light rain,806
2023-08-15 00:00:00,0,No Holiday,20.8,0.0,0.0,97,Mist,mist,602
2023-08-15 01:00:00,1,No Holiday,15.4,0.0,0.0,78,Clouds,broken clouds,570
2023-08-15 02:00:00,2,No Holiday,21.3,0.0,0.0,1,Clear,sky is clear,627
2023-08-15 03:00:00,3,No Holiday,19.3,0.0,0.0,6,Clear,sky is clear,796
2023-08-15 04:00:00,4,No Holiday,19.0,0.0,0.0,85,Clouds,scattered clouds,711
2023-08-15 05:00:00,5,No Holiday,18.3,0.0,0.0,13,Clear,sky is clear,660
2023-08-15 06:00:00,6,No Holiday,21.6,0.0,0.0,89,Clouds,broken clouds,835
2023-08-15 07:00:00,7,No Holiday,18.7,0.14,0.0,96,Rain,light rain,4180
2023-08-15 08:00:00,8,No Holiday,22.5,0.0,0.0,8,Clear,sky is clear,4763
2023-08-15 09:00:00,9,No Holiday,24.4,0.0,0.0,10,Clear,sky is clear,5036
2023-08-15 10:00:00,10,No Holiday,23.9,0.0,0.0,75,Clouds,scattered clouds,3620
2023-08-15 11:00:00,11,No Holiday,23.7,0.0,0.0,11,Clear,sky is clear,3678
2023-08-15 12:00:00,12,No Holiday,23.4,0.0,0.0,6,Clear,sky is clear,3386
2023-08-15 13:00:00,13,No Holiday,30.2,0.26,0.0,81,Rain,heavy intensity rain,3203
2023-08-15 14:00:00,14,No Holiday,22.7,0.0,0.0,36,Clouds,overcast clouds,3118
2023-08-15 15:00:00,15,No Holiday,26.2,0.0,0.0,65,Clouds,broken clouds,3088
2023-08-15 16:00:00,16,No Holiday,26.8,0.0,0.0,32,Clouds,overcast clouds,5248
2023-08-15 17:00:00,17,No Holiday,26.2,0.0,0.0,99,Mist,mist,4998
2023-08-15 18:00:00,18,No Holiday,24.6,0.0,0.0,7,Clear,sky is clear,4912
2023-08-15 19:00:00,19,No Holiday,23.6,1.64,0.0,82,Rain,heavy intensity rain,2410
2023-08-15 20:00:00,20,No Holiday,22.3,0.0,0.0,71,Clouds,broken clouds,2908
2023-08-15 21:00:00,21,No Holiday,29.3,0.0,0.0,17,Clear,sky is clear,2667
2023-08-15 22:00:00,22,No Holiday,21.1,0.12,0.0,98,Rain,heavy intensity rain,674
2023-08-15 23:00:00,23,No Holiday,21.3,0.0,0.0,13,Clear,sky is clear,696
2023-08-16 00:00:00,0,No Holiday,18.1,0.0,0.0,2,Clear,sky is clear,642
2023-08-16 01:00:00,1,No Holiday,19.5,0.0,0.0,10,Clear,sky is clear,781
2023-08-16 02:00:00,2,No Holiday,19.8,0.0,0.0,42,Clouds,broken clouds,984
2023-08-16 03:00:00,3,No Holiday,19.3,0.0,0.0,9,Clear,sky is clear,910
2023-08-16 04:00:00,4,No Holiday,17.0,0.0,0.0,9,Clear,sky is clear,751
2023-08-16 05:00:00,5,No Holiday,18.7,0.0,0.0,82,Mist,mist,497
2023-08-16 06:00:00,6,No Holiday,21.6,4.89,0.0,85,Rain,light rain,703
2023-08-16 07:00:00,7,No Holiday,18.8,0.0,0.0,2,Clear,sky is clear,4864
2023-08-16 08:00:00,8,No Holiday,20.9,0.0,0.0,62,Clouds,overcast clouds,4603
2023-08-16 09:00:00,9,No Holiday,22.5,0.0,0.0,19,Clear,sky is clear,5262
2023-08-16 10:00:00,10,No Holiday,26.7,0.21,0.0,87,Rain,heavy intensity rain,3192
2023-08-16 11:00:00,11,No Holiday,23.2,0.0,0.0,2,Clear,sky is clear,3674
2023-08-16 12:00:00,12,No Holiday,24.2,0.0,0.0,10,Clear,sky is clear,3202
2023-08-16 13:00:00,13,No Holiday,24.3,0.0,0.0,8,Clear,sky is clear,3866
2023-08-16 14:00:00,14,No Holiday,28.7,0.0,0.0,91,Fog,fog,2829
2023-08-16 15:00:00,15,No Holiday,26.0,0.0,0.0,15,Clear,sky is clear,3753
2023-08-16 16:00:00,16,No Holiday,28.8,0.0,0.0,15,Clear,sky is clear,5787
2023-08-16 17:00:00,17,No Holiday,26.1,0.0,0.0,68,Clouds,broken clouds,5490
2023-08-16 18:00:00,18,No Holiday,29.3,0.0,0.0,0,Clear,sky is clear,5053
2023-08-16 19:00:00,19,No Holiday,24.2,5.02,0.0,92,Rain,heavy intensity rain,2262
2023-08-16 20:00:00,20,No Holiday,25.7,0.0,0.0,84,Clouds,scattered clouds,2707
2023-08-16 21:00:00,21,No Holiday,24.6,0.0,0.0,8,Clear,sky is clear,2600
2023-08-16 22:00:00,22,No Holiday,25.8,0.0,0.0,90,Clouds,few clouds,739
2023-08-16 23:00:00,23,No Holiday,22.9,0.0,0.0,71,Clouds,few clouds,734
2023-08-17 00:00:00,0,No Holiday,20.2,0.0,0.0,97,Fog,fog,625
2023-08-17 01:00:00,1,No Holiday,19.4,0.0,0.0,51,Clouds,scattered clouds,437
2023-08-17 02:00:00,2,No Holiday,21.2,0.0,0.0,79,Fog,fog,539
2023-08-17 03:00:00,3,No Holiday,16.8,0.0,0.0,46,Clouds,overcast clouds,557
2023-08-17 04:00:00,4,No Holiday,18.6,0.0,0.0,9,Clear,sky is clear,703
2023-08-17 05:00:00,5,No Holiday,18.9,0.0,0.0,33,Clouds,scattered clouds,935
2023-08-17 06:00:00,6,No Holiday,20.4,0.0,0.0,83,Fog,fog,811
2023-08-17 07:00:00,7,No Holiday,22.2,0.89,0.0,98,Rain,light rain,4320
2023-08-17 08:00:00,8,No Holiday,24.4,1.91,0.0,97,Rain,heavy intensity rain,4132
2023-08-17 09:00:00,9,No Holiday,18.9,0.0,0.0,98,Fog,fog,4352
2023-08-17 10:00:00,10,No Holiday,23.3,0.0,0.0,2,Clear,sky is clear,3372
2023-08-17 11:00:00,11,No Holiday,25.3,0.0,0.0,58,Clouds,broken clouds,3765
2023-08-17 12:00:00,12,No Holiday,24.2,0.23,0.0,74,Rain,moderate rain,3213
2023-08-17 13:00:00,13,No Holiday,29.5,0.0,0.0,49,Clouds,scattered clouds,3883
2023-08-17 14:00:00,14,No Holiday,27.3,0.0,0.0,6,Clear,sky is clear,3405
2023-08-17 15:00:00,15,No Holiday,25.0,0.0,0.0,8,Clear,sky is clear,3299
2023-08-17 16:00:00,16,No Holiday,27.4,5.77,0.0,76,Rain,moderate rain,4195
2023-08-17 17:00:00,17,No Holiday,24.6,0.0,0.0,4,Clear,sky is clear,5443
2023-08-17 18:00:00,18,No Holiday,23.5,2.56,0.0,84,Rain,heavy intensity rain,4349
2023-08-17 19:00:00,19,No Holiday,24.0,0.6,0.0,72,Rain,moderate rain,2606
2023-08-17 20:00:00,20,No Holiday,23.0,0.0,0.0,65,Clouds,overcast clouds,3042
2023-08-17 21:00:00,21,No Holiday,23.0,0.0,0.0,5,Clear,sky is clear,2756
2023-08-17 22:00:00,22,No Holiday,22.0,0.0,0.0,15,Clear,sky is clear,581
2023-08-17 23:00:00,23,No Holiday,19.5,0.0,0.0,15,Clear,sky is clear,738
2023-08-18 00:00:00,0,No Holiday,17.9,0.0,0.0,19,Clear,sky is clear,497
2023-08-18 01:00:00,1,No Holiday,17.6,0.0,0.0,42,Clouds,few clouds,652
2023-08-18 02:00:00,2,No Holiday,15.9,0.0,0.0,99,Clouds,broken clouds,683
2023-08-18 03:00:00,3,No Holiday,18.5,5.49,0.0,85,Rain,heavy intensity rain,747
2023-08-18 04:00:00,4,No Holiday,19.0,0.0,0.0,15,Clear,sky is clear,815
2023-08-18 05:00:00,5,No Holiday,22.2,0.0,0.0,78,Clouds,broken clouds,987
2023-08-18 06:00:00,6,No Holiday,18.5,0.0,0.0,84,Clouds,broken clouds,512
2023-08-18 07:00:00,7,No Holiday,22.4,0.0,0.0,76,Mist,mist,4557
2023-08-18 08:00:00,8,No Holiday,23.8,0.0,0.0,9,Clear,sky is clear,5162
2023-08-18 09:00:00,9,No Holiday,23.1,0.0,0.0,18,Clear,sky is clear,4757
2023-08-18 10:00:00,10,No Holiday,20.4,0.0,0.0,12,Clear,sky is clear,3822
2023-08-18 11:00:00,11,No Holiday,25.0,0.0,0.0,81,Fog,fog,3247
2023-08-18 12:00:00,12,No Holiday,24.7,0.0,0.0,15,Clear,sky is clear,3526
2023-08-18 13:00:00,13,No Holiday,24.4,0.0,0.0,91,Thunderstorm,thunderstorm with light rain,1978
2023-08-18 14:00:00,14,No Holiday,26.0,0.0,0.0,11,Clear,sky is clear,3750
2023-08-18 15:00:00,15,No Holiday,25.8,0.0,0.0,42,Clouds,overcast clouds,4162
2023-08-18 16:00:00,16,No Holiday,28.1,0.0,0.0,62,Clouds,overcast clouds,5371
2023-08-18 17:00:00,17,No Holiday,29.2,0.0,0.0,5,Clear,sky is clear,5247
2023-08-18 18:00:00,18,No Holiday,25.2,0.0,0.0,14,Clear,sky is clear,5449
2023-08-18 19:00:00,19,No Holiday,22.9,0.0,0.0,59,Clouds,few clouds,2944
2023-08-18 20:00:00,20,No Holiday,24.1,0.0,0.0,9,Clear,sky is clear,2976
2023-08-18 21:00:00,21,No Holiday,22.2,0.0,0.0,0,Clear,sky is clear,2815
2023-08-18 22:00:00,22,No Holiday,20.1,0.0,0.0,3,Clear,sky is clear,510
2023-08-18 23:00:00,23,No Holiday,22.7,0.0,0.0,32,Clouds,scattered clouds,659
2023-08-19 00:00:00,0,No Holiday,18.4,0.0,0.0,78,Clouds,scattered clouds,461
2023-08-19 01:00:00,1,No Holiday,18.6,0.0,0.0,11,Clear,sky is clear,428
2023-08-19 02:00:00,2,No Holiday,18.3,0.0,0.0,65,Clouds,scattered clouds,398
2023-08-19 03:00:00,3,No Holiday,20.6,0.0,0.0,7,Clear,sky is clear,413
2023-08-19 04:00:00,4,No Holiday,18.3,0.0,0.0,82,Clouds,overcast clouds,457
2023-08-19 05:00:00,5,No Holiday,18.4,0.0,0.0,7,Clear,sky is clear,382
2023-08-19 06:00:00,6,No Holiday,16.4,0.23,0.0,92,Drizzle,light intensity drizzle,356
2023-08-19 07:00:00,7,No Holiday,23.6,0.87,0.0,77,Drizzle,light intensity drizzle,2973
2023-08-19 08:00:00,8,No Holiday,23.7,0.0,0.0,38,Clouds,broken clouds,3172
2023-08-19 09:00:00,9,No Holiday,22.7,0.44,0.0,98,Drizzle,light intensity drizzle,2589
2023-08-19 10:00:00,10,No Holiday,20.9,1.21,0.0,78,Rain,moderate rain,1877
2023-08-19 11:00:00,11,No Holiday,25.2,0.0,0.0,15,Clear,sky is clear,2464
2023-08-19 12:00:00,12,No Holiday,26.9,0.0,0.0,17,Clear,sky is clear,2832
2023-08-19 13:00:00,13,No Holiday,27.6,0.0,0.0,45,Clouds,broken clouds,2736
2023-08-19 14:00:00,14,No Holiday,28.2,0.0,0.0,17,Clear,sky is clear,2733
2023-08-19 15:00:00,15,No Holiday,27.5,0.0,0.0,18,Clear,sky is clear,2554
2023-08-19 16:00:00,16,No Holiday,24.7,0.0,0.0,5,Clear,sky is clear,4248
2023-08-19 17:00:00,17,No Holiday,29.6,1.33,0.0,89,Rain,heavy intensity rain,3891
2023-08-19 18:00:00,18,No Holiday,25.0,0.0,0.0,89,Clouds,broken clouds,3488
2023-08-19 19:00:00,19,No Holiday,25.9,1.11,0.0,96,Rain,moderate rain,1485
2023-08-19 20:00:00,20,No Holiday,23.3,0.0,0.0,84,Clouds,overcast clouds,1749
2023-08-19 21:00:00,21,No Holiday,23.3,0.06,0.0,72,Rain,heavy intensity rain,1536
2023-08-19 22:00:00,22,No Holiday,20.9,0.0,0.0,10,Clear,sky is clear,516
2023-08-19 23:00:00,23,No Holiday,23.3,0.0,0.0,92,Clouds,few clouds,619
2023-08-20 00:00:00,0,No Holiday,22.4,0.0,0.0,91,Clouds,scattered clouds,543
2023-08-20 01:00:00,1,No Holiday,18.6,0.0,0.0,86,Clouds,overcast clouds,430
2023-08-20 02:00:00,2,No Holiday,16.6,0.0,0.0,44,Clouds,broken clouds,454
2023-08-20 03:00:00,3,No Holiday,18.5,0.0,0.0,92,Mist,mist,266
2023-08-20 04:00:00,4,No Holiday,19.1,0.0,0.0,92,Clouds,scattered clouds,468
2023-08-20 05:00:00,5,No Holiday,17.1,0.0,0.0,76,Fog,fog,341
2023-08-20 06:00:00,6,No Holiday,22.9,0.0,0.0,3,Clear,sky is clear,492
2023-08-20 07:00:00,7,No Holiday,20.0,0.0,0.0,83,Clouds,scattered clouds,3022
2023-08-20 08:00:00,8,No Holiday,19.7,0.0,0.0,6,Clear,sky is clear,3356
2023-08-20 09:00:00,9,No Holiday,25.5,4.25,0.0,96,Rain,heavy intensity rain,3033
2023-08-20 10:00:00,10,No Holiday,25.1,0.0,0.0,12,Clear,sky is clear,2008
2023-08-20 11:00:00,11,No Holiday,26.7,0.0,0.0,72,Clouds,scattered clouds,2442
2023-08-20 12:00:00,12,No Holiday,24.4,1.53,0.0,96,Rain,moderate rain,2481
2023-08-20 13:00:00,13,No Holiday,26.2,0.0,0.0,18,Clear,sky is clear,2776
2023-08-20 14:00:00,14,No Holiday,26.2,0.0,0.0,36,Clouds,scattered clouds,3042
2023-08-20 15:00:00,15,No Holiday,29.3,0.0,0.0,4,Clear,sky is clear,2808
2023-08-20 16:00:00,16,No Holiday,27.2,0.0,0.0,6,Clear,sky is clear,4314
2023-08-20 17:00:00,17,No Holiday,25.1,1.73,0.0,95,Rain,moderate rain,3662
2023-08-20 18:00:00,18,No Holiday,28.3,0.0,0.0,7,Clear,sky is clear,3657
2023-08-20 19:00:00,19,No Holiday,23.1,0.0,0.0,7,Clear,sky is clear,1957
2023-08-20 20:00:00,20,No Holiday,21.4,0.0,0.0,55,Clouds,broken clouds,1669
2023-08-20 21:00:00,21,No Holiday,21.9,0.0,0.0,79,Clouds,scattered clouds,1826
2023-08-20 22:00:00,22,No Holiday,23.4,0.0,0.0,96,Fog,fog,352
2023-08-20 23:00:00,23,No Holiday,18.8,0.0,0.0,85,Fog,fog,417
2023-08-21 00:00:00,0,No Holiday,21.3,0.0,0.0,7,Clear,sky is clear,838
2023-08-21 01:00:00,1,No Holiday,19.3,0.0,0.0,17,Clear,sky is clear,691
2023-08-21 02:00:00,2,No Holiday,23.6,0.0,0.0,52,Clouds,overcast clouds,634
2023-08-21 03:00:00,3,No Holiday,21.9,0.0,0.0,9,Clear,sky is clear,538
2023-08-21 04:00:00,4,No Holiday,24.9,1.93,0.0,91,Rain,heavy intensity rain,851
2023-08-21 05:00:00,5,No Holiday,18.6,0.31,0.0,98,Rain,light rain,665
2023-08-21 06:00:00,6,No Holiday,20.1,0.0,0.0,3,Clear,sky is clear,877
2023-08-21 07:00:00,7,No Holiday,17.1,0.0,0.0,58,Clouds,scattered clouds,4428
2023-08-21 08:00:00,8,No Holiday,23.1,0.0,0.0,19,Clear,sky is clear,5266
2023-08-21 09:00:00,9,No Holiday,21.5,0.0,0.0,66,Clouds,overcast clouds,5097
2023-08-21 10:00:00,10,No Holiday,28.1,0.0,0.0,93,Clouds,few clouds,3817
2023-08-21 11:00:00,11,No Holiday,19.9,3.09,0.0,94,Rain,light rain,2807
2023-08-21 12:00:00,12,No Holiday,27.6,0.0,0.0,18,Clear,sky is clear,3192
2023-08-21 13:00:00,13,No Holiday,28.1,0.0,0.0,12,Clear,sky is clear,3503
2023-08-21 14:00:00,14,No Holiday,29.0,0.9,0.0,79,Rain,heavy intensity rain,2815
2023-08-21 15:00:00,15,No Holiday,24.7,4.0,0.0,82,Rain,light rain,2867
2023-08-21 16:00:00,16,No Holiday,24.2,0.0,0.0,8,Clear,sky is clear,5574
2023-08-21 17:00:00,17,No Holiday,23.2,0.0,0.0,0,Clear,sky is clear,5146
2023-08-21 18:00:00,18,No Holiday,26.5,0.0,0.0,16,Clear,sky is clear,5510
2023-08-21 19:00:00,19,No Holiday,24.7,0.58,0.0,90,Rain,heavy intensity rain,2718
2023-08-21 20:00:00,20,No Holiday,22.2,0.0,0.0,65,Clouds,broken clouds,2802
2023-08-21 21:00:00,21,No Holiday,24.3,0.0,0.0,89,Clouds,scattered clouds,2966
2023-08-21 22:00:00,22,No Holiday,19.1,0.0,0.0,98,Clouds,overcast clouds,521
2023-08-21 23:00:00,23,No Holiday,19.3,0.0,0.0,5,Clear,sky is clear,928
2023-08-22 00:00:00,0,No Holiday,19.3,0.0,0.0,10,Clear,sky is clear,785
2023-08-22 01:00:00,1,No Holiday,19.1,0.0,0.0,31,Clouds,scattered clouds,615
2023-08-22 02:00:00,2,No Holiday,19.8,0.0,0.0,77,Clouds,broken clouds,551
2023-08-22 03:00:00,3,No Holiday,20.4,0.0,0.0,78,Clouds,broken clouds,585
2023-08-22 04:00:00,4,No Holiday,17.8,0.0,0.0,88,Clouds,scattered clouds,566
2023-08-22 05:00:00,5,No Holiday,22.7,0.0,0.0,76,Clouds,scattered clouds,624
2023-08-22 06:00:00,6,No Holiday,20.5,0.0,0.0,56,Clouds,broken clouds,382
2023-08-22 07:00:00,7,No Holiday,15.8,0.0,0.0,76,Clouds,scattered clouds,4429
2023-08-22 08:00:00,8,No Holiday,21.3,0.0,0.0,55,Clouds,few clouds,4580
2023-08-22 09:00:00,9,No Holiday,21.6,0.61,0.0,81,Drizzle,light intensity drizzle,4625
2023-08-22 10:00:00,10,No Holiday,23.8,0.0,0.0,1,Clear,sky is clear,3397
2023-08-22 11:00:00,11,No Holiday,27.4,0.0,0.0,1,Clear,sky is clear,2984
2023-08-22 12:00:00,12,No Holiday,24.0,0.0,0.0,7,Clear,sky is clear,3283
2023-08-22 13:00:00,13,No Holiday,26.1,0.0,0.0,7,Clear,sky is clear,3285
2023-08-22 14:00:00,14,No Holiday,21.7,0.0,0.0,16,Clear,sky is clear,3406
2023-08-22 15:00:00,15,No Holiday,28.5,0.0,0.0,7,Clear,sky is clear,3295
2023-08-22 16:00:00,16,No Holiday,29.1,0.0,0.0,93,Fog,fog,5427
2023-08-22 17:00:00,17,No Holiday,26.0,0.0,0.0,78,Fog,fog,4907
2023-08-22 18:00:00,18,No Holiday,22.4,0.0,0.0,34,Clouds,overcast clouds,5819
2023-08-22 19:00:00,19,No Holiday,24.5,0.0,0.0,4,Clear,sky is clear,2670
2023-08-22 20:00:00,20,No Holiday,22.5,0.0,0.0,69,Clouds,scattered clouds,2865
2023-08-22 21:00:00,21,No Holiday,24.0,0.0,0.0,3,Clear,sky is clear,2790
2023-08-22 22:00:00,22,No Holiday,24.0,0.0,0.0,81,Clouds,broken clouds,662
2023-08-22 23:00:00,23,No Holiday,20.3,0.0,0.0,14,Clear,sky is clear,720
2023-08-23 00:00:00,0,No Holiday,20.1,0.0,0.0,41,Clouds,scattered clouds,823
2023-08-23 01:00:00,1,No Holiday,18.2,0.0,0.0,17,Clear,sky is clear,746
2023-08-23 02:00:00,2,No Holiday,18.8,0.0,0.0,7,Clear,sky is clear,940
2023-08-23 03:00:00,3,No Holiday,22.7,0.0,0.0,46,Clouds,scattered clouds,641
2023-08-23 04:00:00,4,No Holiday,19.5,0.0,0.0,81,Mist,mist,543
2023-08-23 05:00:00,5,No Holiday,17.6,1.87,0.0,82,Rain,moderate rain,576
2023-08-23 06:00:00,6,No Holiday,18.9,0.0,0.0,34,Clouds,few clouds,936
2023-08-23 07:00:00,7,No Holiday,21.1,0.0,0.0,19,Clear,sky is clear,4546
2023-08-23 08:00:00,8,No Holiday,24.5,0.0,0.0,15,Clear,sky is clear,5271
2023-08-23 09:00:00,9,No Holiday,26.0,0.0,0.0,17,Clear,sky is clear,4532
2023-08-23 10:00:00,10,No Holiday,23.5,0.0,0.0,16,Clear,sky is clear,3619
2023-08-23 11:00:00,11,No Holiday,26.3,0.0,0.0,5,Clear,sky is clear,3107
2023-08-23 12:00:00,12,No Holiday,28.4,0.0,0.0,64,Clouds,broken clouds,3256
2023-08-23 13:00:00,13,No Holiday,24.0,0.0,0.0,9,Clear,sky is clear,3247
2023-08-23 14:00:00,14,No Holiday,34.7,0.0,0.0,97,Fog,fog,3751
2023-08-23 15:00:00,15,No Holiday,29.3,0.0,0.0,58,Clouds,broken clouds,3293
2023-08-23 16:00:00,16,No Holiday,27.2,0.0,0.0,8,Clear,sky is clear,5787
2023-08-23 17:00:00,17,No Holiday,27.7,0.0,0.0,14,Clear,sky is clear,5575
2023-08-23 18:00:00,18,No Holiday,30.2,0.0,0.0,92,Mist,mist,4788
2023-08-23 19:00:00,19,No Holiday,24.3,0.0,0.0,55,Clouds,broken clouds,2538
2023-08-23 20:00:00,20,No Holiday,26.7,1.74,0.0,73,Rain,light rain,2430
2023-08-23 21:00:00,21,No Holiday,20.9,0.0,0.0,10,Clear,sky is clear,2827
2023-08-23 22:00:00,22,No Holiday,24.2,0.0,0.0,98,Clouds,scattered clouds,587
2023-08-23 23:00:00,23,No Holiday,21.3,0.0,0.0,1,Clear,sky is clear,944
2023-08-24 00:00:00,0,No Holiday,22.3,0.28,0.0,74,Rain,heavy intensity rain,471
2023-08-24 01:00:00,1,No Holiday,23.4,0.02,0.0,84,Rain,heavy intensity rain,534
2023-08-24 02:00:00,2,No Holiday,17.3,0.0,0.0,2,Clear,sky is clear,809
2023-08-24 03:00:00,3,No Holiday,20.1,0.0,0.0,37,Clouds,scattered clouds,673
2023-08-24 04:00:00,4,No Holiday,20.6,0.0,0.0,4,Clear,sky is clear,780
2023-08-24 05:00:00,5,No Holiday,18.7,0.0,0.0,67,Clouds,broken clouds,584
2023-08-24 06:00:00,6,No Holiday,25.2,0.0,0.0,8,Clear,sky is clear,879
2023-08-24 07:00:00,7,No Holiday,21.5,0.0,0.0,9,Clear,sky is clear,4782
2023-08-24 08:00:00,8,No Holiday,24.4,0.0,0.0,9,Clear,sky is clear,4883
2023-08-24 09:00:00,9,No Holiday,22.7,0.06,0.0,99,Rain,light rain,3638
2023-08-24 10:00:00,10,No Holiday,23.2,0.0,0.0,2,Clear,sky is clear,3370
2023-08-24 11:00:00,11,No Holiday,25.9,0.69,0.0,92,Drizzle,light intensity drizzle,3117
2023-08-24 12:00:00,12,No Holiday,26.2,0.0,0.0,78,Clouds,scattered clouds,2941
2023-08-24 13:00:00,13,No Holiday,27.2,4.35,0.0,87,Rain,heavy intensity rain,3107
2023-08-24 14:00:00,14,No Holiday,27.1,0.0,0.0,14,Clear,sky is clear,3648
2023-08-24 15:00:00,15,No Holiday,27.4,0.0,0.0,69,Clouds,few clouds,3457
2023-08-24 16:00:00,16,No Holiday,23.5,0.0,0.0,74,Mist,mist,4729
2023-08-24 17:00:00,17,No Holiday,29.8,0.0,0.0,10,Clear,sky is clear,5775
2023-08-24 18:00:00,18,No Holiday,25.6,0.0,0.0,47,Clouds,few clouds,5208
2023-08-24 19:00:00,19,No Holiday,24.5,2.74,0.0,84,Rain,light rain,2482
2023-08-24 20:00:00,20,No Holiday,20.7,0.0,0.0,52,Clouds,scattered clouds,2904
2023-08-24 21:00:00,21,No Holiday,21.6,0.09,0.0,94,Rain,heavy intensity rain,2060
2023-08-24 22:00:00,22,No Holiday,20.2,0.0,0.0,36,Clouds,overcast clouds,705
2023-08-24 23:00:00,23,No Holiday,17.8,0.0,0.0,11,Clear,sky is clear,644
2023-08-25 00:00:00,0,No Holiday,21.5,0.0,0.0,41,Clouds,scattered clouds,667
2023-08-25 01:00:00,1,No Holiday,18.4,0.0,0.0,64,Clouds,broken clouds,417
2023-08-25 02:00:00,2,No Holiday,19.2,0.0,0.0,42,Clouds,broken clouds,809
2023-08-25 03:00:00,3,No Holiday,17.8,0.0,0.0,58,Clouds,few clouds,762
2023-08-25 04:00:00,4,No Holiday,20.4,0.0,0.0,98,Fog,fog,677
2023-08-25 05:00:00,5,No Holiday,17.1,0.0,0.0,65,Clouds,broken clouds,640
2023-08-25 06:00:00,6,No Holiday,21.5,0.0,0.0,92,Fog,fog,899
2023-08-25 07:00:00,7,No Holiday,23.7,0.0,0.0,49,Clouds,scattered clouds,4857
2023-08-25 08:00:00,8,No Holiday,22.3,0.0,0.0,2,Clear,sky is clear,4819
2023-08-25 09:00:00,9,No Holiday,24.9,0.0,0.0,58,Clouds,scattered clouds,5227
2023-08-25 10:00:00,10,No Holiday,26.8,0.0,0.0,3,Clear,sky is clear,2921
2023-08-25 11:00:00,11,No Holiday,25.8,0.0,0.0,6,Clear,sky is clear,3748
2023-08-25 12:00:00,12,No Holiday,28.0,0.0,0.0,82,Clouds,few clouds,3007
2023-08-25 13:00:00,13,No Holiday,25.1,0.0,0.0,6,Clear,sky is clear,3434
2023-08-25 14:00:00,14,No Holiday,27.8,0.0,0.0,0,Clear,sky is clear,3471
2023-08-25 15:00:00,15,No Holiday,25.0,0.0,0.0,32,Clouds,scattered clouds,3610
2023-08-25 16:00:00,16,No Holiday,26.1,0.0,0.0,32,Clouds,broken clouds,5707
2023-08-25 17:00:00,17,No Holiday,30.1,0.0,0.0,15,Clear,sky is clear,5470
2023-08-25 18:00:00,18,No Holiday,25.3,0.0,0.0,0,Clear,sky is clear,5485
2023-08-25 19:00:00,19,No Holiday,29.0,0.0,0.0,19,Clear,sky is clear,2966
2023-08-25 20:00:00,20,No Holiday,22.1,0.0,0.0,78,Thunderstorm,proximity thunderstorm,1668
2023-08-25 21:00:00,21,No Holiday,24.1,0.0,0.0,80,Thunderstorm,proximity thunderstorm,1739
2023-08-25 22:00:00,22,No Holiday,21.8,0.0,0.0,5,Clear,sky is clear,505
2023-08-25 23:00:00,23,No Holiday,18.3,0.0,0.0,3,Clear,sky is clear,974
2023-08-26 00:00:00,0,No Holiday,20.2,0.0,0.0,2,Clear,sky is clear,445
2023-08-26 01:00:00,1,No Holiday,22.4,0.0,0.0,1,Clear,sky is clear,252
2023-08-26 02:00:00,2,No Holiday,22.2,3.95,0.0,75,Rain,light rain,284
2023-08-26 03:00:00,3,No Holiday,22.0,5.78,0.0,92,Rain,moderate rain,369
2023-08-26 04:00:00,4,No Holiday,21.8,0.0,0.0,13,Clear,sky is clear,349
2023-08-26 05:00:00,5,No Holiday,18.4,0.88,0.0,74,Rain,heavy intensity rain,299
2023-08-26 06:00:00,6,No Holiday,22.5,0.0,0.0,54,Clouds,scattered clouds,525
2023-08-26 07:00:00,7,No Holiday,22.1,0.0,0.0,17,Clear,sky is clear,3296
2023-08-26 08:00:00,8,No Holiday,21.2,0.0,0.0,42,Clouds,few clouds,3180
2023-08-26 09:00:00,9,No Holiday,21.7,2.58,0.0,90,Rain,moderate rain,2822
2023-08-26 10:00:00,10,No Holiday,21.1,0.0,0.0,12,Clear,sky is clear,2226
2023-08-26 11:00:00,11,No Holiday,24.7,0.0,0.0,63,Clouds,broken clouds,2454
2023-08-26 12:00:00,12,No Holiday,26.5,0.0,0.0,0,Clear,sky is clear,2756
2023-08-26 13:00:00,13,No Holiday,28.6,0.0,0.0,1,Clear,sky is clear,2700
2023-08-26 14:00:00,14,No Holiday,28.3,0.0,0.0,1,Clear,sky is clear,2570
2023-08-26 15:00:00,15,No Holiday,24.8,0.0,0.0,31,Clouds,overcast clouds,2881
2023-08-26 16:00:00,16,No Holiday,29.0,0.0,0.0,2,Clear,sky is clear,4022
2023-08-26 17:00:00,17,No Holiday,26.9,0.0,0.0,54,Clouds,few clouds,4263
2023-08-26 18:00:00,18,No Holiday,28.8,0.0,0.0,8,Clear,sky is clear,3531
2023-08-26 19:00:00,19,No Holiday,26.2,0.79,0.0,81,Rain,heavy intensity rain,1682
2023-08-26 20:00:00,20,No Holiday,23.3,0.0,0.0,8,Clear,sky is clear,1876
2023-08-26 21:00:00,21,No Holiday,25.8,0.0,0.0,13,Clear,sky is clear,1830
2023-08-26 22:00:00,22,No Holiday,22.1,0.0,0.0,18,Clear,sky is clear,418
2023-08-26 23:00:00,23,No Holiday,22.1,0.0,0.0,58,Clouds,overcast clouds,387
2023-08-27 00:00:00,0,No Holiday,23.9,0.0,0.0,79,Clouds,overcast clouds,402
2023-08-27 01:00:00,1,No Holiday,20.3,0.0,0.0,14,Clear,sky is clear,352
2023-08-27 02:00:00,2,No Holiday,17.9,0.0,0.0,80,Mist,mist,326
2023-08-27 03:00:00,3,No Holiday,16.2,0.0,0.0,4,Clear,sky is clear,485
2023-08-27 04:00:00,4,No Holiday,20.5,0.0,0.0,10,Clear,sky is clear,510
2023-08-27 05:00:00,5,No Holiday,17.4,0.0,0.0,14,Clear,sky is clear,473
2023-08-27 06:00:00,6,No Holiday,19.7,0.0,0.0,3,Clear,sky is clear,481
2023-08-27 07:00:00,7,No Holiday,21.8,0.0,0.0,92,Clouds,overcast clouds,2859
2023-08-27 08:00:00,8,No Holiday,24.0,0.41,0.0,92,Drizzle,light intensity drizzle,2923
2023-08-27 09:00:00,9,No Holiday,19.7,0.0,0.0,90,Fog,fog,3129
2023-08-27 10:00:00,10,No Holiday,22.5,3.39,0.0,85,Rain,heavy intensity rain,2042
2023-08-27 11:00:00,11,No Holiday,26.4,0.0,0.0,58,Clouds,broken clouds,2344
2023-08-27 12:00:00,12,No Holiday,23.0,0.0,0.0,18,Clear,sky is clear,2835
2023-08-27 13:00:00,13,No Holiday,27.5,0.0,0.0,84,Clouds,scattered clouds,2752
2023-08-27 14:00:00,14,No Holiday,29.8,0.0,0.0,41,Clouds,few clouds,2755
2023-08-27 15:00:00,15,No Holiday,29.4,0.0,0.0,13,Clear,sky is clear,2583
2023-08-27 16:00:00,16,No Holiday,27.2,0.0,0.0,42,Clouds,overcast clouds,4130
2023-08-27 17:00:00,17,No Holiday,25.4,0.0,0.0,1,Clear,sky is clear,4599
2023-08-27 18:00:00,18,No Holiday,29.0,0.0,0.0,19,Clear,sky is clear,3386
2023-08-27 19:00:00,19,No Holiday,24.2,0.0,0.0,63,Clouds,overcast clouds,1992
2023-08-27 20:00:00,20,No Holiday,26.1,0.0,0.0,2,Clear,sky is clear,1861
2023-08-27 21:00:00,21,No Holiday,20.8,0.0,0.0,94,Mist,mist,1610
2023-08-27 22:00:00,22,No Holiday,19.1,0.0,0.0,10,Clear,sky is clear,426
2023-08-27 23:00:00,23,No Holiday,19.1,0.0,0.0,85,Clouds,scattered clouds,388
2023-08-28 00:00:00,0,No Holiday,22.0,0.0,0.0,7,Clear,sky is clear,824
2023-08-28 01:00:00,1,No Holiday,19.4,0.0,0.0,18,Clear,sky is clear,697
2023-08-28 02:00:00,2,No Holiday,18.2,1.35,0.0,99,Rain,light rain,701
2023-08-28 03:00:00,3,No Holiday,17.1,0.0,0.0,59,Clouds,scattered clouds,346
2023-08-28 04:00:00,4,No Holiday,20.4,0.0,0.0,60,Clouds,broken clouds,698
2023-08-28 05:00:00,5,No Holiday,21.1,0.0,0.0,16,Clear,sky is clear,827
2023-08-28 06:00:00,6,No Holiday,19.1,0.0,0.0,81,Clouds,broken clouds,502
2023-08-28 07:00:00,7,No Holiday,21.2,0.0,0.0,8,Clear,sky is clear,5031
2023-08-28 08:00:00,8,No Holiday,23.5,0.19,0.0,80,Rain,heavy intensity rain,4472
2023-08-28 09:00:00,9,No Holiday,23.1,0.0,0.0,61,Clouds,scattered clouds,4486
2023-08-28 10:00:00,10,No Holiday,23.2,0.0,0.0,17,Clear,sky is clear,3625
2023-08-28 11:00:00,11,No Holiday,25.6,0.0,0.0,63,Clouds,few clouds,3702
2023-08-28 12:00:00,12,No Holiday,28.6,0.0,0.0,48,Clouds,overcast clouds,3500
2023-08-28 13:00:00,13,No Holiday,27.3,0.0,0.0,15,Clear,sky is clear,3457
2023-08-28 14:00:00,14,No Holiday,28.5,0.0,0.0,78,Thunderstorm,proximity thunderstorm,2234
2023-08-28 15:00:00,15,No Holiday,25.0,0.0,0.0,5,Clear,sky is clear,3649
2023-08-28 16:00:00,16,No Holiday,32.2,0.0,0.0,42,Clouds,overcast clouds,5089
2023-08-28 17:00:00,17,No Holiday,28.7,0.0,0.0,42,Clouds,few clouds,5548
2023-08-28 18:00:00,18,No Holiday,24.3,0.0,0.0,82,Clouds,few clouds,4967
2023-08-28 19:00:00,19,No Holiday,23.4,0.0,0.0,71,Clouds,few clouds,2607
2023-08-28 20:00:00,20,No Holiday,27.8,0.0,0.0,72,Clouds,scattered clouds,2356
2023-08-28 21:00:00,21,No Holiday,24.6,0.0,0.0,49,Clouds,scattered clouds,2865
2023-08-28 22:00:00,22,No Holiday,18.3,0.77,0.0,82,Rain,heavy intensity rain,801
2023-08-28 23:00:00,23,No Holiday,24.3,0.0,0.0,18,Clear,sky is clear,544
2023-08-29 00:00:00,0,No Holiday,22.3,0.0,0.0,55,Clouds,few clouds,794
2023-08-29 01:00:00,1,No Holiday,18.5,0.0,0.0,11,Clear,sky is clear,467
2023-08-29 02:00:00,2,No Holiday,20.7,0.36,0.0,97,Drizzle,light intensity drizzle,764
2023-08-29 03:00:00,3,No Holiday,17.7,3.77,0.0,95,Rain,light rain,631
2023-08-29 04:00:00,4,No Holiday,20.0,0.0,0.0,55,Clouds,few clouds,665
2023-08-29 05:00:00,5,No Holiday,17.8,0.0,0.0,72,Fog,fog,432
2023-08-29 06:00:00,6,No Holiday,16.4,0.49,0.0,80,Rain,heavy intensity rain,789
2023-08-29 07:00:00,7,No Holiday,19.5,0.0,0.0,9,Clear,sky is clear,5293
2023-08-29 08:00:00,8,No Holiday,19.8,0.0,0.0,8,Clear,sky is clear,5085
2023-08-29 09:00:00,9,No Holiday,23.4,0.0,0.0,67,Clouds,few clouds,4523
2023-08-29 10:00:00,10,No Holiday,24.0,0.18,0.0,81,Rain,light rain,2989
2023-08-29 11:00:00,11,No Holiday,22.4,0.0,0.0,90,Clouds,overcast clouds,3801
2023-08-29 12:00:00,12,No Holiday,30.5,0.0,0.0,10,Clear,sky is clear,3498
2023-08-29 13:00:00,13,No Holiday,25.6,0.0,0.0,60,Clouds,broken clouds,3700
2023-08-29 14:00:00,14,No Holiday,28.8,0.0,0.0,2,Clear,sky is clear,3913
2023-08-29 15:00:00,15,No Holiday,25.1,0.0,0.0,74,Fog,fog,2849
2023-08-29 16:00:00,16,No Holiday,23.6,0.0,0.0,7,Clear,sky is clear,5392
2023-08-29 17:00:00,17,No Holiday,25.4,0.0,0.0,74,Clouds,broken clouds,5398
2023-08-29 18:00:00,18,No Holiday,28.3,0.67,0.0,75,Rain,light rain,5026
2023-08-29 19:00:00,19,No Holiday,24.2,0.0,0.0,84,Clouds,scattered clouds,3022
2023-08-29 20:00:00,20,No Holiday,22.4,0.0,0.0,15,Clear,sky is clear,2693
2023-08-29 21:00:00,21,No Holiday,19.7,0.0,0.0,2,Clear,sky is clear,3049
2023-08-29 22:00:00,22,No Holiday,20.5,0.0,0.0,13,Clear,sky is clear,857
2023-08-29 23:00:00,23,No Holiday,23.0,0.0,0.0,59,Clouds,scattered clouds,763
2023-08-30 00:00:00,0,No Holiday,19.8,0.0,0.0,7,Clear,sky is clear,637
2023-08-30 01:00:00,1,No Holiday,19.1,0.99,0.0,85,Drizzle,light intensity drizzle,812
2023-08-30 02:00:00,2,No Holiday,18.0,0.0,0.0,77,Fog,fog,646
2023-08-30 03:00:00,3,No Holiday,18.1,0.0,0.0,88,Clouds,scattered clouds,577
2023-08-30 04:00:00,4,No Holiday,21.3,0.0,0.0,40,Clouds,few clouds,856
2023-08-30 05:00:00,5,No Holiday,20.4,0.0,0.0,52,Clouds,overcast clouds,720
2023-08-30 06:00:00,6,No Holiday,21.3,0.0,0.0,43,Clouds,scattered clouds,532
2023-08-30 07:00:00,7,No Holiday,19.9,0.0,0.0,94,Clouds,few clouds,5034
2023-08-30 08:00:00,8,No Holiday,23.2,0.0,0.0,1,Clear,sky is clear,4450
2023-08-30 09:00:00,9,No Holiday,22.9,0.0,0.0,12,Clear,sky is clear,5237
2023-08-30 10:00:00,10,No Holiday,23.6,0.0,0.0,12,Clear,sky is clear,3276
2023-08-30 11:00:00,11,No Holiday,27.4,0.0,0.0,73,Thunderstorm,thunderstorm with light rain,2356
2023-08-30 12:00:00,12,No Holiday,25.0,1.66,0.0,91,Rain,light rain,3108
2023-08-30 13:00:00,13,No Holiday,25.1,0.0,0.0,11,Clear,sky is clear,3323
2023-08-30 14:00:00,14,No Holiday,29.4,0.0,0.0,80,Fog,fog,3319
2023-08-30 15:00:00,15,No Holiday,27.4,0.0,0.0,14,Clear,sky is clear,3083
2023-08-30 16:00:00,16,No Holiday,23.1,0.49,0.0,85,Drizzle,light intensity drizzle,4354
2023-08-30 17:00:00,17,No Holiday,26.8,0.0,0.0,16,Clear,sky is clear,5220
2023-08-30 18:00:00,18,No Holiday,25.1,0.0,0.0,5,Clear,sky is clear,5652
2023-08-30 19:00:00,19,No Holiday,27.9,0.0,0.0,11,Clear,sky is clear,2953
2023-08-30 20:00:00,20,No Holiday,24.7,0.61,0.0,94,Rain,heavy intensity rain,2555
2023-08-30 21:00:00,21,No Holiday,25.2,0.0,0.0,7,Clear,sky is clear,2729
2023-08-30 22:00:00,22,No Holiday,18.8,0.0,0.0,80,Fog,fog,652
2023-08-30 23:00:00,23,No Holiday,20.2,0.16,0.0,89,Drizzle,light intensity drizzle,607
2023-08-31 00:00:00,0,No Holiday,22.2,0.92,0.0,91,Rain,light rain,591
2023-08-31 01:00:00,1,No Holiday,22.4,0.0,0.0,77,Mist,mist,806
2023-08-31 02:00:00,2,No Holiday,20.8,0.0,0.0,57,Clouds,overcast clouds,671
2023-08-31 03:00:00,3,No Holiday,19.0,0.0,0.0,82,Fog,fog,462
2023-08-31 04:00:00,4,No Holiday,21.3,0.11,0.0,77,Rain,heavy intensity rain,564
2023-08-31 05:00:00,5,No Holiday,21.4,0.0,0.0,49,Clouds,scattered clouds,526
2023-08-31 06:00:00,6,No Holiday,24.4,0.0,0.0,4,Clear,sky is clear,777
2023-08-31 07:00:00,7,No Holiday,21.6,0.0,0.0,2,Clear,sky is clear,5144
2023-08-31 08:00:00,8,No Holiday,20.2,0.0,0.0,74,Clouds,scattered clouds,4833
2023-08-31 09:00:00,9,No Holiday,22.1,0.37,0.0,86,Rain,moderate rain,4192
2023-08-31 10:00:00,10,No Holiday,22.8,0.0,0.0,90,Thunderstorm,proximity thunderstorm,2242
2023-08-31 11:00:00,11,No Holiday,25.4,0.0,0.0,16,Clear,sky is clear,3511
2023-08-31 12:00:00,12,No Holiday,27.5,0.0,0.0,8,Clear,sky is clear,3452
2023-08-31 13:00:00,13,No Holiday,26.7,0.0,0.0,62,Clouds,overcast clouds,3641
2023-08-31 14:00:00,14,No Holiday,34.1,0.0,0.0,18,Clear,sky is clear,3800
2023-08-31 15:00:00,15,No Holiday,25.7,0.0,0.0,9,Clear,sky is clear,3430
2023-08-31 16:00:00,16,No Holiday,28.7,0.0,0.0,1,Clear,sky is clear,5595
2023-08-31 17:00:00,17,No Holiday,29.0,0.0,0.0,3,Clear,sky is clear,5806
2023-08-31 18:00:00,18,No Holiday,27.0,0.0,0.0,4,Clear,sky is clear,5480
2023-08-31 19:00:00,19,No Holiday,22.4,0.61,0.0,96,Rain,light rain,2400
2023-08-31 20:00:00,20,No Holiday,26.3,2.58,0.0,88,Rain,moderate rain,2202
2023-08-31 21:00:00,21,No Holiday,23.3,0.0,0.0,71,Clouds,overcast clouds,3083
2023-08-31 22:00:00,22,No Holiday,21.3,0.0,0.0,11,Clear,sky is clear,768
2023-08-31 23:00:00,23,No Holiday,20.3,0.0,0.0,17,Clear,sky is clear,885
2023-09-01 00:00:00,0,No Holiday,15.1,0.0,0.0,16,Clear,sky is clear,331
2023-09-01 01:00:00,1,No Holiday,13.7,0.0,0.0,52,Clouds,overcast clouds,537
2023-09-01 02:00:00,2,No Holiday,12.6,0.0,0.0,0,Clear,sky is clear,809
2023-09-01 03:00:00,3,No Holiday,14.5,0.0,0.0,17,Clear,sky is clear,655
2023-09-01 04:00:00,4,No Holiday,14.9,0.0,0.0,13,Clear,sky is clear,521
2023-09-01 05:00:00,5,No Holiday,14.1,0.0,0.0,36,Clouds,broken clouds,833
2023-09-01 06:00:00,6,No Holiday,15.0,0.0,0.0,19,Clear,sky is clear,648
2023-09-01 07:00:00,7,No Holiday,13.0,0.0,0.0,59,Clouds,broken clouds,4342
2023-09-01 08:00:00,8,No Holiday,15.4,0.0,0.0,66,Clouds,broken clouds,4979
2023-09-01 09:00:00,9,No Holiday,21.8,0.0,0.0,5,Clear,sky is clear,5223
2023-09-01 10:00:00,10,No Holiday,16.6,1.13,0.0,92,Rain,moderate rain,3252
2023-09-01 11:00:00,11,No Holiday,20.1,0.0,0.0,91,Clouds,scattered clouds,3374
2023-09-01 12:00:00,12,No Holiday,21.4,0.42,0.0,81,Rain,light rain,2790
2023-09-01 13:00:00,13,No Holiday,25.6,0.0,0.0,15,Clear,sky is clear,3589
2023-09-01 14:00:00,14,No Holiday,20.5,0.0,0.0,38,Clouds,broken clouds,3507
2023-09-01 15:00:00,15,No Holiday,22.2,0.0,0.0,8,Clear,sky is clear,3008
2023-09-01 16:00:00,16,No Holiday,20.0,0.0,0.0,40,Clouds,overcast clouds,4903
2023-09-01 17:00:00,17,No Holiday,23.0,0.0,0.0,70,Clouds,overcast clouds,5910
2023-09-01 18:00:00,18,No Holiday,21.7,0.0,0.0,89,Clouds,few clouds,5499
2023-09-01 19:00:00,19,No Holiday,17.9,7.96,0.0,80,Rain,moderate rain,2475
2023-09-01 20:00:00,20,No Holiday,20.1,0.0,0.0,75,Mist,mist,2387
2023-09-01 21:00:00,21,No Holiday,16.3,0.0,0.0,81,Fog,fog,2523
2023-09-01 22:00:00,22,No Holiday,19.9,5.69,0.0,82,Rain,moderate rain,689
2023-09-01 23:00:00,23,No Holiday,13.5,0.0,0.0,18,Clear,sky is clear,598
2023-09-02 00:00:00,0,No Holiday,12.9,0.0,0.0,46,Clouds,scattered clouds,595
2023-09-02 01:00:00,1,No Holiday,13.4,0.0,0.0,96,Clouds,few clouds,477
2023-09-02 02:00:00,2,No Holiday,13.3,0.38,0.0,84,Rain,light rain,436
2023-09-02 03:00:00,3,No Holiday,15.1,0.0,0.0,10,Clear,sky is clear,471
2023-09-02 04:00:00,4,No Holiday,14.9,0.63,0.0,73,Rain,moderate rain,357
2023-09-02 05:00:00,5,No Holiday,13.5,0.0,0.0,83,Clouds,broken clouds,332
2023-09-02 06:00:00,6,No Holiday,14.8,0.0,0.0,3,Clear,sky is clear,579
2023-09-02 07:00:00,7,No Holiday,13.9,0.0,0.0,47,Clouds,few clouds,3125
2023-09-02 08:00:00,8,No Holiday,14.1,0.0,0.0,80,Fog,fog,2781
2023-09-02 09:00:00,9,No Holiday,15.2,0.0,0.0,11,Clear,sky is clear,3331
2023-09-02 10:00:00,10,No Holiday,17.8,0.0,0.0,57,Clouds,few clouds,2191
2023-09-02 11:00:00,11,No Holiday,17.8,0.0,0.0,9,Clear,sky is clear,2165
2023-09-02 12:00:00,12,No Holiday,22.6,0.0,0.0,14,Clear,sky is clear,2508
2023-09-02 13:00:00,13,No Holiday,18.2,0.0,0.0,56,Clouds,broken clouds,2893
2023-09-02 14:00:00,14,No Holiday,18.9,0.0,0.0,17,Clear,sky is clear,2540
2023-09-02 15:00:00,15,No Holiday,23.1,0.0,0.0,73,Mist,mist,2312
2023-09-02 16:00:00,16,No Holiday,19.4,0.0,0.0,12,Clear,sky is clear,3989
2023-09-02 17:00:00,17,No Holiday,21.6,0.0,0.0,11,Clear,sky is clear,4083
2023-09-02 18:00:00,18,No Holiday,18.8,0.0,0.0,78,Fog,fog,3151
2023-09-02 19:00:00,19,No Holiday,20.4,0.72,0.0,98,Rain,light rain,1596
2023-09-02 20:00:00,20,No Holiday,15.8,0.0,0.0,39,Clouds,broken clouds,1812
2023-09-02 21:00:00,21,No Holiday,18.7,0.37,0.0,75,Rain,moderate rain,1603
2023-09-02 22:00:00,22,No Holiday,19.6,0.0,0.0,9,Clear,sky is clear,361
2023-09-02 23:00:00,23,No Holiday,18.0,0.0,0.0,1,Clear,sky is clear,490
2023-09-03 00:00:00,0,No Holiday,13.4,0.65,0.0,79,Rain,moderate rain,330
2023-09-03 01:00:00,1,No Holiday,11.7,0.0,0.0,86,Clouds,scattered clouds,571
2023-09-03 02:00:00,2,No Holiday,15.6,1.47,0.0,95,Rain,moderate rain,416
2023-09-03 03:00:00,3,No Holiday,14.0,1.71,0.0,99,Rain,heavy intensity rain,379
2023-09-03 04:00:00,4,No Holiday,14.2,0.0,0.0,73,Fog,fog,392
2023-09-03 05:00:00,5,No Holiday,12.5,0.0,0.0,0,Clear,sky is clear,390
2023-09-03 06:00:00,6,No Holiday,19.1,0.0,0.0,19,Clear,sky is clear,442
2023-09-03 07:00:00,7,No Holiday,15.7,8.75,0.0,91,Rain,moderate rain,2816
2023-09-03 08:00:00,8,No Holiday,16.8,0.0,0.0,82,Clouds,scattered clouds,3003
2023-09-03 09:00:00,9,No Holiday,17.5,0.0,0.0,17,Clear,sky is clear,3374
2023-09-03 10:00:00,10,No Holiday,18.8,0.0,0.0,64,Clouds,broken clouds,2428
2023-09-03 11:00:00,11,No Holiday,19.9,0.0,0.0,88,Clouds,few clouds,2397
2023-09-03 12:00:00,12,No Holiday,23.5,0.0,0.0,95,Clouds,scattered clouds,2802
2023-09-03 13:00:00,13,No Holiday,21.6,4.0,0.0,96,Rain,light rain,2296
2023-09-03 14:00:00,14,No Holiday,22.4,0.0,0.0,4,Clear,sky is clear,2897
2023-09-03 15:00:00,15,No Holiday,20.4,0.0,0.0,11,Clear,sky is clear,2600
2023-09-03 16:00:00,16,No Holiday,21.4,0.05,0.0,87,Rain,light rain,3868
2023-09-03 17:00:00,17,No Holiday,19.8,0.0,0.0,74,Mist,mist,4059
2023-09-03 18:00:00,18,No Holiday,23.5,0.0,0.0,4,Clear,sky is clear,3379
2023-09-03 19:00:00,19,No Holiday,17.6,0.0,0.0,0,Clear,sky is clear,1757
2023-09-03 20:00:00,20,No Holiday,18.9,0.0,0.0,94,Clouds,overcast clouds,1798
2023-09-03 21:00:00,21,No Holiday,17.9,0.0,0.0,72,Mist,mist,1714
2023-09-03 22:00:00,22,No Holiday,16.0,0.0,0.0,32,Clouds,scattered clouds,423
2023-09-03 23:00:00,23,No Holiday,15.7,0.0,0.0,5,Clear,sky is clear,320
2023-09-04 00:00:00,0,Labor Day,13.1,1.35,0.0,87,Rain,heavy intensity rain,300
2023-09-04 01:00:00,1,Labor Day,12.5,0.0,0.0,93,Clouds,broken clouds,346
2023-09-04 02:00:00,2,Labor Day,17.1,3.72,0.0,94,Rain,light rain,337
2023-09-04 03:00:00,3,Labor Day,10.3,0.0,0.0,34,Clouds,overcast clouds,283
2023-09-04 04:00:00,4,Labor Day,12.6,0.0,0.0,4,Clear,sky is clear,362
2023-09-04 05:00:00,5,Labor Day,15.0,0.0,0.0,70,Clouds,scattered clouds,398
2023-09-04 06:00:00,6,Labor Day,13.0,0.0,0.0,95,Clouds,scattered clouds,194
2023-09-04 07:00:00,7,Labor Day,15.6,0.0,0.0,8,Clear,sky is clear,2027
2023-09-04 08:00:00,8,Labor Day,12.5,0.0,0.0,87,Thunderstorm,thunderstorm with light rain,1208
2023-09-04 09:00:00,9,Labor Day,15.9,0.5,0.0,80,Rain,moderate rain,2099
2023-09-04 10:00:00,10,Labor Day,17.5,0.0,0.0,72,Clouds,overcast clouds,1545
2023-09-04 11:00:00,11,Labor Day,17.0,0.0,0.0,5,Clear,sky is clear,1467
2023-09-04 12:00:00,12,Labor Day,19.1,0.41,0.0,73,Rain,moderate rain,1369
2023-09-04 13:00:00,13,Labor Day,21.3,3.33,0.0,91,Rain,moderate rain,1290
2023-09-04 14:00:00,14,Labor Day,21.6,0.0,0.0,19,Clear,sky is clear,1834
2023-09-04 15:00:00,15,Labor Day,22.8,3.37,0.0,83,Rain,moderate rain,1288
2023-09-04 16:00:00,16,Labor Day,20.5,0.0,0.0,2,Clear,sky is clear,2211
2023-09-04 17:00:00,17,Labor Day,17.7,0.0,0.0,81,Clouds,broken clouds,2463
2023-09-04 18:00:00,18,Labor Day,19.5,0.15,0.0,91,Rain,moderate rain,2248
2023-09-04 19:00:00,19,Labor Day,17.9,0.0,0.0,5,Clear,sky is clear,1336
2023-09-04 20:00:00,20,Labor Day,19.4,0.0,0.0,82,Clouds,scattered clouds,1269
2023-09-04 21:00:00,21,Labor Day,19.8,0.0,0.0,7,Clear,sky is clear,1280
2023-09-04 22:00:00,22,Labor Day,20.6,0.0,0.0,5,Clear,sky is clear,497
2023-09-04 23:00:00,23,Labor Day,16.9,0.0,0.0,17,Clear,sky is clear,200
2023-09-05 00:00:00,0,No Holiday,15.8,0.0,0.0,83,Thunderstorm,thunderstorm with light rain,449
2023-09-05 01:00:00,1,No Holiday,14.6,0.0,0.0,58,Clouds,scattered clouds,899
2023-09-05 02:00:00,2,No Holiday,16.9,0.0,0.0,10,Clear,sky is clear,614
2023-09-05 03:00:00,3,No Holiday,10.3,0.66,0.0,83,Drizzle,light intensity drizzle,495
2023-09-05 04:00:00,4,No Holiday,13.9,0.0,0.0,9,Clear,sky is clear,752
2023-09-05 05:00:00,5,No Holiday,11.3,4.21,0.0,93,Rain,moderate rain,695
2023-09-05 06:00:00,6,No Holiday,16.2,0.0,0.0,81,Clouds,scattered clouds,764
2023-09-05 07:00:00,7,No Holiday,15.9,0.09,0.0,73,Rain,heavy intensity rain,4432
2023-09-05 08:00:00,8,No Holiday,14.5,0.0,0.0,14,Clear,sky is clear,4648
2023-09-05 09:00:00,9,No Holiday,12.6,0.0,0.0,88,Fog,fog,4239
2023-09-05 10:00:00,10,No Holiday,16.0,2.99,0.0,82,Rain,heavy intensity rain,2961
2023-09-05 11:00:00,11,No Holiday,23.0,0.0,0.0,12,Clear,sky is clear,3154
2023-09-05 12:00:00,12,No Holiday,20.9,0.0,0.0,18,Clear,sky is clear,3545
2023-09-05 13:00:00,13,No Holiday,23.4,0.0,0.0,93,Thunderstorm,proximity thunderstorm,2113
2023-09-05 14:00:00,14,No Holiday,23.6,0.0,0.0,45,Clouds,broken clouds,3709
2023-09-05 15:00:00,15,No Holiday,23.2,0.0,0.0,91,Fog,fog,3276
2023-09-05 16:00:00,16,No Holiday,19.6,0.0,0.0,54,Clouds,scattered clouds,5944
2023-09-05 17:00:00,17,No Holiday,19.6,0.0,0.0,70,Clouds,broken clouds,5967
2023-09-05 18:00:00,18,No Holiday,19.4,0.0,0.0,31,Clouds,broken clouds,5254
2023-09-05 19:00:00,19,No Holiday,19.1,0.0,0.0,3,Clear,sky is clear,2799
2023-09-05 20:00:00,20,No Holiday,16.5,0.0,0.0,17,Clear,sky is clear,3037
2023-09-05 21:00:00,21,No Holiday,21.1,0.0,0.0,59,Clouds,overcast clouds,2647
2023-09-05 22:00:00,22,No Holiday,14.5,4.61,0.0,99,Rain,heavy intensity rain,544
2023-09-05 23:00:00,23,No Holiday,15.7,0.0,0.0,97,Mist,mist,377
2023-09-06 00:00:00,0,No Holiday,14.3,0.0,0.0,9,Clear,sky is clear,624
2023-09-06 01:00:00,1,No Holiday,15.8,0.0,0.0,52,Clouds,overcast clouds,983
2023-09-06 02:00:00,2,No Holiday,15.2,0.0,0.0,6,Clear,sky is clear,720
2023-09-06 03:00:00,3,No Holiday,13.8,0.0,0.0,16,Clear,sky is clear,520
2023-09-06 04:00:00,4,No Holiday,14.0,0.0,0.0,2,Clear,sky is clear,841
2023-09-06 05:00:00,5,No Holiday,9.4,0.0,0.0,34,Clouds,few clouds,806
2023-09-06 06:00:00,6,No Holiday,12.5,0.0,0.0,10,Clear,sky is clear,1003
2023-09-06 07:00:00,7,No Holiday,14.6,0.0,0.0,34,Clouds,overcast clouds,5069
2023-09-06 08:00:00,8,No Holiday,20.0,1.39,0.0,79,Rain,moderate rain,4360
2023-09-06 09:00:00,9,No Holiday,17.1,0.0,0.0,5,Clear,sky is clear,4246
2023-09-06 10:00:00,10,No Holiday,19.7,0.0,0.0,14,Clear,sky is clear,3255
2023-09-06 11:00:00,11,No Holiday,20.6,0.0,0.0,74,Mist,mist,3038
2023-09-06 12:00:00,12,No Holiday,21.2,0.0,0.0,19,Clear,sky is clear,3205
2023-09-06 13:00:00,13,No Holiday,17.3,0.0,0.0,11,Clear,sky is clear,3066
2023-09-06 14:00:00,14,No Holiday,22.8,0.0,0.0,18,Clear,sky is clear,3285
2023-09-06 15:00:00,15,No Holiday,19.3,0.0,0.0,7,Clear,sky is clear,3489
2023-09-06 16:00:00,16,No Holiday,19.2,0.0,0.0,14,Clear,sky is clear,5911
2023-09-06 17:00:00,17,No Holiday,22.5,0.0,0.0,19,Clear,sky is clear,5218
2023-09-06 18:00:00,18,No Holiday,18.3,0.0,0.0,3,Clear,sky is clear,5131
2023-09-06 19:00:00,19,No Holiday,21.0,4.78,0.0,77,Rain,light rain,2262
2023-09-06 20:00:00,20,No Holiday,18.5,0.0,0.0,87,Mist,mist,2546
2023-09-06 21:00:00,21,No Holiday,17.1,0.0,0.0,50,Clouds,few clouds,2915
2023-09-06 22:00:00,22,No Holiday,17.0,0.0,0.0,5,Clear,sky is clear,575
2023-09-06 23:00:00,23,No Holiday,11.7,0.0,0.0,30,Clouds,scattered clouds,727
2023-09-07 00:00:00,0,No Holiday,15.7,0.0,0.0,40,Clouds,overcast clouds,677
2023-09-07 01:00:00,1,No Holiday,12.0,0.0,0.0,10,Clear,sky is clear,711
2023-09-07 02:00:00,2,No Holiday,12.2,0.0,0.0,14,Clear,sky is clear,652
2023-09-07 03:00:00,3,No Holiday,13.5,0.0,0.0,2,Clear,sky is clear,616
2023-09-07 04:00:00,4,No Holiday,17.2,0.0,0.0,87,Clouds,scattered clouds,504
2023-09-07 05:00:00,5,No Holiday,10.8,0.0,0.0,13,Clear,sky is clear,577
2023-09-07 06:00:00,6,No Holiday,12.9,1.0,0.0,97,Rain,heavy intensity rain,697
2023-09-07 07:00:00,7,No Holiday,15.2,0.0,0.0,55,Clouds,scattered clouds,5195
2023-09-07 08:00:00,8,No Holiday,16.2,0.0,0.0,35,Clouds,overcast clouds,4662
2023-09-07 09:00:00,9,No Holiday,19.4,0.0,0.0,5,Clear,sky is clear,4853
2023-09-07 10:00:00,10,No Holiday,19.5,0.0,0.0,92,Clouds,overcast clouds,3210
2023-09-07 11:00:00,11,No Holiday,19.4,0.0,0.0,4,Clear,sky is clear,3565
2023-09-07 12:00:00,12,No Holiday,19.7,0.0,0.0,52,Clouds,broken clouds,3632
2023-09-07 13:00:00,13,No Holiday,19.9,0.0,0.0,95,Mist,mist,3173
2023-09-07 14:00:00,14,No Holiday,21.4,0.86,0.0,98,Rain,light rain,3264
2023-09-07 15:00:00,15,No Holiday,21.9,2.86,0.0,92,Rain,heavy intensity rain,2895
2023-09-07 16:00:00,16,No Holiday,24.7,0.0,0.0,9,Clear,sky is clear,4934
2023-09-07 17:00:00,17,No Holiday,17.9,0.0,0.0,6,Clear,sky is clear,4968
2023-09-07 18:00:00,18,No Holiday,20.2,0.0,0.0,67,Clouds,few clouds,5842
2023-09-07 19:00:00,19,No Holiday,19.2,0.0,0.0,18,Clear,sky is clear,2579
2023-09-07 20:00:00,20,No Holiday,20.4,0.0,0.0,11,Clear,sky is clear,2466
2023-09-07 21:00:00,21,No Holiday,18.5,0.0,0.0,31,Clouds,scattered clouds,2829
2023-09-07 22:00:00,22,No Holiday,19.3,0.0,0.0,62,Clouds,few clouds,834
2023-09-07 23:00:00,23,No Holiday,14.7,5.53,0.0,82,Rain,heavy intensity rain,782
2023-09-08 00:00:00,0,No Holiday,13.2,0.05,0.0,77,Rain,heavy intensity rain,405
2023-09-08 01:00:00,1,No Holiday,16.1,2.33,0.0,73,Rain,moderate rain,823
2023-09-08 02:00:00,2,No Holiday,13.2,0.0,0.0,45,Clouds,few clouds,467
2023-09-08 03:00:00,3,No Holiday,13.1,0.0,0.0,75,Clouds,few clouds,843
2023-09-08 04:00:00,4,No Holiday,15.8,0.0,0.0,9,Clear,sky is clear,400
2023-09-08 05:00:00,5,No Holiday,17.9,0.0,0.0,8,Clear,sky is clear,710
2023-09-08 06:00:00,6,No Holiday,14.8,0.0,0.0,51,Clouds,overcast clouds,661
2023-09-08 07:00:00,7,No Holiday,14.3,0.0,0.0,43,Clouds,broken clouds,4529
2023-09-08 08:00:00,8,No Holiday,15.5,0.0,0.0,16,Clear,sky is clear,4368
2023-09-08 09:00:00,9,No Holiday,16.2,0.0,0.0,7,Clear,sky is clear,4570
2023-09-08 10:00:00,10,No Holiday,16.6,0.0,0.0,19,Clear,sky is clear,3252
2023-09-08 11:00:00,11,No Holiday,12.9,0.0,0.0,4,Clear,sky is clear,3789
2023-09-08 12:00:00,12,No Holiday,20.1,0.0,0.0,1,Clear,sky is clear,3001
2023-09-08 13:00:00,13,No Holiday,18.6,0.0,0.0,10,Clear,sky is clear,3162
2023-09-08 14:00:00,14,No Holiday,20.5,0.0,0.0,1,Clear,sky is clear,3586
2023-09-08 15:00:00,15,No Holiday,22.6,0.0,0.0,74,Clouds,scattered clouds,3483
2023-09-08 16:00:00,16,No Holiday,19.4,0.0,0.0,6,Clear,sky is clear,5626
2023-09-08 17:00:00,17,No Holiday,20.2,0.0,0.0,0,Clear,sky is clear,5636
2023-09-08 18:00:00,18,No Holiday,19.1,0.0,0.0,12,Clear,sky is clear,5339
2023-09-08 19:00:00,19,No Holiday,21.9,0.0,0.0,92,Clouds,few clouds,2980
2023-09-08 20:00:00,20,No Holiday,18.1,9.1,0.0,71,Rain,moderate rain,2541
2023-09-08 21:00:00,21,No Holiday,20.1,0.0,0.0,8,Clear,sky is clear,3073
2023-09-08 22:00:00,22,No Holiday,12.7,0.0,0.0,92,Mist,mist,675
2023-09-08 23:00:00,23,No Holiday,12.7,0.0,0.0,84,Clouds,few clouds,510
2023-09-09 00:00:00,0,No Holiday,16.4,0.0,0.0,6,Clear,sky is clear,285
2023-09-09 01:00:00,1,No Holiday,15.7,0.0,0.0,55,Clouds,broken clouds,349
2023-09-09 02:00:00,2,No Holiday,15.6,0.0,0.0,33,Clouds,overcast clouds,415
2023-09-09 03:00:00,3,No Holiday,17.1,0.63,0.0,76,Rain,moderate rain,275
2023-09-09 04:00:00,4,No Holiday,14.6,0.0,0.0,3,Clear,sky is clear,469
2023-09-09 05:00:00,5,No Holiday,16.1,0.0,0.0,57,Clouds,few clouds,287
2023-09-09 06:00:00,6,No Holiday,11.1,0.0,0.0,93,Clouds,overcast clouds,523
2023-09-09 07:00:00,7,No Holiday,12.3,0.0,0.0,13,Clear,sky is clear,3319
2023-09-09 08:00:00,8,No Holiday,16.1,0.0,0.0,71,Clouds,scattered clouds,3169
2023-09-09 09:00:00,9,No Holiday,21.0,0.0,0.0,62,Clouds,overcast clouds,3133
2023-09-09 10:00:00,10,No Holiday,15.9,0.0,0.0,33,Clouds,few clouds,2247
2023-09-09 11:00:00,11,No Holiday,21.5,0.0,0.0,3,Clear,sky is clear,2151
2023-09-09 12:00:00,12,No Holiday,25.3,0.0,0.0,55,Clouds,scattered clouds,2501
2023-09-09 13:00:00,13,No Holiday,22.9,0.0,0.0,4,Clear,sky is clear,2484
2023-09-09 14:00:00,14,No Holiday,22.3,0.0,0.0,9,Clear,sky is clear,2456
2023-09-09 15:00:00,15,No Holiday,23.7,0.0,0.0,3,Clear,sky is clear,2867
2023-09-09 16:00:00,16,No Holiday,19.2,0.0,0.0,12,Clear,sky is clear,4134
2023-09-09 17:00:00,17,No Holiday,21.6,0.0,0.0,2,Clear,sky is clear,4515
2023-09-09 18:00:00,18,No Holiday,21.4,0.0,0.0,15,Clear,sky is clear,3480
2023-09-09 19:00:00,19,No Holiday,19.1,0.0,0.0,8,Clear,sky is clear,1889
2023-09-09 20:00:00,20,No Holiday,17.5,3.1,0.0,81,Rain,moderate rain,1593
2023-09-09 21:00:00,21,No Holiday,18.0,0.0,0.0,19,Clear,sky is clear,1897
2023-09-09 22:00:00,22,No Holiday,18.8,0.0,0.0,11,Clear,sky is clear,379
2023-09-09 23:00:00,23,No Holiday,21.2,0.0,0.0,41,Clouds,overcast clouds,494
2023-09-10 00:00:00,0,No Holiday,10.1,0.0,0.0,6,Clear,sky is clear,427
2023-09-10 01:00:00,1,No Holiday,12.5,0.0,0.0,15,Clear,sky is clear,625
2023-09-10 02:00:00,2,No Holiday,14.2,2.12,0.0,71,Rain,moderate rain,493
2023-09-10 03:00:00,3,No Holiday,10.9,0.0,0.0,9,Clear,sky is clear,475
2023-09-10 04:00:00,4,No Holiday,15.4,0.0,0.0,58,Clouds,overcast clouds,256
2023-09-10 05:00:00,5,No Holiday,15.1,0.0,0.0,59,Clouds,few clouds,348
2023-09-10 06:00:00,6,No Holiday,14.1,0.0,0.0,35,Clouds,overcast clouds,569
2023-09-10 07:00:00,7,No Holiday,14.4,0.0,0.0,11,Clear,sky is clear,3237
2023-09-10 08:00:00,8,No Holiday,17.4,0.0,0.0,3,Clear,sky is clear,3021
2023-09-10 09:00:00,9,No Holiday,16.9,0.0,0.0,74,Clouds,scattered clouds,3351
2023-09-10 10:00:00,10,No Holiday,19.1,0.0,0.0,66,Clouds,broken clouds,2481
2023-09-10 11:00:00,11,No Holiday,23.8,0.0,0.0,16,Clear,sky is clear,2193
2023-09-10 12:00:00,12,No Holiday,17.9,0.0,0.0,82,Clouds,few clouds,2880
2023-09-10 13:00:00,13,No Holiday,22.0,1.06,0.0,84,Rain,light rain,2201
2023-09-10 14:00:00,14,No Holiday,19.5,0.0,0.0,42,Clouds,broken clouds,2658
2023-09-10 15:00:00,15,No Holiday,21.6,2.48,0.0,84,Rain,heavy intensity rain,2318
2023-09-10 16:00:00,16,No Holiday,21.2,0.0,0.0,19,Clear,sky is clear,4199
2023-09-10 17:00:00,17,No Holiday,18.0,0.0,0.0,93,Mist,mist,3586
2023-09-10 18:00:00,18,No Holiday,23.1,0.0,0.0,91,Clouds,overcast clouds,3490
2023-09-10 19:00:00,19,No Holiday,22.3,0.0,0.0,97,Mist,mist,1787
2023-09-10 20:00:00,20,No Holiday,16.0,0.0,0.0,4,Clear,sky is clear,2079
2023-09-10 21:00:00,21,No Holiday,17.7,4.41,0.0,97,Rain,light rain,1589
2023-09-10 22:00:00,22,No Holiday,16.9,0.0,0.0,76,Mist,mist,356
2023-09-10 23:00:00,23,No Holiday,12.2,0.0,0.0,30,Clouds,broken clouds,518
2023-09-11 00:00:00,0,No Holiday,17.1,0.0,0.0,97,Clouds,overcast clouds,1029
2023-09-11 01:00:00,1,No Holiday,15.2,0.0,0.0,9,Clear,sky is clear,624
2023-09-11 02:00:00,2,No Holiday,17.4,0.0,0.0,16,Clear,sky is clear,1073
2023-09-11 03:00:00,3,No Holiday,13.5,0.0,0.0,16,Clear,sky is clear,915
2023-09-11 04:00:00,4,No Holiday,12.7,0.0,0.0,31,Clouds,scattered clouds,770
2023-09-11 05:00:00,5,No Holiday,16.7,0.0,0.0,11,Clear,sky is clear,545
2023-09-11 06:00:00,6,No Holiday,15.0,0.0,0.0,13,Clear,sky is clear,507
2023-09-11 07:00:00,7,No Holiday,17.9,0.41,0.0,89,Drizzle,light intensity drizzle,3958
2023-09-11 08:00:00,8,No Holiday,15.9,0.0,0.0,3,Clear,sky is clear,5226
2023-09-11 09:00:00,9,No Holiday,22.9,0.0,0.0,87,Clouds,broken clouds,4580
2023-09-11 10:00:00,10,No Holiday,14.4,0.0,0.0,19,Clear,sky is clear,3911
2023-09-11 11:00:00,11,No Holiday,20.6,0.0,0.0,73,Fog,fog,3647
2023-09-11 12:00:00,12,No Holiday,17.7,3.23,0.0,89,Rain,heavy intensity rain,3120
2023-09-11 13:00:00,13,No Holiday,19.9,0.0,0.0,54,Clouds,broken clouds,3654
2023-09-11 14:00:00,14,No Holiday,18.8,0.0,0.0,82,Clouds,broken clouds,3560
2023-09-11 15:00:00,15,No Holiday,23.0,3.16,0.0,82,Rain,heavy intensity rain,3316
2023-09-11 16:00:00,16,No Holiday,18.1,0.0,0.0,10,Clear,sky is clear,5261
2023-09-11 17:00:00,17,No Holiday,19.7,0.0,0.0,1,Clear,sky is clear,4989
2023-09-11 18:00:00,18,No Holiday,19.4,0.0,0.0,90,Clouds,broken clouds,5566
2023-09-11 19:00:00,19,No Holiday,18.1,0.0,0.0,17,Clear,sky is clear,2699
2023-09-11 20:00:00,20,No Holiday,19.0,0.0,0.0,6,Clear,sky is clear,2654
2023-09-11 21:00:00,21,No Holiday,17.8,0.0,0.0,12,Clear,sky is clear,2600
2023-09-11 22:00:00,22,No Holiday,19.7,0.0,0.0,8,Clear,sky is clear,714
2023-09-11 23:00:00,23,No Holiday,8.6,0.0,0.0,35,Clouds,overcast clouds,525
2023-09-12 00:00:00,0,No Holiday,16.7,0.0,0.0,7,Clear,sky is clear,666
2023-09-12 01:00:00,1,No Holiday,15.3,0.0,0.0,2,Clear,sky is clear,410
2023-09-12 02:00:00,2,No Holiday,17.9,0.0,0.0,74,Clouds,few clouds,561
2023-09-12 03:00:00,3,No Holiday,12.2,0.0,0.0,15,Clear,sky is clear,504
2023-09-12 04:00:00,4,No Holiday,13.7,0.0,0.0,16,Clear,sky is clear,1059
2023-09-12 05:00:00,5,No Holiday,10.9,0.0,0.0,54,Clouds,overcast clouds,632
2023-09-12 06:00:00,6,No Holiday,17.4,0.0,0.0,92,Clouds,overcast clouds,549
2023-09-12 07:00:00,7,No Holiday,17.2,0.0,0.0,8,Clear,sky is clear,4693
2023-09-12 08:00:00,8,No Holiday,16.4,0.0,0.0,35,Clouds,few clouds,4618
2023-09-12 09:00:00,9,No Holiday,16.5,0.0,0.0,96,Clouds,few clouds,4589
2023-09-12 10:00:00,10,No Holiday,21.9,0.17,0.0,91,Drizzle,light intensity drizzle,2681
2023-09-12 11:00:00,11,No Holiday,20.2,2.55,0.0,99,Rain,light rain,3154
2023-09-12 12:00:00,12,No Holiday,22.9,0.0,0.0,12,Clear,sky is clear,3271
2023-09-12 13:00:00,13,No Holiday,21.8,0.0,0.0,6,Clear,sky is clear,3131
2023-09-12 14:00:00,14,No Holiday,20.6,0.0,0.0,88,Clouds,overcast clouds,3386
2023-09-12 15:00:00,15,No Holiday,25.9,0.0,0.0,13,Clear,sky is clear,3512
2023-09-12 16:00:00,16,No Holiday,22.5,0.0,0.0,18,Clear,sky is clear,5525
2023-09-12 17:00:00,17,No Holiday,22.0,0.0,0.0,56,Clouds,scattered clouds,5238
2023-09-12 18:00:00,18,No Holiday,17.6,0.0,0.0,96,Clouds,few clouds,5202
2023-09-12 19:00:00,19,No Holiday,17.1,0.0,0.0,15,Clear,sky is clear,2542
2023-09-12 20:00:00,20,No Holiday,20.4,0.0,0.0,73,Clouds,scattered clouds,3063
2023-09-12 21:00:00,21,No Holiday,14.7,0.0,0.0,19,Clear,sky is clear,2626
2023-09-12 22:00:00,22,No Holiday,13.2,0.0,0.0,93,Thunderstorm,thunderstorm with light rain,438
2023-09-12 23:00:00,23,No Holiday,14.9,0.0,0.0,18,Clear,sky is clear,871
2023-09-13 00:00:00,0,No Holiday,15.3,0.0,0.0,75,Clouds,few clouds,840
2023-09-13 01:00:00,1,No Holiday,14.6,0.0,0.0,11,Clear,sky is clear,762
2023-09-13 02:00:00,2,No Holiday,15.9,0.0,0.0,11,Clear,sky is clear,299
2023-09-13 03:00:00,3,No Holiday,13.0,0.0,0.0,97,Mist,mist,705
2023-09-13 04:00:00,4,No Holiday,14.9,0.0,0.0,70,Clouds,few clouds,646
2023-09-13 05:00:00,5,No Holiday,11.1,0.0,0.0,19,Clear,sky is clear,737
2023-09-13 06:00:00,6,No Holiday,12.4,0.0,0.0,82,Clouds,few clouds,786
2023-09-13 07:00:00,7,No Holiday,16.7,0.0,0.0,76,Clouds,few clouds,4917
2023-09-13 08:00:00,8,No Holiday,16.1,0.0,0.0,16,Clear,sky is clear,5344
2023-09-13 09:00:00,9,No Holiday,16.6,0.0,0.0,9,Clear,sky is clear,4199
2023-09-13 10:00:00,10,No Holiday,18.1,0.0,0.0,98,Clouds,scattered clouds,3473
2023-09-13 11:00:00,11,No Holiday,21.5,2.12,0.0,86,Rain,light rain,3567
2023-09-13 12:00:00,12,No Holiday,15.9,0.0,0.0,80,Fog,fog,3217
2023-09-13 13:00:00,13,No Holiday,19.3,0.02,0.0,91,Rain,heavy intensity rain,3209
2023-09-13 14:00:00,14,No Holiday,19.0,0.0,0.0,15,Clear,sky is clear,3505
2023-09-13 15:00:00,15,No Holiday,22.3,0.0,0.0,76,Clouds,scattered clouds,3325
2023-09-13 16:00:00,16,No Holiday,20.4,0.0,0.0,34,Clouds,overcast clouds,5241
2023-09-13 17:00:00,17,No Holiday,19.7,0.0,0.0,86,Mist,mist,4874
2023-09-13 18:00:00,18,No Holiday,18.1,0.0,0.0,3,Clear,sky is clear,5656
2023-09-13 19:00:00,19,No Holiday,18.3,0.0,0.0,76,Mist,mist,2597
2023-09-13 20:00:00,20,No Holiday,20.8,0.0,0.0,18,Clear,sky is clear,2765
2023-09-13 21:00:00,21,No Holiday,19.6,0.0,0.0,98,Mist,mist,2772
2023-09-13 22:00:00,22,No Holiday,17.8,0.0,0.0,89,Clouds,broken clouds,726
2023-09-13 23:00:00,23,No Holiday,16.6,0.0,0.0,15,Clear,sky is clear,757
2023-09-14 00:00:00,0,No Holiday,12.6,0.0,0.0,62,Clouds,scattered clouds,736
2023-09-14 01:00:00,1,No Holiday,14.4,0.0,0.0,12,Clear,sky is clear,553
2023-09-14 02:00:00,2,No Holiday,13.0,0.0,0.0,83,Mist,mist,432
2023-09-14 03:00:00,3,No Holiday,14.5,0.0,0.0,10,Clear,sky is clear,714
2023-09-14 04:00:00,4,No Holiday,17.9,0.0,0.0,4,Clear,sky is clear,856
2023-09-14 05:00:00,5,No Holiday,11.9,0.0,0.0,46,Clouds,overcast clouds,618
2023-09-14 06:00:00,6,No Holiday,18.9,0.0,0.0,2,Clear,sky is clear,682
2023-09-14 07:00:00,7,No Holiday,19.2,0.0,0.0,80,Mist,mist,4591
2023-09-14 08:00:00,8,No Holiday,20.6,0.0,0.0,9,Clear,sky is clear,4564
2023-09-14 09:00:00,9,No Holiday,16.6,5.42,0.0,85,Rain,light rain,4131
2023-09-14 10:00:00,10,No Holiday,20.3,0.0,0.0,9,Clear,sky is clear,3724
2023-09-14 11:00:00,11,No Holiday,17.7,0.0,0.0,41,Clouds,broken clouds,3031
2023-09-14 12:00:00,12,No Holiday,24.6,0.0,0.0,66,Clouds,broken clouds,3393
2023-09-14 13:00:00,13,No Holiday,18.2,0.0,0.0,1,Clear,sky is clear,3554
2023-09-14 14:00:00,14,No Holiday,22.2,0.0,0.0,0,Clear,sky is clear,3507
2023-09-14 15:00:00,15,No Holiday,20.3,0.0,0.0,16,Clear,sky is clear,3220
2023-09-14 16:00:00,16,No Holiday,23.5,0.0,0.0,18,Clear,sky is clear,4735
2023-09-14 17:00:00,17,No Holiday,20.6,0.0,0.0,11,Clear,sky is clear,5881
2023-09-14 18:00:00,18,No Holiday,16.3,0.0,0.0,16,Clear,sky is clear,5280
2023-09-14 19:00:00,19,No Holiday,21.9,0.0,0.0,65,Clouds,broken clouds,2972
2023-09-14 20:00:00,20,No Holiday,19.4,0.0,0.0,99,Mist,mist,2511
2023-09-14 21:00:00,21,No Holiday,14.4,0.0,0.0,1,Clear,sky is clear,3048
2023-09-14 22:00:00,22,No Holiday,16.2,0.0,0.0,34,Clouds,overcast clouds,761
2023-09-14 23:00:00,23,No Holiday,13.7,0.0,0.0,11,Clear,sky is clear,638
2023-09-15 00:00:00,0,No Holiday,16.6,4.7,0.0,73,Rain,heavy intensity rain,585
2023-09-15 01:00:00,1,No Holiday,10.3,0.89,0.0,92,Drizzle,light intensity drizzle,544
2023-09-15 02:00:00,2,No Holiday,13.7,0.0,0.0,2,Clear,sky is clear,798
2023-09-15 03:00:00,3,No Holiday,14.4,0.0,0.0,58,Clouds,overcast clouds,766
2023-09-15 04:00:00,4,No Holiday,9.6,3.55,0.0,89,Rain,heavy intensity rain,699
2023-09-15 05:00:00,5,No Holiday,13.3,0.53,0.0,77,Rain,heavy intensity rain,606
2023-09-15 06:00:00,6,No Holiday,16.9,0.0,0.0,31,Clouds,broken clouds,625
2023-09-15 07:00:00,7,No Holiday,13.1,0.96,0.0,93,Rain,moderate rain,3908
2023-09-15 08:00:00,8,No Holiday,17.5,0.0,0.0,75,Clouds,scattered clouds,4704
2023-09-15 09:00:00,9,No Holiday,14.5,0.0,0.0,5,Clear,sky is clear,5542
2023-09-15 10:00:00,10,No Holiday,20.6,0.0,0.0,15,Clear,sky is clear,3625
2023-09-15 11:00:00,11,No Holiday,19.0,1.61,0.0,85,Rain,heavy intensity rain,3200
2023-09-15 12:00:00,12,No Holiday,20.2,0.0,0.0,11,Clear,sky is clear,3540
2023-09-15 13:00:00,13,No Holiday,25.4,0.0,0.0,80,Mist,mist,3299
2023-09-15 14:00:00,14,No Holiday,19.8,0.0,0.0,11,Clear,sky is clear,3400
2023-09-15 15:00:00,15,No Holiday,17.8,0.0,0.0,95,Fog,fog,3213
2023-09-15 16:00:00,16,No Holiday,23.9,0.0,0.0,10,Clear,sky is clear,5353
2023-09-15 17:00:00,17,No Holiday,22.4,0.0,0.0,19,Clear,sky is clear,5979
2023-09-15 18:00:00,18,No Holiday,18.8,0.0,0.0,6,Clear,sky is clear,6003
2023-09-15 19:00:00,19,No Holiday,24.3,1.27,0.0,98,Rain,moderate rain,2191
2023-09-15 20:00:00,20,No Holiday,16.9,1.91,0.0,89,Rain,heavy intensity rain,2230
2023-09-15 21:00:00,21,No Holiday,17.2,0.0,0.0,5,Clear,sky is clear,2595
2023-09-15 22:00:00,22,No Holiday,17.7,0.0,0.0,59,Clouds,few clouds,857
2023-09-15 23:00:00,23,No Holiday,16.7,0.0,0.0,18,Clear,sky is clear,625
2023-09-16 00:00:00,0,No Holiday,15.4,0.0,0.0,8,Clear,sky is clear,255
2023-09-16 01:00:00,1,No Holiday,12.3,0.0,0.0,32,Clouds,scattered clouds,422
2023-09-16 02:00:00,2,No Holiday,13.4,0.9,0.0,95,Drizzle,light intensity drizzle,343
2023-09-16 03:00:00,3,No Holiday,16.1,0.0,0.0,45,Clouds,scattered clouds,380
2023-09-16 04:00:00,4,No Holiday,10.8,0.0,0.0,13,Clear,sky is clear,235
2023-09-16 05:00:00,5,No Holiday,11.1,0.0,0.0,18,Clear,sky is clear,443
2023-09-16 06:00:00,6,No Holiday,15.7,0.12,0.0,85,Rain,light rain,220
2023-09-16 07:00:00,7,No Holiday,15.4,0.0,0.0,50,Clouds,scattered clouds,3036
2023-09-16 08:00:00,8,No Holiday,15.0,0.0,0.0,8,Clear,sky is clear,3016
2023-09-16 09:00:00,9,No Holiday,15.7,5.51,0.0,97,Rain,moderate rain,2906
2023-09-16 10:00:00,10,No Holiday,19.2,0.0,0.0,19,Clear,sky is clear,2190
2023-09-16 11:00:00,11,No Holiday,21.0,0.0,0.0,18,Clear,sky is clear,2237
2023-09-16 12:00:00,12,No Holiday,21.8,0.0,0.0,94,Mist,mist,2334
2023-09-16 13:00:00,13,No Holiday,20.7,0.0,0.0,90,Clouds,few clouds,2771
2023-09-16 14:00:00,14,No Holiday,23.7,0.0,0.0,10,Clear,sky is clear,2781
2023-09-16 15:00:00,15,No Holiday,20.6,0.0,0.0,81,Clouds,broken clouds,2257
2023-09-16 16:00:00,16,No Holiday,24.5,0.0,0.0,64,Clouds,scattered clouds,4414
2023-09-16 17:00:00,17,No Holiday,23.3,0.0,0.0,19,Clear,sky is clear,4325
2023-09-16 18:00:00,18,No Holiday,23.0,0.0,0.0,14,Clear,sky is clear,3394
2023-09-16 19:00:00,19,No Holiday,19.6,0.0,0.0,17,Clear,sky is clear,1800
2023-09-16 20:00:00,20,No Holiday,16.7,0.0,0.0,19,Clear,sky is clear,1857
2023-09-16 21:00:00,21,No Holiday,15.1,0.0,0.0,46,Clouds,broken clouds,1691
2023-09-16 22:00:00,22,No Holiday,17.8,7.84,0.0,88,Rain,light rain,289
2023-09-16 23:00:00,23,No Holiday,17.2,0.0,0.0,7,Clear,sky is clear,645
2023-09-17 00:00:00,0,No Holiday,14.0,0.0,0.0,6,Clear,sky is clear,464
2023-09-17 01:00:00,1,No Holiday,18.4,2.42,0.0,94,Rain,heavy intensity rain,410
2023-09-17 02:00:00,2,No Holiday,10.4,0.0,0.0,17,Clear,sky is clear,578
2023-09-17 03:00:00,3,No Holiday,12.7,0.0,0.0,47,Clouds,broken clouds,611
2023-09-17 04:00:00,4,No Holiday,7.8,0.0,0.0,3,Clear,sky is clear,489
2023-09-17 05:00:00,5,No Holiday,12.4,0.0,0.0,82,Mist,mist,527
2023-09-17 06:00:00,6,No Holiday,16.1,0.0,0.0,4,Clear,sky is clear,408
2023-09-17 07:00:00,7,No Holiday,16.0,0.0,0.0,39,Clouds,scattered clouds,2993
2023-09-17 08:00:00,8,No Holiday,18.6,0.0,0.0,3,Clear,sky is clear,3275
2023-09-17 09:00:00,9,No Holiday,15.5,0.0,0.0,40,Clouds,overcast clouds,3228
2023-09-17 10:00:00,10,No Holiday,21.1,0.0,0.0,12,Clear,sky is clear,2406
2023-09-17 11:00:00,11,No Holiday,19.3,0.0,0.0,12,Clear,sky is clear,2184
2023-09-17 12:00:00,12,No Holiday,22.2,0.0,0.0,79,Clouds,few clouds,2778
2023-09-17 13:00:00,13,No Holiday,25.3,0.0,0.0,89,Clouds,broken clouds,3016
2023-09-17 14:00:00,14,No Holiday,23.6,0.0,0.0,40,Clouds,scattered clouds,2985
2023-09-17 15:00:00,15,No Holiday,23.6,0.0,0.0,2,Clear,sky is clear,2599
2023-09-17 16:00:00,16,No Holiday,21.6,0.0,0.0,92,Mist,mist,4216
2023-09-17 17:00:00,17,No Holiday,23.8,0.0,0.0,15,Clear,sky is clear,5015
2023-09-17 18:00:00,18,No Holiday,19.6,0.0,0.0,15,Clear,sky is clear,3118
2023-09-17 19:00:00,19,No Holiday,21.6,0.0,0.0,82,Clouds,overcast clouds,1874
2023-09-17 20:00:00,20,No Holiday,20.8,0.0,0.0,48,Clouds,overcast clouds,1775
2023-09-17 21:00:00,21,No Holiday,19.6,0.0,0.0,9,Clear,sky is clear,1737
2023-09-17 22:00:00,22,No Holiday,20.5,0.0,0.0,95,Mist,mist,614
2023-09-17 23:00:00,23,No Holiday,13.9,0.0,0.0,68,Clouds,scattered clouds,486
2023-09-18 00:00:00,0,No Holiday,12.6,0.0,0.0,45,Clouds,scattered clouds,391
2023-09-18 01:00:00,1,No Holiday,17.4,0.1,0.0,81,Rain,heavy intensity rain,341
2023-09-18 02:00:00,2,No Holiday,13.4,0.0,0.0,30,Clouds,few clouds,710
2023-09-18 03:00:00,3,No Holiday,12.7,0.0,0.0,13,Clear,sky is clear,438
2023-09-18 04:00:00,4,No Holiday,14.3,0.0,0.0,8,Clear,sky is clear,810
2023-09-18 05:00:00,5,No Holiday,12.0,0.0,0.0,17,Clear,sky is clear,907
2023-09-18 06:00:00,6,No Holiday,12.8,0.0,0.0,3,Clear,sky is clear,875
2023-09-18 07:00:00,7,No Holiday,13.7,0.0,0.0,3,Clear,sky is clear,4931
2023-09-18 08:00:00,8,No Holiday,18.7,0.0,0.0,56,Clouds,overcast clouds,4396
2023-09-18 09:00:00,9,No Holiday,15.6,0.0,0.0,77,Clouds,overcast clouds,5049
2023-09-18 10:00:00,10,No Holiday,18.5,0.0,0.0,13,Clear,sky is clear,3272
2023-09-18 11:00:00,11,No Holiday,20.1,0.0,0.0,44,Clouds,overcast clouds,3758
2023-09-18 12:00:00,12,No Holiday,21.4,0.0,0.0,6,Clear,sky is clear,3902
2023-09-18 13:00:00,13,No Holiday,19.5,0.0,0.0,39,Clouds,broken clouds,3423
2023-09-18 14:00:00,14,No Holiday,23.2,0.0,0.0,0,Clear,sky is clear,3742
2023-09-18 15:00:00,15,No Holiday,24.9,0.0,0.0,80,Clouds,few clouds,3468
2023-09-18 16:00:00,16,No Holiday,23.8,0.0,0.0,97,Thunderstorm,thunderstorm with light rain,3222
2023-09-18 17:00:00,17,No Holiday,24.0,0.0,0.0,34,Clouds,broken clouds,5559
2023-09-18 18:00:00,18,No Holiday,20.9,0.0,0.0,85,Clouds,few clouds,5778
2023-09-18 19:00:00,19,No Holiday,20.4,0.0,0.0,19,Clear,sky is clear,2935
2023-09-18 20:00:00,20,No Holiday,20.6,0.0,0.0,12,Clear,sky is clear,2804
2023-09-18 21:00:00,21,No Holiday,15.1,2.58,0.0,75,Rain,light rain,2450
2023-09-18 22:00:00,22,No Holiday,16.4,3.03,0.0,99,Rain,heavy intensity rain,684
2023-09-18 23:00:00,23,No Holiday,15.0,1.11,0.0,70,Rain,heavy intensity rain,673
2023-09-19 00:00:00,0,No Holiday,17.0,0.0,0.0,84,Mist,mist,641
2023-09-19 01:00:00,1,No Holiday,14.6,0.0,0.0,1,Clear,sky is clear,649
2023-09-19 02:00:00,2,No Holiday,13.5,0.0,0.0,77,Clouds,broken clouds,666
2023-09-19 03:00:00,3,No Holiday,11.6,0.0,0.0,19,Clear,sky is clear,654
2023-09-19 04:00:00,4,No Holiday,14.2,0.0,0.0,15,Clear,sky is clear,600
2023-09-19 05:00:00,5,No Holiday,11.9,0.0,0.0,12,Clear,sky is clear,705
2023-09-19 06:00:00,6,No Holiday,14.5,0.0,0.0,68,Clouds,broken clouds,805
2023-09-19 07:00:00,7,No Holiday,16.8,0.0,0.0,70,Mist,mist,4417
2023-09-19 08:00:00,8,No Holiday,15.1,0.0,0.0,40,Clouds,overcast clouds,4841
2023-09-19 09:00:00,9,No Holiday,20.3,0.0,0.0,4,Clear,sky is clear,4290
2023-09-19 10:00:00,10,No Holiday,17.3,0.0,0.0,49,Clouds,few clouds,3813
2023-09-19 11:00:00,11,No Holiday,23.3,0.0,0.0,51,Clouds,overcast clouds,3759
2023-09-19 12:00:00,12,No Holiday,19.9,0.0,0.0,95,Clouds,broken clouds,3495
2023-09-19 13:00:00,13,No Holiday,19.0,0.0,0.0,2,Clear,sky is clear,4332
2023-09-19 14:00:00,14,No Holiday,20.1,3.16,0.0,80,Rain,heavy intensity rain,3034
2023-09-19 15:00:00,15,No Holiday,24.7,1.95,0.0,94,Rain,moderate rain,3355
2023-09-19 16:00:00,16,No Holiday,24.2,0.0,0.0,1,Clear,sky is clear,5724
2023-09-19 17:00:00,17,No Holiday,19.1,0.0,0.0,37,Clouds,overcast clouds,4829
2023-09-19 18:00:00,18,No Holiday,22.6,0.0,0.0,12,Clear,sky is clear,5287
2023-09-19 19:00:00,19,No Holiday,21.1,0.0,0.0,10,Clear,sky is clear,2844
2023-09-19 20:00:00,20,No Holiday,19.1,1.86,0.0,74,Rain,heavy intensity rain,2598
2023-09-19 21:00:00,21,No Holiday,16.0,0.0,0.0,19,Clear,sky is clear,2704
2023-09-19 22:00:00,22,No Holiday,14.6,0.0,0.0,9,Clear,sky is clear,877
2023-09-19 23:00:00,23,No Holiday,14.6,0.0,0.0,15,Clear,sky is clear,794
2023-09-20 00:00:00,0,No Holiday,14.4,0.0,0.0,36,Clouds,few clouds,921
2023-09-20 01:00:00,1,No Holiday,14.4,0.0,0.0,10,Clear,sky is clear,680
2023-09-20 02:00:00,2,No Holiday,14.6,0.0,0.0,67,Clouds,broken clouds,622
2023-09-20 03:00:00,3,No Holiday,13.7,0.0,0.0,7,Clear,sky is clear,799
2023-09-20 04:00:00,4,No Holiday,16.1,0.0,0.0,76,Fog,fog,559
2023-09-20 05:00:00,5,No Holiday,17.4,0.0,0.0,8,Clear,sky is clear,544
2023-09-20 06:00:00,6,No Holiday,12.6,0.0,0.0,5,Clear,sky is clear,712
2023-09-20 07:00:00,7,No Holiday,18.8,0.0,0.0,10,Clear,sky is clear,5337
2023-09-20 08:00:00,8,No Holiday,16.5,0.0,0.0,87,Clouds,broken clouds,5068
2023-09-20 09:00:00,9,No Holiday,19.9,0.0,0.0,10,Clear,sky is clear,5081
2023-09-20 10:00:00,10,No Holiday,12.4,3.9,0.0,94,Rain,moderate rain,3085
2023-09-20 11:00:00,11,No Holiday,16.8,11.24,0.0,96,Rain,moderate rain,3450
2023-09-20 12:00:00,12,No Holiday,24.6,0.0,0.0,74,Thunderstorm,proximity thunderstorm,2120
2023-09-20 13:00:00,13,No Holiday,19.7,3.24,0.0,91,Rain,light rain,3172
2023-09-20 14:00:00,14,No Holiday,22.3,0.0,0.0,2,Clear,sky is clear,4119
2023-09-20 15:00:00,15,No Holiday,22.6,0.0,0.0,0,Clear,sky is clear,3927
2023-09-20 16:00:00,16,No Holiday,22.5,0.0,0.0,1,Clear,sky is clear,5615
2023-09-20 17:00:00,17,No Holiday,21.3,0.0,0.0,2,Clear,sky is clear,5406
2023-09-20 18:00:00,18,No Holiday,24.3,0.0,0.0,49,Clouds,scattered clouds,5073
2023-09-20 19:00:00,19,No Holiday,16.6,0.0,0.0,35,Clouds,overcast clouds,2822
2023-09-20 20:00:00,20,No Holiday,19.7,0.0,0.0,99,Clouds,scattered clouds,2992
2023-09-20 21:00:00,21,No Holiday,17.3,0.0,0.0,18,Clear,sky is clear,2753
2023-09-20 22:00:00,22,No Holiday,19.2,0.0,0.0,42,Clouds,few clouds,880
2023-09-20 23:00:00,23,No Holiday,15.4,0.0,0.0,54,Clouds,scattered clouds,804
2023-09-21 00:00:00,0,No Holiday,15.4,0.0,0.0,97,Clouds,broken clouds,823
2023-09-21 01:00:00,1,No Holiday,15.5,1.17,0.0,96,Rain,heavy intensity rain,253
2023-09-21 02:00:00,2,No Holiday,14.8,0.0,0.0,43,Clouds,overcast clouds,931
2023-09-21 03:00:00,3,No Holiday,17.7,0.0,0.0,85,Clouds,scattered clouds,604
2023-09-21 04:00:00,4,No Holiday,7.4,0.0,0.0,8,Clear,sky is clear,667
2023-09-21 05:00:00,5,No Holiday,16.2,0.0,0.0,61,Clouds,few clouds,757
2023-09-21 06:00:00,6,No Holiday,15.9,0.0,0.0,15,Clear,sky is clear,959
2023-09-21 07:00:00,7,No Holiday,15.7,0.0,0.0,77,Mist,mist,4448
2023-09-21 08:00:00,8,No Holiday,17.6,1.75,0.0,81,Rain,light rain,4229
2023-09-21 09:00:00,9,No Holiday,19.9,0.0,0.0,72,Mist,mist,4464
2023-09-21 10:00:00,10,No Holiday,15.8,0.19,0.0,92,Rain,heavy intensity rain,2989
2023-09-21 11:00:00,11,No Holiday,17.5,0.0,0.0,11,Clear,sky is clear,3640
2023-09-21 12:00:00,12,No Holiday,22.0,0.0,0.0,7,Clear,sky is clear,3635
2023-09-21 13:00:00,13,No Holiday,19.1,0.0,0.0,14,Clear,sky is clear,3298
2023-09-21 14:00:00,14,No Holiday,23.4,0.0,0.0,50,Clouds,scattered clouds,3631
2023-09-21 15:00:00,15,No Holiday,22.3,0.0,0.0,7,Clear,sky is clear,3457
2023-09-21 16:00:00,16,No Holiday,21.1,0.0,0.0,5,Clear,sky is clear,5353
2023-09-21 17:00:00,17,No Holiday,22.1,0.0,0.0,16,Clear,sky is clear,4324
2023-09-21 18:00:00,18,No Holiday,19.7,0.0,0.0,6,Clear,sky is clear,5666
2023-09-21 19:00:00,19,No Holiday,17.6,0.0,0.0,18,Clear,sky is clear,2748
2023-09-21 20:00:00,20,No Holiday,17.2,0.0,0.0,94,Mist,mist,2882
2023-09-21 21:00:00,21,No Holiday,15.8,0.0,0.0,0,Clear,sky is clear,3105
2023-09-21 22:00:00,22,No Holiday,16.0,0.0,0.0,67,Clouds,overcast clouds,693
2023-09-21 23:00:00,23,No Holiday,17.1,0.0,0.0,3,Clear,sky is clear,846
2023-09-22 00:00:00,0,No Holiday,13.7,0.0,0.0,8,Clear,sky is clear,798
2023-09-22 01:00:00,1,No Holiday,12.7,0.0,0.0,3,Clear,sky is clear,884
2023-09-22 02:00:00,2,No Holiday,14.5,0.0,0.0,60,Clouds,few clouds,685
2023-09-22 03:00:00,3,No Holiday,11.0,0.0,0.0,94,Mist,mist,644
2023-09-22 04:00:00,4,No Holiday,12.4,0.0,0.0,91,Mist,mist,797
2023-09-22 05:00:00,5,No Holiday,12.8,0.0,0.0,35,Clouds,few clouds,511
2023-09-22 06:00:00,6,No Holiday,13.0,0.0,0.0,43,Clouds,overcast clouds,557
2023-09-22 07:00:00,7,No Holiday,19.2,4.39,0.0,82,Rain,moderate rain,4481
2023-09-22 08:00:00,8,No Holiday,14.9,0.0,0.0,5,Clear,sky is clear,4860
2023-09-22 09:00:00,9,No Holiday,16.0,0.0,0.0,3,Clear,sky is clear,4518
2023-09-22 10:00:00,10,No Holiday,18.1,0.0,0.0,91,Clouds,few clouds,4101
2023-09-22 11:00:00,11,No Holiday,19.9,0.0,0.0,7,Clear,sky is clear,3058
2023-09-22 12:00:00,12,No Holiday,23.1,0.0,0.0,17,Clear,sky is clear,3631
2023-09-22 13:00:00,13,No Holiday,22.0,0.0,0.0,77,Fog,fog,3191
2023-09-22 14:00:00,14,No Holiday,16.9,0.0,0.0,57,Clouds,overcast clouds,3282
2023-09-22 15:00:00,15,No Holiday,19.2,0.0,0.0,35,Clouds,overcast clouds,3689
2023-09-22 16:00:00,16,No Holiday,19.1,0.0,0.0,16,Clear,sky is clear,5254
2023-09-22 17:00:00,17,No Holiday,19.5,0.0,0.0,10,Clear,sky is clear,5385
2023-09-22 18:00:00,18,No Holiday,18.6,0.0,0.0,51,Clouds,broken clouds,5192
2023-09-22 19:00:00,19,No Holiday,22.2,0.0,0.0,7,Clear,sky is clear,2598
2023-09-22 20:00:00,20,No Holiday,22.5,0.0,0.0,4,Clear,sky is clear,3002
2023-09-22 21:00:00,21,No Holiday,16.7,0.19,0.0,87,Rain,moderate rain,2216
2023-09-22 22:00:00,22,No Holiday,14.0,0.0,0.0,8,Clear,sky is clear,464
2023-09-22 23:00:00,23,No Holiday,16.4,1.23,0.0,80,Rain,heavy intensity rain,734
2023-09-23 00:00:00,0,No Holiday,15.6,0.0,0.0,7,Clear,sky is clear,560
2023-09-23 01:00:00,1,No Holiday,16.3,0.0,0.0,98,Clouds,broken clouds,494
2023-09-23 02:00:00,2,No Holiday,9.8,0.0,0.0,6,Clear,sky is clear,512
2023-09-23 03:00:00,3,No Holiday,10.5,0.0,0.0,62,Clouds,scattered clouds,396
2023-09-23 04:00:00,4,No Holiday,17.0,0.17,0.0,89,Rain,heavy intensity rain,463
2023-09-23 05:00:00,5,No Holiday,12.9,0.0,0.0,78,Mist,mist,259
2023-09-23 06:00:00,6,No Holiday,13.5,0.0,0.0,75,Fog,fog,287
2023-09-23 07:00:00,7,No Holiday,13.0,0.49,0.0,78,Drizzle,light intensity drizzle,2913
2023-09-23 08:00:00,8,No Holiday,14.1,0.0,0.0,76,Clouds,broken clouds,3287
2023-09-23 09:00:00,9,No Holiday,16.1,0.0,0.0,18,Clear,sky is clear,3332
2023-09-23 10:00:00,10,No Holiday,18.8,0.0,0.0,10,Clear,sky is clear,2268
2023-09-23 11:00:00,11,No Holiday,20.1,0.82,0.0,82,Drizzle,light intensity drizzle,2116
2023-09-23 12:00:00,12,No Holiday,18.0,0.0,0.0,74,Clouds,broken clouds,2487
2023-09-23 13:00:00,13,No Holiday,23.2,0.0,0.0,96,Clouds,scattered clouds,2446
2023-09-23 14:00:00,14,No Holiday,21.4,0.0,0.0,19,Clear,sky is clear,2785
2023-09-23 15:00:00,15,No Holiday,24.2,0.0,0.0,59,Clouds,broken clouds,2798
2023-09-23 16:00:00,16,No Holiday,20.6,0.8,0.0,85,Rain,heavy intensity rain,3746
2023-09-23 17:00:00,17,No Holiday,20.2,6.63,0.0,87,Rain,light rain,3471
2023-09-23 18:00:00,18,No Holiday,17.1,0.0,0.0,5,Clear,sky is clear,3605
2023-09-23 19:00:00,19,No Holiday,18.7,0.0,0.0,65,Clouds,overcast clouds,1815
2023-09-23 20:00:00,20,No Holiday,19.7,0.0,0.0,71,Mist,mist,1852
2023-09-23 21:00:00,21,No Holiday,17.8,0.0,0.0,63,Clouds,few clouds,1965
2023-09-23 22:00:00,22,No Holiday,17.2,0.0,0.0,12,Clear,sky is clear,538
2023-09-23 23:00:00,23,No Holiday,15.4,0.0,0.0,53,Clouds,scattered clouds,356
2023-09-24 00:00:00,0,No Holiday,14.5,0.0,0.0,42,Clouds,scattered clouds,424
2023-09-24 01:00:00,1,No Holiday,16.5,0.0,0.0,47,Clouds,broken clouds,520
2023-09-24 02:00:00,2,No Holiday,10.9,0.0,0.0,16,Clear,sky is clear,377
2023-09-24 03:00:00,3,No Holiday,15.6,0.0,0.0,93,Mist,mist,453
2023-09-24 04:00:00,4,No Holiday,14.8,0.0,0.0,12,Clear,sky is clear,520
2023-09-24 05:00:00,5,No Holiday,15.5,0.95,0.0,90,Drizzle,light intensity drizzle,428
2023-09-24 06:00:00,6,No Holiday,15.7,0.0,0.0,1,Clear,sky is clear,431
2023-09-24 07:00:00,7,No Holiday,17.7,0.39,0.0,95,Drizzle,light intensity drizzle,2744
2023-09-24 08:00:00,8,No Holiday,17.2,6.93,0.0,89,Rain,heavy intensity rain,2826
2023-09-24 09:00:00,9,No Holiday,18.9,0.0,0.0,17,Clear,sky is clear,3023
2023-09-24 10:00:00,10,No Holiday,15.4,0.0,0.0,9,Clear,sky is clear,2274
2023-09-24 11:00:00,11,No Holiday,18.1,0.0,0.0,99,Clouds,scattered clouds,2180
2023-09-24 12:00:00,12,No Holiday,17.9,0.0,0.0,1,Clear,sky is clear,2700
2023-09-24 13:00:00,13,No Holiday,16.5,0.0,0.0,17,Clear,sky is clear,2717
2023-09-24 14:00:00,14,No Holiday,23.5,0.0,0.0,91,Clouds,broken clouds,2495
2023-09-24 15:00:00,15,No Holiday,20.5,0.0,0.0,6,Clear,sky is clear,2525
2023-09-24 16:00:00,16,No Holiday,20.1,0.0,0.0,14,Clear,sky is clear,4173
2023-09-24 17:00:00,17,No Holiday,19.9,2.5,0.0,86,Rain,moderate rain,3117
2023-09-24 18:00:00,18,No Holiday,24.8,0.0,0.0,90,Clouds,scattered clouds,3212
2023-09-24 19:00:00,19,No Holiday,18.9,0.03,0.0,80,Rain,light rain,1759
2023-09-24 20:00:00,20,No Holiday,18.7,2.71,0.0,93,Rain,light rain,1566
2023-09-24 21:00:00,21,No Holiday,15.0,0.0,0.0,0,Clear,sky is clear,1793
2023-09-24 22:00:00,22,No Holiday,15.9,0.0,0.0,9,Clear,sky is clear,410
2023-09-24 23:00:00,23,No Holiday,18.5,0.0,0.0,3,Clear,sky is clear,495
2023-09-25 00:00:00,0,No Holiday,18.9,0.0,0.0,17,Clear,sky is clear,814
2023-09-25 01:00:00,1,No Holiday,14.7,0.7,0.0,76,Rain,heavy intensity rain,849
2023-09-25 02:00:00,2,No Holiday,13.9,0.0,0.0,17,Clear,sky is clear,642
2023-09-25 03:00:00,3,No Holiday,13.1,0.0,0.0,62,Clouds,broken clouds,699
2023-09-25 04:00:00,4,No Holiday,16.1,0.0,0.0,5,Clear,sky is clear,714
2023-09-25 05:00:00,5,No Holiday,13.7,0.0,0.0,5,Clear,sky is clear,1037
2023-09-25 06:00:00,6,No Holiday,14.4,0.0,0.0,52,Clouds,few clouds,608
2023-09-25 07:00:00,7,No Holiday,15.9,0.0,0.0,15,Clear,sky is clear,4765
2023-09-25 08:00:00,8,No Holiday,16.1,0.0,0.0,83,Clouds,overcast clouds,4468
2023-09-25 09:00:00,9,No Holiday,15.2,0.0,0.0,75,Fog,fog,4614
2023-09-25 10:00:00,10,No Holiday,17.3,0.0,0.0,18,Clear,sky is clear,3157
2023-09-25 11:00:00,11,No Holiday,19.6,0.0,0.0,14,Clear,sky is clear,3435
2023-09-25 12:00:00,12,No Holiday,19.3,0.0,0.0,15,Clear,sky is clear,3674
2023-09-25 13:00:00,13,No Holiday,17.8,0.0,0.0,34,Clouds,few clouds,3725
2023-09-25 14:00:00,14,No Holiday,19.7,1.17,0.0,83,Rain,light rain,2843
2023-09-25 15:00:00,15,No Holiday,19.9,0.0,0.0,92,Clouds,broken clouds,3642
2023-09-25 16:00:00,16,No Holiday,23.8,0.0,0.0,0,Clear,sky is clear,5269
2023-09-25 17:00:00,17,No Holiday,22.5,0.0,0.0,17,Clear,sky is clear,5237
2023-09-25 18:00:00,18,No Holiday,19.2,0.0,0.0,19,Clear,sky is clear,5835
2023-09-25 19:00:00,19,No Holiday,20.8,0.0,0.0,2,Clear,sky is clear,2785
2023-09-25 20:00:00,20,No Holiday,17.7,0.0,0.0,99,Clouds,few clouds,2820
2023-09-25 21:00:00,21,No Holiday,19.1,0.0,0.0,82,Clouds,broken clouds,2788
2023-09-25 22:00:00,22,No Holiday,17.3,0.0,0.0,53,Clouds,scattered clouds,662
2023-09-25 23:00:00,23,No Holiday,14.5,0.0,0.0,6,Clear,sky is clear,578
2023-09-26 00:00:00,0,No Holiday,15.6,0.0,0.0,1,Clear,sky is clear,771
2023-09-26 01:00:00,1,No Holiday,13.3,0.0,0.0,78,Clouds,broken clouds,972
2023-09-26 02:00:00,2,No Holiday,13.9,0.0,0.0,88,Fog,fog,777
2023-09-26 03:00:00,3,No Holiday,11.5,0.0,0.0,55,Clouds,scattered clouds,476
2023-09-26 04:00:00,4,No Holiday,16.1,0.0,0.0,12,Clear,sky is clear,862
2023-09-26 05:00:00,5,No Holiday,11.6,0.0,0.0,73,Mist,mist,702
2023-09-26 06:00:00,6,No Holiday,16.0,0.0,0.0,8,Clear,sky is clear,561
2023-09-26 07:00:00,7,No Holiday,15.6,0.0,0.0,3,Clear,sky is clear,4598
2023-09-26 08:00:00,8,No Holiday,19.6,0.0,0.0,52,Clouds,few clouds,4906
2023-09-26 09:00:00,9,No Holiday,18.1,0.0,0.0,9,Clear,sky is clear,5293
2023-09-26 10:00:00,10,No Holiday,22.1,0.0,0.0,0,Clear,sky is clear,3440
2023-09-26 11:00:00,11,No Holiday,16.1,0.54,0.0,86,Drizzle,light intensity drizzle,3073
2023-09-26 12:00:00,12,No Holiday,18.4,8.84,0.0,95,Rain,moderate rain,2924
2023-09-26 13:00:00,13,No Holiday,22.4,0.0,0.0,35,Clouds,overcast clouds,3575
2023-09-26 14:00:00,14,No Holiday,23.6,1.4,0.0,93,Rain,moderate rain,3168
2023-09-26 15:00:00,15,No Holiday,22.5,0.0,0.0,82,Clouds,few clouds,3151
2023-09-26 16:00:00,16,No Holiday,20.7,0.0,0.0,19,Clear,sky is clear,5768
2023-09-26 17:00:00,17,No Holiday,21.1,0.0,0.0,32,Clouds,broken clouds,5616
2023-09-26 18:00:00,18,No Holiday,22.0,0.0,0.0,30,Clouds,broken clouds,5577
2023-09-26 19:00:00,19,No Holiday,19.3,0.0,0.0,80,Mist,mist,2951
2023-09-26 20:00:00,20,No Holiday,18.1,0.31,0.0,80,Rain,moderate rain,2519
2023-09-26 21:00:00,21,No Holiday,20.2,0.0,0.0,8,Clear,sky is clear,2925
2023-09-26 22:00:00,22,No Holiday,17.5,0.0,0.0,79,Clouds,few clouds,799
2023-09-26 23:00:00,23,No Holiday,15.3,0.0,0.0,69,Clouds,scattered clouds,925
2023-09-27 00:00:00,0,No Holiday,14.3,0.0,0.0,77,Fog,fog,563
2023-09-27 01:00:00,1,No Holiday,14.2,0.0,0.0,96,Clouds,scattered clouds,724
2023-09-27 02:00:00,2,No Holiday,13.7,0.0,0.0,68,Clouds,overcast clouds,521
2023-09-27 03:00:00,3,No Holiday,13.3,0.0,0.0,44,Clouds,scattered clouds,494
2023-09-27 04:00:00,4,No Holiday,11.7,0.0,0.0,99,Clouds,scattered clouds,715
2023-09-27 05:00:00,5,No Holiday,11.5,0.0,0.0,75,Clouds,broken clouds,701
2023-09-27 06:00:00,6,No Holiday,10.2,0.69,0.0,73,Drizzle,light intensity drizzle,344
2023-09-27 07:00:00,7,No Holiday,17.5,0.0,0.0,5,Clear,sky is clear,5155
2023-09-27 08:00:00,8,No Holiday,15.7,0.0,0.0,99,Clouds,overcast clouds,4649
2023-09-27 09:00:00,9,No Holiday,14.5,0.79,0.0,95,Drizzle,light intensity drizzle,3930
2023-09-27 10:00:00,10,No Holiday,16.7,0.0,0.0,6,Clear,sky is clear,3167
2023-09-27 11:00:00,11,No Holiday,19.1,0.0,0.0,83,Clouds,overcast clouds,3377
2023-09-27 12:00:00,12,No Holiday,18.5,0.0,0.0,96,Clouds,few clouds,3332
2023-09-27 13:00:00,13,No Holiday,18.1,0.0,0.0,41,Clouds,scattered clouds,3832
2023-09-27 14:00:00,14,No Holiday,22.1,0.0,0.0,12,Clear,sky is clear,3436
2023-09-27 15:00:00,15,No Holiday,18.8,0.0,0.0,15,Clear,sky is clear,3239
2023-09-27 16:00:00,16,No Holiday,22.1,0.0,0.0,53,Clouds,few clouds,5324
2023-09-27 17:00:00,17,No Holiday,20.9,0.0,0.0,33,Clouds,scattered clouds,5233
2023-09-27 18:00:00,18,No Holiday,20.7,5.25,0.0,82,Rain,heavy intensity rain,4875
2023-09-27 19:00:00,19,No Holiday,22.6,0.68,0.0,72,Drizzle,light intensity drizzle,2291
2023-09-27 20:00:00,20,No Holiday,19.0,0.0,0.0,99,Clouds,scattered clouds,2796
2023-09-27 21:00:00,21,No Holiday,17.5,0.09,0.0,86,Rain,moderate rain,2422
2023-09-27 22:00:00,22,No Holiday,13.0,0.0,0.0,17,Clear,sky is clear,442
2023-09-27 23:00:00,23,No Holiday,12.7,0.0,0.0,97,Clouds,scattered clouds,660
2023-09-28 00:00:00,0,No Holiday,14.8,2.11,0.0,94,Rain,heavy intensity rain,560
2023-09-28 01:00:00,1,No Holiday,13.7,0.0,0.0,86,Clouds,overcast clouds,713
2023-09-28 02:00:00,2,No Holiday,12.7,0.0,0.0,3,Clear,sky is clear,623
2023-09-28 03:00:00,3,No Holiday,14.8,2.31,0.0,97,Rain,heavy intensity rain,599
2023-09-28 04:00:00,4,No Holiday,16.9,0.0,0.0,71,Clouds,overcast clouds,682
2023-09-28 05:00:00,5,No Holiday,13.1,0.0,0.0,1,Clear,sky is clear,613
2023-09-28 06:00:00,6,No Holiday,16.9,0.0,0.0,7,Clear,sky is clear,698
2023-09-28 07:00:00,7,No Holiday,14.9,0.0,0.0,54,Clouds,broken clouds,4763
2023-09-28 08:00:00,8,No Holiday,15.3,0.0,0.0,5,Clear,sky is clear,5165
2023-09-28 09:00:00,9,No Holiday,17.9,0.33,0.0,93,Rain,moderate rain,4368
2023-09-28 10:00:00,10,No Holiday,18.6,0.0,0.0,96,Clouds,broken clouds,3893
2023-09-28 11:00:00,11,No Holiday,20.5,0.41,0.0,78,Rain,moderate rain,3084
2023-09-28 12:00:00,12,No Holiday,20.5,0.0,0.0,47,Clouds,few clouds,3689
2023-09-28 13:00:00,13,No Holiday,22.4,0.37,0.0,77,Drizzle,light intensity drizzle,3442
2023-09-28 14:00:00,14,No Holiday,23.2,0.0,0.0,95,Mist,mist,3247
2023-09-28 15:00:00,15,No Holiday,24.9,0.0,0.0,17,Clear,sky is clear,3772
2023-09-28 16:00:00,16,No Holiday,19.0,0.0,0.0,6,Clear,sky is clear,5618
2023-09-28 17:00:00,17,No Holiday,19.3,0.0,0.0,77,Clouds,broken clouds,5325
2023-09-28 18:00:00,18,No Holiday,21.2,0.0,0.0,13,Clear,sky is clear,4943
2023-09-28 19:00:00,19,No Holiday,20.8,0.0,0.0,10,Clear,sky is clear,2607
2023-09-28 20:00:00,20,No Holiday,21.1,0.0,0.0,10,Clear,sky is clear,2821
2023-09-28 21:00:00,21,No Holiday,17.0,0.0,0.0,2,Clear,sky is clear,2748
2023-09-28 22:00:00,22,No Holiday,17.0,0.0,0.0,17,Clear,sky is clear,792
2023-09-28 23:00:00,23,No Holiday,12.7,0.0,0.0,99,Clouds,overcast clouds,604
2023-09-29 00:00:00,0,No Holiday,9.3,0.0,0.0,16,Clear,sky is clear,795
2023-09-29 01:00:00,1,No Holiday,13.2,2.95,0.0,71,Rain,heavy intensity rain,652
2023-09-29 02:00:00,2,No Holiday,14.0,0.0,0.0,6,Clear,sky is clear,784
2023-09-29 03:00:00,3,No Holiday,14.0,0.0,0.0,10,Clear,sky is clear,739
2023-09-29 04:00:00,4,No Holiday,17.0,0.0,0.0,18,Clear,sky is clear,724
2023-09-29 05:00:00,5,No Holiday,14.4,3.64,0.0,97,Rain,light rain,541
2023-09-29 06:00:00,6,No Holiday,16.9,0.0,0.0,12,Clear,sky is clear,589
2023-09-29 07:00:00,7,No Holiday,17.8,0.0,0.0,15,Clear,sky is clear,4782
2023-09-29 08:00:00,8,No Holiday,16.7,7.92,0.0,86,Rain,moderate rain,3843
2023-09-29 09:00:00,9,No Holiday,14.6,0.0,0.0,34,Clouds,scattered clouds,4913
2023-09-29 10:00:00,10,No Holiday,17.5,1.99,0.0,97,Rain,moderate rain,2935
2023-09-29 11:00:00,11,No Holiday,20.1,0.0,0.0,84,Thunderstorm,thunderstorm with light rain,1857
2023-09-29 12:00:00,12,No Holiday,18.8,0.0,0.0,88,Fog,fog,2902
2023-09-29 13:00:00,13,No Holiday,22.2,0.0,0.0,12,Clear,sky is clear,3125
2023-09-29 14:00:00,14,No Holiday,18.3,0.0,0.0,94,Clouds,broken clouds,3532
2023-09-29 15:00:00,15,No Holiday,21.3,0.0,0.0,46,Clouds,overcast clouds,3417
2023-09-29 16:00:00,16,No Holiday,18.7,0.0,0.0,15,Clear,sky is clear,5635
2023-09-29 17:00:00,17,No Holiday,19.3,0.1,0.0,76,Drizzle,light intensity drizzle,4737
2023-09-29 18:00:00,18,No Holiday,19.1,0.0,0.0,10,Clear,sky is clear,5502
2023-09-29 19:00:00,19,No Holiday,16.7,0.0,0.0,2,Clear,sky is clear,2681
2023-09-29 20:00:00,20,No Holiday,18.7,0.1,0.0,90,Drizzle,light intensity drizzle,2694
2023-09-29 21:00:00,21,No Holiday,18.4,0.0,0.0,90,Mist,mist,2438
2023-09-29 22:00:00,22,No Holiday,19.3,5.84,0.0,79,Rain,heavy intensity rain,520
2023-09-29 23:00:00,23,No Holiday,11.5,0.44,0.0,90,Rain,moderate rain,706
2023-09-30 00:00:00,0,No Holiday,12.3,0.0,0.0,66,Clouds,scattered clouds,435
2023-09-30 01:00:00,1,No Holiday,13.6,0.0,0.0,57,Clouds,few clouds,507
2023-09-30 02:00:00,2,No Holiday,13.7,0.0,0.0,18,Clear,sky is clear,388
2023-09-30 03:00:00,3,No Holiday,15.4,0.0,0.0,66,Clouds,few clouds,548
2023-09-30 04:00:00,4,No Holiday,14.9,0.0,0.0,12,Clear,sky is clear,346
2023-09-30 05:00:00,5,No Holiday,11.5,0.12,0.0,84,Drizzle,light intensity drizzle,339
2023-09-30 06:00:00,6,No Holiday,16.8,0.74,0.0,71,Rain,heavy intensity rain,353
2023-09-30 07:00:00,7,No Holiday,14.5,0.38,0.0,96,Rain,moderate rain,2794
2023-09-30 08:00:00,8,No Holiday,17.6,0.0,0.0,7,Clear,sky is clear,2800
2023-09-30 09:00:00,9,No Holiday,18.3,0.0,0.0,3,Clear,sky is clear,2934
2023-09-30 10:00:00,10,No Holiday,15.4,0.0,0.0,87,Clouds,overcast clouds,2277
2023-09-30 11:00:00,11,No Holiday,21.1,0.0,0.0,18,Clear,sky is clear,2649
2023-09-30 12:00:00,12,No Holiday,19.0,0.0,0.0,64,Clouds,overcast clouds,2686
2023-09-30 13:00:00,13,No Holiday,18.0,2.2,0.0,73,Rain,moderate rain,2442
2023-09-30 14:00:00,14,No Holiday,20.1,0.0,0.0,0,Clear,sky is clear,2505
2023-09-30 15:00:00,15,No Holiday,22.8,0.0,0.0,5,Clear,sky is clear,2631
2023-09-30 16:00:00,16,No Holiday,23.6,0.0,0.0,75,Mist,mist,3909
2023-09-30 17:00:00,17,No Holiday,20.4,0.0,0.0,90,Thunderstorm,proximity thunderstorm,2469
2023-09-30 18:00:00,18,No Holiday,21.5,0.0,0.0,14,Clear,sky is clear,3038
2023-09-30 19:00:00,19,No Holiday,20.0,0.0,0.0,10,Clear,sky is clear,1852
2023-09-30 20:00:00,20,No Holiday,16.6,0.0,0.0,63,Clouds,overcast clouds,1808
2023-09-30 21:00:00,21,No Holiday,18.4,0.0,0.0,87,Clouds,broken clouds,1700
2023-09-30 22:00:00,22,No Holiday,15.1,0.0,0.0,67,Clouds,overcast clouds,463
2023-09-30 23:00:00,23,No Holiday,16.6,0.0,0.0,18,Clear,sky is clear,381
2023-10-01 00:00:00,0,No Holiday,8.7,0.0,0.0,62,Clouds,scattered clouds,533
2023-10-01 01:00:00,1,No Holiday,10.2,1.53,0.0,90,Rain,light rain,370
2023-10-01 02:00:00,2,No Holiday,7.3,0.0,0.0,83,Mist,mist,424
2023-10-01 03:00:00,3,No Holiday,4.0,1.08,0.0,80,Rain,heavy intensity rain,325
2023-10-01 04:00:00,4,No Holiday,6.6,0.0,0.0,8,Clear,sky is clear,456
2023-10-01 05:00:00,5,No Holiday,1.5,0.0,0.0,65,Clouds,overcast clouds,456
2023-10-01 06:00:00,6,No Holiday,3.0,0.0,0.0,18,Clear,sky is clear,437
2023-10-01 07:00:00,7,No Holiday,11.6,3.05,0.0,94,Rain,heavy intensity rain,2911
2023-10-01 08:00:00,8,No Holiday,11.0,0.0,0.0,17,Clear,sky is clear,3045
2023-10-01 09:00:00,9,No Holiday,9.3,8.35,0.0,79,Rain,moderate rain,2678
2023-10-01 10:00:00,10,No Holiday,13.4,0.0,0.0,11,Clear,sky is clear,2423
2023-10-01 11:00:00,11,No Holiday,12.5,0.0,0.0,1,Clear,sky is clear,2341
2023-10-01 12:00:00,12,No Holiday,12.3,0.0,0.0,0,Clear,sky is clear,2647
2023-10-01 13:00:00,13,No Holiday,17.4,0.0,0.0,39,Clouds,scattered clouds,2821
2023-10-01 14:00:00,14,No Holiday,15.5,0.0,0.0,2,Clear,sky is clear,2696
2023-10-01 15:00:00,15,No Holiday,15.5,0.0,0.0,88,Clouds,few clouds,2862
2023-10-01 16:00:00,16,No Holiday,13.0,0.02,0.0,80,Rain,light rain,3678
2023-10-01 17:00:00,17,No Holiday,13.9,0.0,0.0,14,Clear,sky is clear,4027
2023-10-01 18:00:00,18,No Holiday,9.5,0.0,0.0,86,Clouds,scattered clouds,3281
2023-10-01 19:00:00,19,No Holiday,9.0,0.0,0.0,3,Clear,sky is clear,1915
2023-10-01 20:00:00,20,No Holiday,14.1,0.0,0.0,40,Clouds,scattered clouds,2070
2023-10-01 21:00:00,21,No Holiday,8.8,0.0,0.0,3,Clear,sky is clear,1864
2023-10-01 22:00:00,22,No Holiday,11.3,0.0,0.0,40,Clouds,overcast clouds,319
2023-10-01 23:00:00,23,No Holiday,11.5,0.0,0.0,73,Clouds,overcast clouds,429
2023-10-02 00:00:00,0,No Holiday,10.0,0.0,0.0,16,Clear,sky is clear,851
2023-10-02 01:00:00,1,No Holiday,7.7,0.0,0.0,84,Mist,mist,613
2023-10-02 02:00:00,2,No Holiday,11.3,0.0,0.0,4,Clear,sky is clear,900
2023-10-02 03:00:00,3,No Holiday,4.6,0.0,0.0,15,Clear,sky is clear,671
2023-10-02 04:00:00,4,No Holiday,3.9,0.0,0.0,72,Clouds,few clouds,810
2023-10-02 05:00:00,5,No Holiday,7.4,0.0,0.0,90,Clouds,overcast clouds,611
2023-10-02 06:00:00,6,No Holiday,3.7,0.0,0.0,6,Clear,sky is clear,895
2023-10-02 07:00:00,7,No Holiday,11.4,0.0,0.0,7,Clear,sky is clear,4926
2023-10-02 08:00:00,8,No Holiday,9.9,0.0,0.0,30,Clouds,few clouds,4812
2023-10-02 09:00:00,9,No Holiday,10.3,0.0,0.0,10,Clear,sky is clear,5042
2023-10-02 10:00:00,10,No Holiday,12.1,0.42,0.0,84,Drizzle,light intensity drizzle,2936
2023-10-02 11:00:00,11,No Holiday,10.7,0.0,0.0,68,Clouds,broken clouds,3605
2023-10-02 12:00:00,12,No Holiday,11.3,0.0,0.0,55,Clouds,overcast clouds,3019
2023-10-02 13:00:00,13,No Holiday,15.5,0.0,0.0,0,Clear,sky is clear,3278
2023-10-02 14:00:00,14,No Holiday,16.1,0.0,0.0,43,Clouds,overcast clouds,3358
2023-10-02 15:00:00,15,No Holiday,15.5,0.0,0.0,95,Thunderstorm,proximity thunderstorm,2119
2023-10-02 16:00:00,16,No Holiday,16.3,0.0,0.0,7,Clear,sky is clear,5483
2023-10-02 17:00:00,17,No Holiday,12.4,3.63,0.0,75,Rain,moderate rain,5179
2023-10-02 18:00:00,18,No Holiday,14.3,0.0,0.0,87,Mist,mist,4659
2023-10-02 19:00:00,19,No Holiday,14.4,0.0,0.0,41,Clouds,overcast clouds,3118
2023-10-02 20:00:00,20,No Holiday,11.9,0.0,0.0,53,Clouds,broken clouds,3107
2023-10-02 21:00:00,21,No Holiday,9.2,0.0,0.0,9,Clear,sky is clear,2959
2023-10-02 22:00:00,22,No Holiday,8.9,0.0,0.0,30,Clouds,few clouds,932
2023-10-02 23:00:00,23,No Holiday,8.4,0.0,0.0,19,Clear,sky is clear,517
2023-10-03 00:00:00,0,No Holiday,6.8,0.0,0.0,31,Clouds,broken clouds,708
2023-10-03 01:00:00,1,No Holiday,5.2,0.51,0.0,97,Drizzle,light intensity drizzle,595
2023-10-03 02:00:00,2,No Holiday,3.1,0.0,0.0,46,Clouds,scattered clouds,751
2023-10-03 03:00:00,3,No Holiday,7.6,0.0,0.0,52,Clouds,few clouds,621
2023-10-03 04:00:00,4,No Holiday,6.4,0.0,0.0,39,Clouds,broken clouds,348
2023-10-03 05:00:00,5,No Holiday,5.0,0.0,0.0,2,Clear,sky is clear,663
2023-10-03 06:00:00,6,No Holiday,8.6,0.0,0.0,11,Clear,sky is clear,941
2023-10-03 07:00:00,7,No Holiday,7.3,0.0,0.0,13,Clear,sky is clear,4329
2023-10-03 08:00:00,8,No Holiday,6.9,0.0,0.0,19,Clear,sky is clear,4895
2023-10-03 09:00:00,9,No Holiday,10.4,0.0,0.0,12,Clear,sky is clear,4536
2023-10-03 10:00:00,10,No Holiday,11.9,0.0,0.0,12,Clear,sky is clear,3592
2023-10-03 11:00:00,11,No Holiday,8.9,0.56,0.0,94,Drizzle,light intensity drizzle,3380
2023-10-03 12:00:00,12,No Holiday,15.2,0.0,0.0,16,Clear,sky is clear,3563
2023-10-03 13:00:00,13,No Holiday,16.7,0.0,0.0,4,Clear,sky is clear,3414
2023-10-03 14:00:00,14,No Holiday,15.2,0.0,0.0,6,Clear,sky is clear,3229
2023-10-03 15:00:00,15,No Holiday,10.7,0.0,0.0,43,Clouds,few clouds,3130
2023-10-03 16:00:00,16,No Holiday,11.9,0.0,0.0,11,Clear,sky is clear,5237
2023-10-03 17:00:00,17,No Holiday,11.6,0.0,0.0,16,Clear,sky is clear,5428
2023-10-03 18:00:00,18,No Holiday,10.1,0.0,0.0,71,Fog,fog,4610
2023-10-03 19:00:00,19,No Holiday,11.1,0.0,0.0,45,Clouds,few clouds,2681
2023-10-03 20:00:00,20,No Holiday,11.7,1.02,0.0,97,Rain,moderate rain,2791
2023-10-03 21:00:00,21,No Holiday,6.9,0.0,0.0,71,Clouds,overcast clouds,3040
2023-10-03 22:00:00,22,No Holiday,11.5,0.0,0.0,3,Clear,sky is clear,841
2023-10-03 23:00:00,23,No Holiday,12.2,1.93,0.0,76,Rain,heavy intensity rain,668
2023-10-04 00:00:00,0,No Holiday,9.6,2.74,0.0,79,Rain,moderate rain,450
2023-10-04 01:00:00,1,No Holiday,5.8,0.0,0.0,11,Clear,sky is clear,791
2023-10-04 02:00:00,2,No Holiday,1.0,0.0,0.0,11,Clear,sky is clear,733
2023-10-04 03:00:00,3,No Holiday,6.5,0.0,0.0,11,Clear,sky is clear,405
2023-10-04 04:00:00,4,No Holiday,4.7,0.0,0.0,58,Clouds,broken clouds,779
2023-10-04 05:00:00,5,No Holiday,5.0,0.0,0.0,86,Clouds,few clouds,812
2023-10-04 06:00:00,6,No Holiday,8.1,0.0,0.0,13,Clear,sky is clear,641
2023-10-04 07:00:00,7,No Holiday,7.4,0.0,0.0,87,Mist,mist,4395
2023-10-04 08:00:00,8,No Holiday,8.5,0.0,0.0,10,Clear,sky is clear,4552
2023-10-04 09:00:00,9,No Holiday,9.8,0.0,0.0,5,Clear,sky is clear,5088
2023-10-04 10:00:00,10,No Holiday,12.6,0.0,0.0,7,Clear,sky is clear,3314
2023-10-04 11:00:00,11,No Holiday,8.8,0.0,0.0,76,Fog,fog,3177
2023-10-04 12:00:00,12,No Holiday,11.2,0.42,0.0,98,Rain,light rain,3156
2023-10-04 13:00:00,13,No Holiday,12.7,0.0,0.0,11,Clear,sky is clear,3763
2023-10-04 14:00:00,14,No Holiday,10.1,0.0,0.0,11,Clear,sky is clear,3777
2023-10-04 15:00:00,15,No Holiday,14.7,1.4,0.0,79,Rain,heavy intensity rain,2965
2023-10-04 16:00:00,16,No Holiday,13.8,0.33,0.0,97,Drizzle,light intensity drizzle,4604
2023-10-04 17:00:00,17,No Holiday,14.6,0.0,0.0,0,Clear,sky is clear,5302
2023-10-04 18:00:00,18,No Holiday,13.3,0.0,0.0,97,Thunderstorm,proximity thunderstorm,3364
2023-10-04 19:00:00,19,No Holiday,14.1,0.0,0.0,14,Clear,sky is clear,2909
2023-10-04 20:00:00,20,No Holiday,11.3,0.0,0.0,55,Clouds,overcast clouds,2811
2023-10-04 21:00:00,21,No Holiday,11.5,0.0,0.0,8,Clear,sky is clear,2930
2023-10-04 22:00:00,22,No Holiday,7.3,0.0,0.0,90,Mist,mist,748
2023-10-04 23:00:00,23,No Holiday,6.4,0.0,0.0,5,Clear,sky is clear,507
2023-10-05 00:00:00,0,No Holiday,7.4,0.76,0.0,71,Rain,moderate rain,917
2023-10-05 01:00:00,1,No Holiday,8.6,0.0,0.0,10,Clear,sky is clear,703
2023-10-05 02:00:00,2,No Holiday,7.9,0.0,0.0,10,Clear,sky is clear,727
2023-10-05 03:00:00,3,No Holiday,5.5,0.0,0.0,71,Thunderstorm,proximity thunderstorm,331
2023-10-05 04:00:00,4,No Holiday,9.3,0.5,0.0,99,Drizzle,light intensity drizzle,717
2023-10-05 05:00:00,5,No Holiday,4.6,0.0,0.0,0,Clear,sky is clear,807
2023-10-05 06:00:00,6,No Holiday,6.5,0.0,0.0,13,Clear,sky is clear,899
2023-10-05 07:00:00,7,No Holiday,10.5,0.0,0.0,76,Clouds,scattered clouds,4798
2023-10-05 08:00:00,8,No Holiday,8.0,0.0,0.0,18,Clear,sky is clear,4981
2023-10-05 09:00:00,9,No Holiday,9.3,0.0,0.0,12,Clear,sky is clear,5057
2023-10-05 10:00:00,10,No Holiday,11.6,0.0,0.0,98,Mist,mist,3669
2023-10-05 11:00:00,11,No Holiday,10.4,0.0,0.0,17,Clear,sky is clear,3534
2023-10-05 12:00:00,12,No Holiday,12.8,0.0,0.0,0,Clear,sky is clear,3181
2023-10-05 13:00:00,13,No Holiday,9.5,1.62,0.0,96,Rain,heavy intensity rain,3007
2023-10-05 14:00:00,14,No Holiday,14.1,0.0,0.0,8,Clear,sky is clear,3513
2023-10-05 15:00:00,15,No Holiday,12.0,0.0,0.0,17,Clear,sky is clear,3904
2023-10-05 16:00:00,16,No Holiday,13.7,0.0,0.0,9,Clear,sky is clear,5745
2023-10-05 17:00:00,17,No Holiday,13.5,0.88,0.0,85,Rain,heavy intensity rain,4764
2023-10-05 18:00:00,18,No Holiday,12.1,0.0,0.0,4,Clear,sky is clear,5359
2023-10-05 19:00:00,19,No Holiday,15.1,0.0,0.0,86,Clouds,few clouds,2730
2023-10-05 20:00:00,20,No Holiday,11.5,0.0,0.0,84,Fog,fog,2818
2023-10-05 21:00:00,21,No Holiday,6.0,0.0,0.0,37,Clouds,scattered clouds,2762
2023-10-05 22:00:00,22,No Holiday,11.6,0.0,0.0,0,Clear,sky is clear,699
2023-10-05 23:00:00,23,No Holiday,6.7,0.0,0.0,14,Clear,sky is clear,906
2023-10-06 00:00:00,0,No Holiday,3.8,0.0,0.0,94,Thunderstorm,thunderstorm with light rain,432
2023-10-06 01:00:00,1,No Holiday,7.7,0.0,0.0,42,Clouds,scattered clouds,503
2023-10-06 02:00:00,2,No Holiday,4.7,0.63,0.0,92,Rain,moderate rain,422
2023-10-06 03:00:00,3,No Holiday,5.3,0.0,0.0,16,Clear,sky is clear,1021
2023-10-06 04:00:00,4,No Holiday,4.8,0.0,0.0,13,Clear,sky is clear,819
2023-10-06 05:00:00,5,No Holiday,7.8,0.0,0.0,16,Clear,sky is clear,1090
2023-10-06 06:00:00,6,No Holiday,10.6,0.0,0.0,67,Clouds,few clouds,520
2023-10-06 07:00:00,7,No Holiday,7.8,0.0,0.0,93,Clouds,scattered clouds,4500
2023-10-06 08:00:00,8,No Holiday,11.5,0.0,0.0,71,Fog,fog,4600
2023-10-06 09:00:00,9,No Holiday,6.5,0.0,0.0,17,Clear,sky is clear,5023
2023-10-06 10:00:00,10,No Holiday,15.6,0.0,0.0,39,Clouds,scattered clouds,3739
2023-10-06 11:00:00,11,No Holiday,14.8,0.0,0.0,14,Clear,sky is clear,3576
2023-10-06 12:00:00,12,No Holiday,7.5,0.0,0.0,74,Fog,fog,2702
2023-10-06 13:00:00,13,No Holiday,11.1,0.0,0.0,50,Clouds,broken clouds,3893
2023-10-06 14:00:00,14,No Holiday,13.2,0.0,0.0,4,Clear,sky is clear,3043
2023-10-06 15:00:00,15,No Holiday,14.2,0.0,0.0,13,Clear,sky is clear,3553
2023-10-06 16:00:00,16,No Holiday,12.9,0.0,0.0,87,Clouds,overcast clouds,5177
2023-10-06 17:00:00,17,No Holiday,13.5,0.22,0.0,72,Drizzle,light intensity drizzle,5112
2023-10-06 18:00:00,18,No Holiday,12.9,0.0,0.0,86,Clouds,few clouds,5064
2023-10-06 19:00:00,19,No Holiday,13.3,0.0,0.0,35,Clouds,few clouds,2971
2023-10-06 20:00:00,20,No Holiday,11.1,0.0,0.0,83,Mist,mist,2553
2023-10-06 21:00:00,21,No Holiday,10.0,3.16,0.0,90,Rain,heavy intensity rain,2639
2023-10-06 22:00:00,22,No Holiday,8.7,0.0,0.0,4,Clear,sky is clear,1041
2023-10-06 23:00:00,23,No Holiday,8.7,0.0,0.0,99,Clouds,overcast clouds,468
2023-10-07 00:00:00,0,No Holiday,8.3,0.0,0.0,72,Mist,mist,577
2023-10-07 01:00:00,1,No Holiday,3.1,0.0,0.0,91,Clouds,scattered clouds,328
2023-10-07 02:00:00,2,No Holiday,6.0,0.0,0.0,8,Clear,sky is clear,420
2023-10-07 03:00:00,3,No Holiday,3.4,0.0,0.0,2,Clear,sky is clear,491
2023-10-07 04:00:00,4,No Holiday,7.6,0.0,0.0,96,Thunderstorm,proximity thunderstorm,184
2023-10-07 05:00:00,5,No Holiday,7.6,0.0,0.0,19,Clear,sky is clear,327
2023-10-07 06:00:00,6,No Holiday,5.8,0.0,0.0,60,Clouds,broken clouds,302
2023-10-07 07:00:00,7,No Holiday,7.0,11.54,0.0,79,Rain,moderate rain,2663
2023-10-07 08:00:00,8,No Holiday,7.7,0.0,0.0,10,Clear,sky is clear,3406
2023-10-07 09:00:00,9,No Holiday,9.4,0.0,0.0,16,Clear,sky is clear,3249
2023-10-07 10:00:00,10,No Holiday,7.7,0.0,0.0,11,Clear,sky is clear,2240
2023-10-07 11:00:00,11,No Holiday,14.0,0.0,0.0,91,Clouds,broken clouds,2494
2023-10-07 12:00:00,12,No Holiday,13.0,0.0,0.0,82,Clouds,overcast clouds,2526
2023-10-07 13:00:00,13,No Holiday,12.8,0.0,0.0,10,Clear,sky is clear,2571
2023-10-07 14:00:00,14,No Holiday,14.7,0.0,0.0,2,Clear,sky is clear,2793
2023-10-07 15:00:00,15,No Holiday,12.7,0.0,0.0,19,Clear,sky is clear,2582
2023-10-07 16:00:00,16,No Holiday,13.0,0.97,0.0,73,Drizzle,light intensity drizzle,3706
2023-10-07 17:00:00,17,No Holiday,14.1,0.53,0.0,89,Rain,heavy intensity rain,3686
2023-10-07 18:00:00,18,No Holiday,11.0,1.34,0.0,78,Rain,light rain,3189
2023-10-07 19:00:00,19,No Holiday,11.9,0.0,0.0,16,Clear,sky is clear,1744
2023-10-07 20:00:00,20,No Holiday,12.2,0.0,0.0,10,Clear,sky is clear,1769
2023-10-07 21:00:00,21,No Holiday,11.5,0.0,0.0,6,Clear,sky is clear,2071
2023-10-07 22:00:00,22,No Holiday,8.7,0.0,0.0,42,Clouds,few clouds,445
2023-10-07 23:00:00,23,No Holiday,7.9,0.0,0.0,8,Clear,sky is clear,404
2023-10-08 00:00:00,0,No Holiday,9.3,0.0,0.0,54,Clouds,few clouds,396
2023-10-08 01:00:00,1,No Holiday,6.9,0.0,0.0,64,Clouds,overcast clouds,537
2023-10-08 02:00:00,2,No Holiday,6.8,0.0,0.0,12,Clear,sky is clear,502
2023-10-08 03:00:00,3,No Holiday,6.8,0.0,0.0,7,Clear,sky is clear,396
2023-10-08 04:00:00,4,No Holiday,3.7,0.0,0.0,98,Thunderstorm,thunderstorm with light rain,257
2023-10-08 05:00:00,5,No Holiday,7.9,0.0,0.0,9,Clear,sky is clear,564
2023-10-08 06:00:00,6,No Holiday,7.8,0.51,0.0,76,Drizzle,light intensity drizzle,428
2023-10-08 07:00:00,7,No Holiday,6.8,0.0,0.0,8,Clear,sky is clear,3382
2023-10-08 08:00:00,8,No Holiday,10.7,1.35,0.0,72,Rain,heavy intensity rain,2735
2023-10-08 09:00:00,9,No Holiday,9.9,0.0,0.0,17,Clear,sky is clear,3104
2023-10-08 10:00:00,10,No Holiday,13.6,0.63,0.0,83,Rain,moderate rain,1617
2023-10-08 11:00:00,11,No Holiday,11.5,0.0,0.0,3,Clear,sky is clear,2466
2023-10-08 12:00:00,12,No Holiday,13.6,0.0,0.0,4,Clear,sky is clear,3252
2023-10-08 13:00:00,13,No Holiday,11.3,0.0,0.0,38,Clouds,scattered clouds,2648
2023-10-08 14:00:00,14,No Holiday,12.8,0.0,0.0,36,Clouds,broken clouds,2825
2023-10-08 15:00:00,15,No Holiday,12.7,0.0,0.0,4,Clear,sky is clear,2785
2023-10-08 16:00:00,16,No Holiday,17.3,0.0,0.0,1,Clear,sky is clear,4166
2023-10-08 17:00:00,17,No Holiday,13.8,0.67,0.0,84,Drizzle,light intensity drizzle,3395
2023-10-08 18:00:00,18,No Holiday,14.3,0.0,0.0,11,Clear,sky is clear,3785
2023-10-08 19:00:00,19,No Holiday,8.3,0.0,0.0,4,Clear,sky is clear,1858
2023-10-08 20:00:00,20,No Holiday,9.1,0.0,0.0,83,Mist,mist,1664
2023-10-08 21:00:00,21,No Holiday,10.4,0.0,0.0,13,Clear,sky is clear,1592
2023-10-08 22:00:00,22,No Holiday,13.8,0.0,0.0,74,Clouds,scattered clouds,513
2023-10-08 23:00:00,23,No Holiday,9.5,0.0,0.0,19,Clear,sky is clear,283
2023-10-09 00:00:00,0,Columbus Day,8.6,0.0,0.0,83,Clouds,few clouds,324
2023-10-09 01:00:00,1,Columbus Day,4.9,0.0,0.0,7,Clear,sky is clear,352
2023-10-09 02:00:00,2,Columbus Day,5.2,0.0,0.0,63,Clouds,few clouds,387
2023-10-09 03:00:00,3,Columbus Day,9.0,0.0,0.0,14,Clear,sky is clear,315
2023-10-09 04:00:00,4,Columbus Day,4.3,0.0,0.0,6,Clear,sky is clear,350
2023-10-09 05:00:00,5,Columbus Day,5.2,0.0,0.0,10,Clear,sky is clear,198
2023-10-09 06:00:00,6,Columbus Day,7.9,0.0,0.0,15,Clear,sky is clear,353
2023-10-09 07:00:00,7,Columbus Day,9.4,0.0,0.0,8,Clear,sky is clear,2201
2023-10-09 08:00:00,8,Columbus Day,8.7,0.0,0.0,9,Clear,sky is clear,2176
2023-10-09 09:00:00,9,Columbus Day,10.5,0.0,0.0,73,Mist,mist,1914
2023-10-09 10:00:00,10,Columbus Day,11.6,0.0,0.0,5,Clear,sky is clear,1555
2023-10-09 11:00:00,11,Columbus Day,11.9,0.0,0.0,60,Clouds,few clouds,1575
2023-10-09 12:00:00,12,Columbus Day,9.9,0.0,0.0,92,Clouds,scattered clouds,1500
2023-10-09 13:00:00,13,Columbus Day,12.0,0.0,0.0,4,Clear,sky is clear,1554
2023-10-09 14:00:00,14,Columbus Day,14.2,0.0,0.0,5,Clear,sky is clear,1606
2023-10-09 15:00:00,15,Columbus Day,11.6,0.0,0.0,73,Clouds,scattered clouds,1633
2023-10-09 16:00:00,16,Columbus Day,13.7,0.0,0.0,41,Clouds,overcast clouds,2305
2023-10-09 17:00:00,17,Columbus Day,11.8,0.0,0.0,92,Clouds,overcast clouds,2347
2023-10-09 18:00:00,18,Columbus Day,12.1,0.0,0.0,90,Mist,mist,2166
2023-10-09 19:00:00,19,Columbus Day,14.5,1.06,0.0,73,Rain,light rain,1193
2023-10-09 20:00:00,20,Columbus Day,8.1,0.0,0.0,69,Clouds,overcast clouds,1396
2023-10-09 21:00:00,21,Columbus Day,12.4,0.0,0.0,19,Clear,sky is clear,1407
2023-10-09 22:00:00,22,Columbus Day,8.4,0.0,0.0,1,Clear,sky is clear,340
2023-10-09 23:00:00,23,Columbus Day,2.7,1.28,0.0,92,Rain,light rain,233
2023-10-10 00:00:00,0,No Holiday,9.2,0.0,0.0,7,Clear,sky is clear,772
2023-10-10 01:00:00,1,No Holiday,5.3,0.0,0.0,0,Clear,sky is clear,745
2023-10-10 02:00:00,2,No Holiday,6.2,0.0,0.0,83,Mist,mist,786
2023-10-10 03:00:00,3,No Holiday,6.7,0.11,0.0,96,Rain,heavy intensity rain,659
2023-10-10 04:00:00,4,No Holiday,2.9,0.0,0.0,10,Clear,sky is clear,799
2023-10-10 05:00:00,5,No Holiday,5.7,0.0,0.0,35,Clouds,few clouds,766
2023-10-10 06:00:00,6,No Holiday,6.9,0.0,0.0,43,Clouds,overcast clouds,689
2023-10-10 07:00:00,7,No Holiday,6.8,1.57,0.0,77,Rain,moderate rain,4246
2023-10-10 08:00:00,8,No Holiday,10.0,0.0,0.0,4,Clear,sky is clear,4574
2023-10-10 09:00:00,9,No Holiday,10.1,0.0,0.0,86,Thunderstorm,proximity thunderstorm,2890
2023-10-10 10:00:00,10,No Holiday,14.8,0.0,0.0,42,Clouds,broken clouds,3366
2023-10-10 11:00:00,11,No Holiday,14.6,0.0,0.0,52,Clouds,broken clouds,3653
2023-10-10 12:00:00,12,No Holiday,12.0,0.0,0.0,19,Clear,sky is clear,3219
2023-10-10 13:00:00,13,No Holiday,10.5,0.0,0.0,71,Clouds,broken clouds,3802
2023-10-10 14:00:00,14,No Holiday,10.7,0.0,0.0,86,Clouds,scattered clouds,3803
2023-10-10 15:00:00,15,No Holiday,16.6,0.0,0.0,56,Clouds,overcast clouds,3256
2023-10-10 16:00:00,16,No Holiday,16.0,0.0,0.0,15,Clear,sky is clear,5760
2023-10-10 17:00:00,17,No Holiday,11.6,0.0,0.0,10,Clear,sky is clear,5604
2023-10-10 18:00:00,18,No Holiday,12.2,0.0,0.0,9,Clear,sky is clear,5173
2023-10-10 19:00:00,19,No Holiday,8.6,0.0,0.0,76,Clouds,broken clouds,3295
2023-10-10 20:00:00,20,No Holiday,11.9,0.0,0.0,40,Clouds,few clouds,2785
2023-10-10 21:00:00,21,No Holiday,10.5,0.0,0.0,18,Clear,sky is clear,2793
2023-10-10 22:00:00,22,No Holiday,10.3,0.0,0.0,18,Clear,sky is clear,861
2023-10-10 23:00:00,23,No Holiday,11.0,2.85,0.0,72,Rain,moderate rain,521
2023-10-11 00:00:00,0,No Holiday,7.7,2.22,0.0,91,Rain,heavy intensity rain,566
2023-10-11 01:00:00,1,No Holiday,7.3,0.0,0.0,75,Clouds,overcast clouds,734
2023-10-11 02:00:00,2,No Holiday,5.2,0.0,0.0,11,Clear,sky is clear,846
2023-10-11 03:00:00,3,No Holiday,4.3,0.35,0.0,72,Rain,moderate rain,953
2023-10-11 04:00:00,4,No Holiday,1.8,5.69,0.0,90,Rain,heavy intensity rain,719
2023-10-11 05:00:00,5,No Holiday,5.8,0.0,0.0,59,Clouds,overcast clouds,489
2023-10-11 06:00:00,6,No Holiday,5.8,0.0,0.0,88,Fog,fog,800
2023-10-11 07:00:00,7,No Holiday,11.0,3.15,0.0,93,Rain,light rain,4393
2023-10-11 08:00:00,8,No Holiday,9.4,0.0,0.0,51,Clouds,scattered clouds,4940
2023-10-11 09:00:00,9,No Holiday,9.9,0.0,0.0,0,Clear,sky is clear,4481
2023-10-11 10:00:00,10,No Holiday,10.8,0.0,0.0,16,Clear,sky is clear,3305
2023-10-11 11:00:00,11,No Holiday,9.4,0.0,0.0,11,Clear,sky is clear,3258
2023-10-11 12:00:00,12,No Holiday,9.9,0.0,0.0,90,Clouds,scattered clouds,3085
2023-10-11 13:00:00,13,No Holiday,13.1,0.0,0.0,7,Clear,sky is clear,3277
2023-10-11 14:00:00,14,No Holiday,16.0,0.0,0.0,14,Clear,sky is clear,3372
2023-10-11 15:00:00,15,No Holiday,15.7,0.0,0.0,87,Clouds,overcast clouds,3607
2023-10-11 16:00:00,16,No Holiday,14.1,0.0,0.0,4,Clear,sky is clear,6181
2023-10-11 17:00:00,17,No Holiday,10.6,0.0,0.0,11,Clear,sky is clear,5269
2023-10-11 18:00:00,18,No Holiday,13.1,0.0,0.0,30,Clouds,broken clouds,5066
2023-10-11 19:00:00,19,No Holiday,14.6,1.89,0.0,86,Rain,heavy intensity rain,2280
2023-10-11 20:00:00,20,No Holiday,10.0,0.0,0.0,73,Thunderstorm,thunderstorm with light rain,1758
2023-10-11 21:00:00,21,No Holiday,13.5,0.0,0.0,14,Clear,sky is clear,2681
2023-10-11 22:00:00,22,No Holiday,7.8,0.0,0.0,18,Clear,sky is clear,540
2023-10-11 23:00:00,23,No Holiday,8.1,0.0,0.0,83,Clouds,overcast clouds,473
2023-10-12 00:00:00,0,No Holiday,6.3,0.0,0.0,5,Clear,sky is clear,661
2023-10-12 01:00:00,1,No Holiday,3.2,6.7,0.0,85,Rain,light rain,616
2023-10-12 02:00:00,2,No Holiday,5.8,0.0,0.0,19,Clear,sky is clear,635
2023-10-12 03:00:00,3,No Holiday,9.1,0.0,0.0,52,Clouds,overcast clouds,724
2023-10-12 04:00:00,4,No Holiday,4.5,0.0,0.0,91,Clouds,broken clouds,645
2023-10-12 05:00:00,5,No Holiday,4.3,0.0,0.0,3,Clear,sky is clear,600
2023-10-12 06:00:00,6,No Holiday,5.1,0.0,0.0,91,Clouds,few clouds,832
2023-10-12 07:00:00,7,No Holiday,7.4,0.0,0.0,74,Mist,mist,4788
2023-10-12 08:00:00,8,No Holiday,5.8,0.0,0.0,2,Clear,sky is clear,5298
2023-10-12 09:00:00,9,No Holiday,11.9,0.0,0.0,4,Clear,sky is clear,4737
2023-10-12 10:00:00,10,No Holiday,13.2,0.0,0.0,10,Clear,sky is clear,3470
2023-10-12 11:00:00,11,No Holiday,16.6,0.0,0.0,99,Mist,mist,2943
2023-10-12 12:00:00,12,No Holiday,14.6,0.04,0.0,93,Rain,moderate rain,3152
2023-10-12 13:00:00,13,No Holiday,9.4,0.0,0.0,6,Clear,sky is clear,3549
2023-10-12 14:00:00,14,No Holiday,15.3,0.0,0.0,5,Clear,sky is clear,3220
2023-10-12 15:00:00,15,No Holiday,12.8,0.0,0.0,93,Clouds,scattered clouds,3469
2023-10-12 16:00:00,16,No Holiday,12.5,0.0,0.0,6,Clear,sky is clear,4808
2023-10-12 17:00:00,17,No Holiday,10.8,0.0,0.0,14,Clear,sky is clear,4665
2023-10-12 18:00:00,18,No Holiday,14.1,0.0,0.0,33,Clouds,broken clouds,5489
2023-10-12 19:00:00,19,No Holiday,15.0,0.0,0.0,31,Clouds,scattered clouds,3102
2023-10-12 20:00:00,20,No Holiday,9.8,0.0,0.0,14,Clear,sky is clear,2885
2023-10-12 21:00:00,21,No Holiday,8.3,0.0,0.0,54,Clouds,overcast clouds,2755
2023-10-12 22:00:00,22,No Holiday,7.7,0.0,0.0,63,Clouds,few clouds,668
2023-10-12 23:00:00,23,No Holiday,9.2,0.0,0.0,18,Clear,sky is clear,1001
2023-10-13 00:00:00,0,No Holiday,7.1,0.0,0.0,14,Clear,sky is clear,1039
2023-10-13 01:00:00,1,No Holiday,6.0,0.0,0.0,90,Thunderstorm,proximity thunderstorm,583
2023-10-13 02:00:00,2,No Holiday,8.9,0.0,0.0,37,Clouds,few clouds,712
2023-10-13 03:00:00,3,No Holiday,6.5,0.0,0.0,6,Clear,sky is clear,822
2023-10-13 04:00:00,4,No Holiday,4.7,0.0,0.0,16,Clear,sky is clear,561
2023-10-13 05:00:00,5,No Holiday,8.8,0.0,0.0,54,Clouds,overcast clouds,867
2023-10-13 06:00:00,6,No Holiday,5.5,0.0,0.0,13,Clear,sky is clear,988
2023-10-13 07:00:00,7,No Holiday,6.5,0.0,0.0,40,Clouds,scattered clouds,4677
2023-10-13 08:00:00,8,No Holiday,10.7,0.0,0.0,11,Clear,sky is clear,4516
2023-10-13 09:00:00,9,No Holiday,12.5,0.0,0.0,76,Mist,mist,4207
2023-10-13 10:00:00,10,No Holiday,9.6,0.92,0.0,90,Rain,heavy intensity rain,3120
2023-10-13 11:00:00,11,No Holiday,13.7,3.61,0.0,85,Rain,light rain,3101
2023-10-13 12:00:00,12,No Holiday,12.6,0.0,0.0,12,Clear,sky is clear,3829
2023-10-13 13:00:00,13,No Holiday,12.5,0.0,0.0,11,Clear,sky is clear,3390
2023-10-13 14:00:00,14,No Holiday,12.2,0.0,0.0,80,Clouds,overcast clouds,3793
2023-10-13 15:00:00,15,No Holiday,8.3,0.0,0.0,71,Fog,fog,3437
2023-10-13 16:00:00,16,No Holiday,12.5,0.0,0.0,18,Clear,sky is clear,5559
2023-10-13 17:00:00,17,No Holiday,15.8,0.0,0.0,49,Clouds,broken clouds,5182
2023-10-13 18:00:00,18,No Holiday,12.3,0.0,0.0,65,Clouds,few clouds,5754
2023-10-13 19:00:00,19,No Holiday,12.7,0.0,0.0,57,Clouds,scattered clouds,2966
2023-10-13 20:00:00,20,No Holiday,10.7,0.0,0.0,16,Clear,sky is clear,2874
2023-10-13 21:00:00,21,No Holiday,6.9,0.0,0.0,52,Clouds,few clouds,2810
2023-10-13 22:00:00,22,No Holiday,6.6,0.55,0.0,80,Rain,heavy intensity rain,768
2023-10-13 23:00:00,23,No Holiday,7.0,5.09,0.0,98,Rain,heavy intensity rain,868
2023-10-14 00:00:00,0,No Holiday,7.0,0.3,0.0,77,Rain,light rain,271
2023-10-14 01:00:00,1,No Holiday,5.1,0.0,0.0,18,Clear,sky is clear,566
2023-10-14 02:00:00,2,No Holiday,6.2,0.0,0.0,8,Clear,sky is clear,496
2023-10-14 03:00:00,3,No Holiday,8.7,0.0,0.0,67,Clouds,overcast clouds,491
2023-10-14 04:00:00,4,No Holiday,7.8,0.0,0.0,4,Clear,sky is clear,556
2023-10-14 05:00:00,5,No Holiday,7.6,4.47,0.0,81,Rain,heavy intensity rain,495
2023-10-14 06:00:00,6,No Holiday,11.2,0.0,0.0,17,Clear,sky is clear,469
2023-10-14 07:00:00,7,No Holiday,9.5,0.96,0.0,94,Drizzle,light intensity drizzle,2478
2023-10-14 08:00:00,8,No Holiday,10.4,0.0,0.0,14,Clear,sky is clear,3163
2023-10-14 09:00:00,9,No Holiday,8.4,0.0,0.0,11,Clear,sky is clear,2948
2023-10-14 10:00:00,10,No Holiday,9.7,0.4,0.0,98,Drizzle,light intensity drizzle,1981
2023-10-14 11:00:00,11,No Holiday,10.3,0.0,0.0,3,Clear,sky is clear,2153
2023-10-14 12:00:00,12,No Holiday,12.9,0.0,0.0,10,Clear,sky is clear,2725
2023-10-14 13:00:00,13,No Holiday,15.9,0.0,0.0,81,Clouds,overcast clouds,2627
2023-10-14 14:00:00,14,No Holiday,13.0,0.0,0.0,5,Clear,sky is clear,2622
2023-10-14 15:00:00,15,No Holiday,12.1,0.0,0.0,3,Clear,sky is clear,2688
2023-10-14 16:00:00,16,No Holiday,13.6,0.0,0.0,14,Clear,sky is clear,4554
2023-10-14 17:00:00,17,No Holiday,13.5,0.0,0.0,70,Clouds,scattered clouds,4320
2023-10-14 18:00:00,18,No Holiday,14.7,0.0,0.0,18,Clear,sky is clear,3554
2023-10-14 19:00:00,19,No Holiday,13.1,0.0,0.0,16,Clear,sky is clear,2238
2023-10-14 20:00:00,20,No Holiday,10.2,0.0,0.0,43,Clouds,few clouds,1924
2023-10-14 21:00:00,21,No Holiday,10.3,0.0,0.0,9,Clear,sky is clear,1767
2023-10-14 22:00:00,22,No Holiday,7.9,0.0,0.0,3,Clear,sky is clear,526
2023-10-14 23:00:00,23,No Holiday,3.5,0.0,0.0,66,Clouds,broken clouds,469
2023-10-15 00:00:00,0,No Holiday,4.7,0.0,0.0,16,Clear,sky is clear,507
2023-10-15 01:00:00,1,No Holiday,5.9,0.0,0.0,59,Clouds,overcast clouds,449
2023-10-15 02:00:00,2,No Holiday,5.1,0.0,0.0,14,Clear,sky is clear,396
2023-10-15 03:00:00,3,No Holiday,4.1,4.2,0.0,91,Rain,moderate rain,377
2023-10-15 04:00:00,4,No Holiday,6.7,0.0,0.0,81,Clouds,few clouds,557
2023-10-15 05:00:00,5,No Holiday,9.6,0.0,0.0,16,Clear,sky is clear,330
2023-10-15 06:00:00,6,No Holiday,6.8,0.0,0.0,99,Mist,mist,385
2023-10-15 07:00:00,7,No Holiday,6.8,0.94,0.0,99,Drizzle,light intensity drizzle,2753
2023-10-15 08:00:00,8,No Holiday,9.9,0.0,0.0,32,Clouds,scattered clouds,3303
2023-10-15 09:00:00,9,No Holiday,11.3,0.0,0.0,84,Clouds,broken clouds,2928
2023-10-15 10:00:00,10,No Holiday,12.0,0.0,0.0,5,Clear,sky is clear,2202
2023-10-15 11:00:00,11,No Holiday,9.4,0.0,0.0,17,Clear,sky is clear,2580
2023-10-15 12:00:00,12,No Holiday,10.9,0.0,0.0,16,Clear,sky is clear,2563
2023-10-15 13:00:00,13,No Holiday,13.9,0.0,0.0,18,Clear,sky is clear,2604
2023-10-15 14:00:00,14,No Holiday,13.6,0.0,0.0,15,Clear,sky is clear,2722
2023-10-15 15:00:00,15,No Holiday,7.8,0.0,0.0,39,Clouds,few clouds,2642
2023-10-15 16:00:00,16,No Holiday,11.4,0.04,0.0,98,Rain,light rain,3474
2023-10-15 17:00:00,17,No Holiday,13.5,0.0,0.0,18,Clear,sky is clear,3902
2023-10-15 18:00:00,18,No Holiday,11.6,0.0,0.0,75,Mist,mist,3106
2023-10-15 19:00:00,19,No Holiday,14.6,0.0,0.0,32,Clouds,few clouds,1847
2023-10-15 20:00:00,20,No Holiday,12.4,0.0,0.0,9,Clear,sky is clear,1799
2023-10-15 21:00:00,21,No Holiday,10.2,0.0,0.0,72,Clouds,scattered clouds,1965
2023-10-15 22:00:00,22,No Holiday,9.1,0.0,0.0,45,Clouds,few clouds,348
2023-10-15 23:00:00,23,No Holiday,9.0,0.0,0.0,86,Clouds,broken clouds,497
2023-10-16 00:00:00,0,No Holiday,7.0,0.0,0.0,0,Clear,sky is clear,372
2023-10-16 01:00:00,1,No Holiday,5.6,0.0,0.0,67,Clouds,few clouds,616
2023-10-16 02:00:00,2,No Holiday,7.7,0.0,0.0,6,Clear,sky is clear,429
2023-10-16 03:00:00,3,No Holiday,9.6,0.0,0.0,14,Clear,sky is clear,884
2023-10-16 04:00:00,4,No Holiday,5.9,0.0,0.0,5,Clear,sky is clear,841
2023-10-16 05:00:00,5,No Holiday,7.0,0.0,0.0,51,Clouds,few clouds,1004
2023-10-16 06:00:00,6,No Holiday,8.6,0.0,0.0,73,Clouds,scattered clouds,664
2023-10-16 07:00:00,7,No Holiday,7.9,0.0,0.0,18,Clear,sky is clear,5019
2023-10-16 08:00:00,8,No Holiday,6.3,0.0,0.0,6,Clear,sky is clear,4705
2023-10-16 09:00:00,9,No Holiday,10.0,0.0,0.0,4,Clear,sky is clear,4628
2023-10-16 10:00:00,10,No Holiday,14.4,0.0,0.0,33,Clouds,few clouds,3731
2023-10-16 11:00:00,11,No Holiday,13.2,0.0,0.0,5,Clear,sky is clear,3192
2023-10-16 12:00:00,12,No Holiday,11.8,0.02,0.0,81,Rain,light rain,2790
2023-10-16 13:00:00,13,No Holiday,13.5,0.0,0.0,52,Clouds,scattered clouds,3690
2023-10-16 14:00:00,14,No Holiday,12.6,2.05,0.0,82,Rain,heavy intensity rain,2937
2023-10-16 15:00:00,15,No Holiday,16.3,0.0,0.0,47,Clouds,scattered clouds,3410
2023-10-16 16:00:00,16,No Holiday,15.2,0.0,0.0,7,Clear,sky is clear,5793
2023-10-16 17:00:00,17,No Holiday,14.3,0.0,0.0,75,Clouds,overcast clouds,5151
2023-10-16 18:00:00,18,No Holiday,9.3,0.0,0.0,9,Clear,sky is clear,5130
2023-10-16 19:00:00,19,No Holiday,11.7,0.82,0.0,95,Drizzle,light intensity drizzle,2256
2023-10-16 20:00:00,20,No Holiday,7.4,0.0,0.0,0,Clear,sky is clear,2895
2023-10-16 21:00:00,21,No Holiday,13.2,0.0,0.0,11,Clear,sky is clear,2785
2023-10-16 22:00:00,22,No Holiday,5.7,0.0,0.0,74,Mist,mist,504
2023-10-16 23:00:00,23,No Holiday,2.7,0.0,0.0,1,Clear,sky is clear,1144
2023-10-17 00:00:00,0,No Holiday,5.0,0.0,0.0,10,Clear,sky is clear,853
2023-10-17 01:00:00,1,No Holiday,5.9,0.0,0.0,34,Clouds,scattered clouds,627
2023-10-17 02:00:00,2,No Holiday,7.8,2.03,0.0,97,Rain,moderate rain,730
2023-10-17 03:00:00,3,No Holiday,5.4,0.0,0.0,9,Clear,sky is clear,682
2023-10-17 04:00:00,4,No Holiday,3.4,0.0,0.0,92,Clouds,broken clouds,635
2023-10-17 05:00:00,5,No Holiday,6.5,0.0,0.0,8,Clear,sky is clear,765
2023-10-17 06:00:00,6,No Holiday,7.5,0.73,0.0,85,Rain,light rain,646
2023-10-17 07:00:00,7,No Holiday,9.9,0.0,0.0,37,Clouds,overcast clouds,4896
2023-10-17 08:00:00,8,No Holiday,9.9,0.0,0.0,88,Clouds,broken clouds,5091
2023-10-17 09:00:00,9,No Holiday,9.7,0.0,0.0,6,Clear,sky is clear,4830
2023-10-17 10:00:00,10,No Holiday,12.4,0.0,0.0,95,Clouds,overcast clouds,3752
2023-10-17 11:00:00,11,No Holiday,11.9,0.0,0.0,13,Clear,sky is clear,3421
2023-10-17 12:00:00,12,No Holiday,13.8,0.0,0.0,35,Clouds,scattered clouds,3486
2023-10-17 13:00:00,13,No Holiday,16.4,0.0,0.0,67,Clouds,scattered clouds,3161
2023-10-17 14:00:00,14,No Holiday,10.0,0.0,0.0,50,Clouds,broken clouds,3535
2023-10-17 15:00:00,15,No Holiday,14.8,0.0,0.0,76,Clouds,broken clouds,3534
2023-10-17 16:00:00,16,No Holiday,12.5,0.0,0.0,71,Clouds,few clouds,4488
2023-10-17 17:00:00,17,No Holiday,12.1,0.0,0.0,10,Clear,sky is clear,5328
2023-10-17 18:00:00,18,No Holiday,16.6,0.0,0.0,17,Clear,sky is clear,5592
2023-10-17 19:00:00,19,No Holiday,12.2,0.0,0.0,43,Clouds,scattered clouds,2657
2023-10-17 20:00:00,20,No Holiday,13.0,0.0,0.0,0,Clear,sky is clear,2585
2023-10-17 21:00:00,21,No Holiday,10.0,0.0,0.0,10,Clear,sky is clear,2804
2023-10-17 22:00:00,22,No Holiday,10.3,1.16,0.0,85,Rain,moderate rain,620
2023-10-17 23:00:00,23,No Holiday,8.7,0.0,0.0,1,Clear,sky is clear,781
2023-10-18 00:00:00,0,No Holiday,9.8,0.0,0.0,10,Clear,sky is clear,552
2023-10-18 01:00:00,1,No Holiday,8.2,0.0,0.0,92,Mist,mist,831
2023-10-18 02:00:00,2,No Holiday,3.5,0.0,0.0,92,Clouds,overcast clouds,707
2023-10-18 03:00:00,3,No Holiday,3.2,0.0,0.0,38,Clouds,broken clouds,588
2023-10-18 04:00:00,4,No Holiday,4.5,0.0,0.0,1,Clear,sky is clear,888
2023-10-18 05:00:00,5,No Holiday,5.5,0.0,0.0,8,Clear,sky is clear,648
2023-10-18 06:00:00,6,No Holiday,4.0,0.0,0.0,99,Mist,mist,478
2023-10-18 07:00:00,7,No Holiday,5.8,0.0,0.0,12,Clear,sky is clear,4931
2023-10-18 08:00:00,8,No Holiday,7.1,0.0,0.0,81,Clouds,overcast clouds,4977
2023-10-18 09:00:00,9,No Holiday,8.3,0.0,0.0,16,Clear,sky is clear,4651
2023-10-18 10:00:00,10,No Holiday,10.2,0.0,0.0,2,Clear,sky is clear,3688
2023-10-18 11:00:00,11,No Holiday,10.3,0.0,0.0,50,Clouds,scattered clouds,3583
2023-10-18 12:00:00,12,No Holiday,10.2,0.0,0.0,92,Fog,fog,2962
2023-10-18 13:00:00,13,No Holiday,13.1,0.0,0.0,2,Clear,sky is clear,3776
2023-10-18 14:00:00,14,No Holiday,17.6,0.0,0.0,2,Clear,sky is clear,3316
2023-10-18 15:00:00,15,No Holiday,14.0,0.0,0.0,81,Mist,mist,3148
2023-10-18 16:00:00,16,No Holiday,16.3,0.0,0.0,2,Clear,sky is clear,4943
2023-10-18 17:00:00,17,No Holiday,13.7,0.0,0.0,87,Clouds,few clouds,6130
2023-10-18 18:00:00,18,No Holiday,11.1,0.0,0.0,1,Clear,sky is clear,5894
2023-10-18 19:00:00,19,No Holiday,9.4,0.0,0.0,7,Clear,sky is clear,3032
2023-10-18 20:00:00,20,No Holiday,10.8,0.0,0.0,96,Clouds,broken clouds,2830
2023-10-18 21:00:00,21,No Holiday,12.6,1.37,0.0,90,Rain,light rain,2451
2023-10-18 22:00:00,22,No Holiday,14.0,0.0,0.0,87,Clouds,scattered clouds,704
2023-10-18 23:00:00,23,No Holiday,9.7,0.0,0.0,42,Clouds,scattered clouds,806
2023-10-19 00:00:00,0,No Holiday,7.0,1.45,0.0,71,Rain,moderate rain,543
2023-10-19 01:00:00,1,No Holiday,9.2,1.21,0.0,73,Rain,light rain,661
2023-10-19 02:00:00,2,No Holiday,8.0,0.0,0.0,64,Clouds,broken clouds,812
2023-10-19 03:00:00,3,No Holiday,6.2,1.98,0.0,97,Rain,light rain,614
2023-10-19 04:00:00,4,No Holiday,8.3,0.0,0.0,9,Clear,sky is clear,1088
2023-10-19 05:00:00,5,No Holiday,11.9,0.0,0.0,16,Clear,sky is clear,764
2023-10-19 06:00:00,6,No Holiday,9.6,0.0,0.0,83,Clouds,broken clouds,1092
2023-10-19 07:00:00,7,No Holiday,7.3,0.0,0.0,84,Clouds,few clouds,5020
2023-10-19 08:00:00,8,No Holiday,7.4,0.0,0.0,14,Clear,sky is clear,5160
2023-10-19 09:00:00,9,No Holiday,9.9,0.0,0.0,4,Clear,sky is clear,4944
2023-10-19 10:00:00,10,No Holiday,11.2,0.0,0.0,7,Clear,sky is clear,3750
2023-10-19 11:00:00,11,No Holiday,9.9,0.0,0.0,89,Clouds,overcast clouds,3659
2023-10-19 12:00:00,12,No Holiday,14.5,0.0,0.0,80,Clouds,few clouds,3544
2023-10-19 13:00:00,13,No Holiday,12.5,0.0,0.0,6,Clear,sky is clear,3632
2023-10-19 14:00:00,14,No Holiday,13.7,0.0,0.0,56,Clouds,scattered clouds,3709
2023-10-19 15:00:00,15,No Holiday,17.6,0.0,0.0,6,Clear,sky is clear,3167
2023-10-19 16:00:00,16,No Holiday,14.7,0.0,0.0,81,Clouds,broken clouds,5448
2023-10-19 17:00:00,17,No Holiday,15.0,1.75,0.0,75,Rain,light rain,4360
2023-10-19 18:00:00,18,No Holiday,14.7,0.0,0.0,76,Clouds,scattered clouds,5790
2023-10-19 19:00:00,19,No Holiday,10.1,0.0,0.0,3,Clear,sky is clear,3014
2023-10-19 20:00:00,20,No Holiday,13.9,0.0,0.0,7,Clear,sky is clear,2488
2023-10-19 21:00:00,21,No Holiday,13.4,0.0,0.0,14,Clear,sky is clear,2881
2023-10-19 22:00:00,22,No Holiday,10.4,0.0,0.0,17,Clear,sky is clear,659
2023-10-19 23:00:00,23,No Holiday,8.6,0.0,0.0,15,Clear,sky is clear,875
2023-10-20 00:00:00,0,No Holiday,6.3,0.0,0.0,18,Clear,sky is clear,644
2023-10-20 01:00:00,1,No Holiday,6.5,0.0,0.0,79,Clouds,few clouds,522
2023-10-20 02:00:00,2,No Holiday,6.9,0.0,0.0,72,Mist,mist,775
2023-10-20 03:00:00,3,No Holiday,8.2,0.0,0.0,82,Fog,fog,691
2023-10-20 04:00:00,4,No Holiday,3.8,0.0,0.0,62,Clouds,overcast clouds,638
2023-10-20 05:00:00,5,No Holiday,9.2,0.0,0.0,86,Fog,fog,776
2023-10-20 06:00:00,6,No Holiday,7.9,0.0,0.0,53,Clouds,broken clouds,791
2023-10-20 07:00:00,7,No Holiday,10.6,0.0,0.0,53,Clouds,few clouds,4674
2023-10-20 08:00:00,8,No Holiday,8.6,0.0,0.0,98,Clouds,few clouds,4924
2023-10-20 09:00:00,9,No Holiday,8.8,0.0,0.0,9,Clear,sky is clear,4663
2023-10-20 10:00:00,10,No Holiday,12.7,0.0,0.0,99,Clouds,broken clouds,3557
2023-10-20 11:00:00,11,No Holiday,12.2,0.0,0.0,10,Clear,sky is clear,3724
2023-10-20 12:00:00,12,No Holiday,11.7,0.0,0.0,35,Clouds,few clouds,3413
2023-10-20 13:00:00,13,No Holiday,13.7,0.0,0.0,81,Fog,fog,3241
2023-10-20 14:00:00,14,No Holiday,13.0,0.0,0.0,4,Clear,sky is clear,3074
2023-10-20 15:00:00,15,No Holiday,16.1,2.49,0.0,78,Rain,light rain,3104
2023-10-20 16:00:00,16,No Holiday,12.8,0.0,0.0,3,Clear,sky is clear,5545
2023-10-20 17:00:00,17,No Holiday,13.7,0.0,0.0,73,Clouds,overcast clouds,5060
2023-10-20 18:00:00,18,No Holiday,14.8,0.0,0.0,41,Clouds,broken clouds,5002
2023-10-20 19:00:00,19,No Holiday,11.6,0.0,0.0,78,Clouds,scattered clouds,2874
2023-10-20 20:00:00,20,No Holiday,10.4,0.0,0.0,55,Clouds,scattered clouds,2715
2023-10-20 21:00:00,21,No Holiday,10.6,6.03,0.0,85,Rain,light rain,2704
2023-10-20 22:00:00,22,No Holiday,9.7,2.07,0.0,78,Rain,moderate rain,661
2023-10-20 23:00:00,23,No Holiday,7.1,0.0,0.0,17,Clear,sky is clear,636
2023-10-21 00:00:00,0,No Holiday,8.2,0.0,0.0,7,Clear,sky is clear,703
2023-10-21 01:00:00,1,No Holiday,7.8,0.0,0.0,17,Clear,sky is clear,373
2023-10-21 02:00:00,2,No Holiday,4.7,0.0,0.0,68,Clouds,scattered clouds,407
2023-10-21 03:00:00,3,No Holiday,7.4,0.0,0.0,99,Fog,fog,534
2023-10-21 04:00:00,4,No Holiday,6.8,0.0,0.0,5,Clear,sky is clear,408
2023-10-21 05:00:00,5,No Holiday,8.4,0.0,0.0,3,Clear,sky is clear,604
2023-10-21 06:00:00,6,No Holiday,7.4,0.0,0.0,4,Clear,sky is clear,496
2023-10-21 07:00:00,7,No Holiday,9.7,0.0,0.0,99,Mist,mist,2821
2023-10-21 08:00:00,8,No Holiday,9.2,0.0,0.0,58,Clouds,scattered clouds,2950
2023-10-21 09:00:00,9,No Holiday,9.2,0.0,0.0,7,Clear,sky is clear,3096
2023-10-21 10:00:00,10,No Holiday,12.2,0.0,0.0,9,Clear,sky is clear,2184
2023-10-21 11:00:00,11,No Holiday,15.6,0.0,0.0,18,Clear,sky is clear,2285
2023-10-21 12:00:00,12,No Holiday,14.7,3.1,0.0,75,Rain,moderate rain,2609
2023-10-21 13:00:00,13,No Holiday,9.8,0.0,0.0,69,Clouds,few clouds,2632
2023-10-21 14:00:00,14,No Holiday,14.7,0.0,0.0,0,Clear,sky is clear,2356
2023-10-21 15:00:00,15,No Holiday,12.5,0.0,0.0,16,Clear,sky is clear,2842
2023-10-21 16:00:00,16,No Holiday,12.7,0.69,0.0,79,Drizzle,light intensity drizzle,3292
2023-10-21 17:00:00,17,No Holiday,12.5,0.0,0.0,9,Clear,sky is clear,4041
2023-10-21 18:00:00,18,No Holiday,9.2,1.27,0.0,74,Rain,light rain,3277
2023-10-21 19:00:00,19,No Holiday,14.0,0.0,0.0,18,Clear,sky is clear,1987
2023-10-21 20:00:00,20,No Holiday,12.6,0.0,0.0,13,Clear,sky is clear,1799
2023-10-21 21:00:00,21,No Holiday,8.8,0.0,0.0,87,Clouds,overcast clouds,1803
2023-10-21 22:00:00,22,No Holiday,9.8,0.0,0.0,96,Fog,fog,476
2023-10-21 23:00:00,23,No Holiday,12.3,0.0,0.0,5,Clear,sky is clear,544
2023-10-22 00:00:00,0,No Holiday,8.7,0.0,0.0,16,Clear,sky is clear,490
2023-10-22 01:00:00,1,No Holiday,4.8,0.0,0.0,11,Clear,sky is clear,507
2023-10-22 02:00:00,2,No Holiday,7.3,0.0,0.0,1,Clear,sky is clear,591
2023-10-22 03:00:00,3,No Holiday,7.4,0.0,0.0,72,Clouds,few clouds,446
2023-10-22 04:00:00,4,No Holiday,5.5,0.0,0.0,1,Clear,sky is clear,195
2023-10-22 05:00:00,5,No Holiday,10.9,0.0,0.0,85,Fog,fog,469
2023-10-22 06:00:00,6,No Holiday,4.3,0.1,0.0,77,Rain,light rain,503
2023-10-22 07:00:00,7,No Holiday,5.9,0.0,0.0,13,Clear,sky is clear,3229
2023-10-22 08:00:00,8,No Holiday,7.7,5.96,0.0,73,Rain,heavy intensity rain,2694
2023-10-22 09:00:00,9,No Holiday,10.7,0.0,0.0,97,Mist,mist,2872
2023-10-22 10:00:00,10,No Holiday,8.7,0.0,0.0,96,Clouds,broken clouds,2106
2023-10-22 11:00:00,11,No Holiday,11.7,0.0,0.0,3,Clear,sky is clear,2377
2023-10-22 12:00:00,12,No Holiday,12.7,0.0,0.0,87,Fog,fog,2373
2023-10-22 13:00:00,13,No Holiday,11.6,0.0,0.0,94,Clouds,broken clouds,2515
2023-10-22 14:00:00,14,No Holiday,12.0,0.0,0.0,57,Clouds,broken clouds,2941
2023-10-22 15:00:00,15,No Holiday,11.5,0.51,0.0,77,Drizzle,light intensity drizzle,2601
2023-10-22 16:00:00,16,No Holiday,12.8,0.76,0.0,80,Rain,heavy intensity rain,3756
2023-10-22 17:00:00,17,No Holiday,16.5,0.0,0.0,13,Clear,sky is clear,4668
2023-10-22 18:00:00,18,No Holiday,13.3,2.38,0.0,92,Rain,light rain,3281
2023-10-22 19:00:00,19,No Holiday,12.0,0.0,0.0,12,Clear,sky is clear,1817
2023-10-22 20:00:00,20,No Holiday,9.5,0.0,0.0,96,Fog,fog,1716
2023-10-22 21:00:00,21,No Holiday,11.3,1.28,0.0,91,Rain,moderate rain,1549
2023-10-22 22:00:00,22,No Holiday,8.9,0.0,0.0,78,Clouds,broken clouds,425
2023-10-22 23:00:00,23,No Holiday,7.3,0.0,0.0,0,Clear,sky is clear,552
2023-10-23 00:00:00,0,No Holiday,9.2,0.0,0.0,43,Clouds,overcast clouds,1003
2023-10-23 01:00:00,1,No Holiday,6.9,0.0,0.0,3,Clear,sky is clear,892
2023-10-23 02:00:00,2,No Holiday,6.8,0.0,0.0,8,Clear,sky is clear,822
2023-10-23 03:00:00,3,No Holiday,7.3,0.0,0.0,10,Clear,sky is clear,527
2023-10-23 04:00:00,4,No Holiday,3.9,0.0,0.0,5,Clear,sky is clear,721
2023-10-23 05:00:00,5,No Holiday,3.0,0.0,0.0,73,Fog,fog,676
2023-10-23 06:00:00,6,No Holiday,7.9,8.02,0.0,93,Rain,light rain,516
2023-10-23 07:00:00,7,No Holiday,6.6,8.65,0.0,75,Rain,moderate rain,3854
2023-10-23 08:00:00,8,No Holiday,7.0,0.32,0.0,85,Rain,light rain,4239
2023-10-23 09:00:00,9,No Holiday,10.3,5.39,0.0,86,Rain,moderate rain,3907
2023-10-23 10:00:00,10,No Holiday,11.1,0.0,0.0,18,Clear,sky is clear,3212
2023-10-23 11:00:00,11,No Holiday,9.9,0.0,0.0,81,Mist,mist,3315
2023-10-23 12:00:00,12,No Holiday,12.0,0.0,0.0,61,Clouds,scattered clouds,3357
2023-10-23 13:00:00,13,No Holiday,12.7,0.0,0.0,77,Mist,mist,3231
2023-10-23 14:00:00,14,No Holiday,12.7,0.0,0.0,10,Clear,sky is clear,3639
2023-10-23 15:00:00,15,No Holiday,11.7,0.0,0.0,30,Clouds,scattered clouds,2895
2023-10-23 16:00:00,16,No Holiday,14.6,0.0,0.0,8,Clear,sky is clear,5739
2023-10-23 17:00:00,17,No Holiday,14.3,0.0,0.0,0,Clear,sky is clear,5348
2023-10-23 18:00:00,18,No Holiday,12.0,0.0,0.0,2,Clear,sky is clear,5146
2023-10-23 19:00:00,19,No Holiday,7.5,0.81,0.0,89,Drizzle,light intensity drizzle,2545
2023-10-23 20:00:00,20,No Holiday,10.5,0.0,0.0,72,Mist,mist,2923
2023-10-23 21:00:00,21,No Holiday,13.4,0.0,0.0,52,Clouds,few clouds,2859
2023-10-23 22:00:00,22,No Holiday,10.0,0.32,0.0,82,Rain,light rain,615
2023-10-23 23:00:00,23,No Holiday,7.4,0.0,0.0,17,Clear,sky is clear,812
2023-10-24 00:00:00,0,No Holiday,7.1,0.0,0.0,71,Clouds,overcast clouds,760
2023-10-24 01:00:00,1,No Holiday,6.6,0.0,0.0,16,Clear,sky is clear,640
2023-10-24 02:00:00,2,No Holiday,6.2,0.0,0.0,84,Clouds,broken clouds,837
2023-10-24 03:00:00,3,No Holiday,4.9,0.0,0.0,6,Clear,sky is clear,595
2023-10-24 04:00:00,4,No Holiday,7.1,0.0,0.0,86,Clouds,few clouds,758
2023-10-24 05:00:00,5,No Holiday,3.1,0.0,0.0,99,Clouds,scattered clouds,731
2023-10-24 06:00:00,6,No Holiday,4.4,0.0,0.0,53,Clouds,scattered clouds,708
2023-10-24 07:00:00,7,No Holiday,5.3,0.0,0.0,3,Clear,sky is clear,4805
2023-10-24 08:00:00,8,No Holiday,4.6,0.0,0.0,79,Thunderstorm,thunderstorm with light rain,2898
2023-10-24 09:00:00,9,No Holiday,11.7,0.0,0.0,74,Clouds,scattered clouds,4884
2023-10-24 10:00:00,10,No Holiday,10.7,0.67,0.0,86,Rain,light rain,3698
2023-10-24 11:00:00,11,No Holiday,14.2,0.0,0.0,8,Clear,sky is clear,3569
2023-10-24 12:00:00,12,No Holiday,12.2,0.0,0.0,7,Clear,sky is clear,3597
2023-10-24 13:00:00,13,No Holiday,11.3,0.0,0.0,63,Clouds,overcast clouds,3602
2023-10-24 14:00:00,14,No Holiday,17.1,0.0,0.0,3,Clear,sky is clear,3604
2023-10-24 15:00:00,15,No Holiday,11.6,0.0,0.0,83,Clouds,few clouds,3746
2023-10-24 16:00:00,16,No Holiday,14.4,0.0,0.0,12,Clear,sky is clear,5070
2023-10-24 17:00:00,17,No Holiday,16.4,0.9,0.0,95,Drizzle,light intensity drizzle,4628
2023-10-24 18:00:00,18,No Holiday,11.7,0.0,0.0,2,Clear,sky is clear,5608
2023-10-24 19:00:00,19,No Holiday,14.1,0.0,0.0,15,Clear,sky is clear,2871
2023-10-24 20:00:00,20,No Holiday,13.0,0.0,0.0,14,Clear,sky is clear,2646
2023-10-24 21:00:00,21,No Holiday,10.0,0.0,0.0,64,Clouds,overcast clouds,2864
2023-10-24 22:00:00,22,No Holiday,5.6,0.0,0.0,13,Clear,sky is clear,715
2023-10-24 23:00:00,23,No Holiday,8.3,0.0,0.0,82,Mist,mist,610
2023-10-25 00:00:00,0,No Holiday,8.0,2.05,0.0,95,Rain,light rain,560
2023-10-25 01:00:00,1,No Holiday,8.4,0.0,0.0,12,Clear,sky is clear,702
2023-10-25 02:00:00,2,No Holiday,6.4,0.0,0.0,7,Clear,sky is clear,674
2023-10-25 03:00:00,3,No Holiday,8.1,0.0,0.0,48,Clouds,scattered clouds,877
2023-10-25 04:00:00,4,No Holiday,4.7,0.0,0.0,60,Clouds,scattered clouds,814
2023-10-25 05:00:00,5,No Holiday,10.0,0.0,0.0,55,Clouds,overcast clouds,609
2023-10-25 06:00:00,6,No Holiday,12.0,0.0,0.0,84,Clouds,few clouds,970
2023-10-25 07:00:00,7,No Holiday,11.0,0.0,0.0,3,Clear,sky is clear,4679
2023-10-25 08:00:00,8,No Holiday,5.3,0.0,0.0,43,Clouds,scattered clouds,4582
2023-10-25 09:00:00,9,No Holiday,10.3,0.0,0.0,77,Mist,mist,4129
2023-10-25 10:00:00,10,No Holiday,9.4,0.0,0.0,49,Clouds,broken clouds,3852
2023-10-25 11:00:00,11,No Holiday,10.0,0.0,0.0,17,Clear,sky is clear,3557
2023-10-25 12:00:00,12,No Holiday,14.0,0.0,0.0,84,Thunderstorm,thunderstorm with light rain,2449
2023-10-25 13:00:00,13,No Holiday,14.8,0.0,0.0,87,Clouds,overcast clouds,3835
2023-10-25 14:00:00,14,No Holiday,14.0,0.0,0.0,19,Clear,sky is clear,3780
2023-10-25 15:00:00,15,No Holiday,11.2,0.94,0.0,75,Rain,heavy intensity rain,3340
2023-10-25 16:00:00,16,No Holiday,13.9,0.44,0.0,94,Rain,heavy intensity rain,4594
2023-10-25 17:00:00,17,No Holiday,14.2,0.0,0.0,3,Clear,sky is clear,5605
2023-10-25 18:00:00,18,No Holiday,12.8,0.0,0.0,14,Clear,sky is clear,5918
2023-10-25 19:00:00,19,No Holiday,11.1,0.0,0.0,77,Clouds,overcast clouds,2733
2023-10-25 20:00:00,20,No Holiday,8.0,0.0,0.0,72,Clouds,few clouds,2730
2023-10-25 21:00:00,21,No Holiday,9.4,0.0,0.0,10,Clear,sky is clear,2822
2023-10-25 22:00:00,22,No Holiday,7.0,0.0,0.0,11,Clear,sky is clear,517
2023-10-25 23:00:00,23,No Holiday,4.7,0.0,0.0,3,Clear,sky is clear,867
2023-10-26 00:00:00,0,No Holiday,6.4,0.0,0.0,72,Clouds,scattered clouds,416
2023-10-26 01:00:00,1,No Holiday,3.9,0.0,0.0,86,Clouds,scattered clouds,551
2023-10-26 02:00:00,2,No Holiday,6.2,0.1,0.0,70,Rain,moderate rain,689
2023-10-26 03:00:00,3,No Holiday,4.4,0.0,0.0,73,Thunderstorm,proximity thunderstorm,258
2023-10-26 04:00:00,4,No Holiday,8.3,0.0,0.0,3,Clear,sky is clear,633
2023-10-26 05:00:00,5,No Holiday,10.0,0.0,0.0,16,Clear,sky is clear,601
2023-10-26 06:00:00,6,No Holiday,5.9,0.0,0.0,18,Clear,sky is clear,729
2023-10-26 07:00:00,7,No Holiday,9.6,0.0,0.0,71,Clouds,few clouds,4336
2023-10-26 08:00:00,8,No Holiday,7.5,0.0,0.0,2,Clear,sky is clear,4640
2023-10-26 09:00:00,9,No Holiday,8.1,0.0,0.0,31,Clouds,scattered clouds,4947
2023-10-26 10:00:00,10,No Holiday,11.0,0.0,0.0,39,Clouds,scattered clouds,3300
2023-10-26 11:00:00,11,No Holiday,12.6,0.0,0.0,99,Thunderstorm,proximity thunderstorm,2046
2023-10-26 12:00:00,12,No Holiday,11.3,0.0,0.0,15,Clear,sky is clear,3713
2023-10-26 13:00:00,13,No Holiday,7.4,0.0,0.0,9,Clear,sky is clear,3280
2023-10-26 14:00:00,14,No Holiday,16.4,0.0,0.0,12,Clear,sky is clear,2602
2023-10-26 15:00:00,15,No Holiday,15.1,0.0,0.0,37,Clouds,scattered clouds,4014
2023-10-26 16:00:00,16,No Holiday,13.4,0.0,0.0,84,Clouds,few clouds,5051
2023-10-26 17:00:00,17,No Holiday,13.3,0.0,0.0,91,Thunderstorm,proximity thunderstorm,3391
2023-10-26 18:00:00,18,No Holiday,15.6,0.0,0.0,65,Clouds,scattered clouds,5800
2023-10-26 19:00:00,19,No Holiday,10.9,0.0,0.0,58,Clouds,scattered clouds,2783
2023-10-26 20:00:00,20,No Holiday,5.7,0.09,0.0,77,Rain,heavy intensity rain,2254
2023-10-26 21:00:00,21,No Holiday,11.9,0.0,0.0,63,Clouds,few clouds,3071
2023-10-26 22:00:00,22,No Holiday,6.8,0.0,0.0,15,Clear,sky is clear,645
2023-10-26 23:00:00,23,No Holiday,11.2,0.0,0.0,76,Clouds,overcast clouds,953
2023-10-27 00:00:00,0,No Holiday,6.9,0.0,0.0,15,Clear,sky is clear,724
2023-10-27 01:00:00,1,No Holiday,5.9,0.0,0.0,2,Clear,sky is clear,592
2023-10-27 02:00:00,2,No Holiday,5.4,0.0,0.0,6,Clear,sky is clear,689
2023-10-27 03:00:00,3,No Holiday,6.7,0.0,0.0,3,Clear,sky is clear,411
2023-10-27 04:00:00,4,No Holiday,6.4,0.0,0.0,10,Clear,sky is clear,742
2023-10-27 05:00:00,5,No Holiday,7.3,0.0,0.0,74,Clouds,overcast clouds,619
2023-10-27 06:00:00,6,No Holiday,10.7,0.0,0.0,69,Clouds,scattered clouds,466
2023-10-27 07:00:00,7,No Holiday,11.8,0.0,0.0,14,Clear,sky is clear,5074
2023-10-27 08:00:00,8,No Holiday,8.3,0.0,0.0,6,Clear,sky is clear,4543
2023-10-27 09:00:00,9,No Holiday,11.1,0.0,0.0,51,Clouds,broken clouds,4947
2023-10-27 10:00:00,10,No Holiday,12.1,0.0,0.0,31,Clouds,scattered clouds,3685
2023-10-27 11:00:00,11,No Holiday,12.1,0.0,0.0,90,Fog,fog,3186
2023-10-27 12:00:00,12,No Holiday,11.7,0.0,0.0,96,Clouds,overcast clouds,3908
2023-10-27 13:00:00,13,No Holiday,9.6,0.0,0.0,61,Clouds,scattered clouds,3413
2023-10-27 14:00:00,14,No Holiday,13.5,0.0,0.0,33,Clouds,few clouds,3586
2023-10-27 15:00:00,15,No Holiday,18.0,0.0,0.0,76,Fog,fog,3199
2023-10-27 16:00:00,16,No Holiday,14.3,0.0,0.0,47,Clouds,scattered clouds,5365
2023-10-27 17:00:00,17,No Holiday,14.4,0.0,0.0,8,Clear,sky is clear,5980
2023-10-27 18:00:00,18,No Holiday,14.3,0.0,0.0,0,Clear,sky is clear,5330
2023-10-27 19:00:00,19,No Holiday,12.9,0.0,0.0,0,Clear,sky is clear,2704
2023-10-27 20:00:00,20,No Holiday,11.8,0.0,0.0,18,Clear,sky is clear,2748
2023-10-27 21:00:00,21,No Holiday,12.3,0.0,0.0,15,Clear,sky is clear,2500
2023-10-27 22:00:00,22,No Holiday,9.0,0.0,0.0,4,Clear,sky is clear,771
2023-10-27 23:00:00,23,No Holiday,7.3,0.0,0.0,89,Clouds,few clouds,531
2023-10-28 00:00:00,0,No Holiday,6.3,0.14,0.0,74,Rain,moderate rain,302
2023-10-28 01:00:00,1,No Holiday,6.3,0.0,0.0,74,Clouds,overcast clouds,406
2023-10-28 02:00:00,2,No Holiday,4.4,0.0,0.0,3,Clear,sky is clear,351
2023-10-28 03:00:00,3,No Holiday,6.5,0.0,0.0,15,Clear,sky is clear,371
2023-10-28 04:00:00,4,No Holiday,3.9,0.0,0.0,62,Clouds,broken clouds,307
2023-10-28 05:00:00,5,No Holiday,8.5,0.0,0.0,3,Clear,sky is clear,337
2023-10-28 06:00:00,6,No Holiday,8.7,0.0,0.0,33,Clouds,scattered clouds,522
2023-10-28 07:00:00,7,No Holiday,9.4,0.0,0.0,8,Clear,sky is clear,3230
2023-10-28 08:00:00,8,No Holiday,7.0,0.0,0.0,7,Clear,sky is clear,3166
2023-10-28 09:00:00,9,No Holiday,11.7,0.0,0.0,4,Clear,sky is clear,3150
2023-10-28 10:00:00,10,No Holiday,11.5,0.0,0.0,7,Clear,sky is clear,2238
2023-10-28 11:00:00,11,No Holiday,7.7,0.0,0.0,10,Clear,sky is clear,2419
2023-10-28 12:00:00,12,No Holiday,12.2,0.0,0.0,90,Mist,mist,2446
2023-10-28 13:00:00,13,No Holiday,10.4,0.0,0.0,14,Clear,sky is clear,2589
2023-10-28 14:00:00,14,No Holiday,16.1,0.0,0.0,2,Clear,sky is clear,2489
2023-10-28 15:00:00,15,No Holiday,13.0,0.0,0.0,78,Clouds,overcast clouds,2705
2023-10-28 16:00:00,16,No Holiday,13.8,0.92,0.0,92,Drizzle,light intensity drizzle,4011
2023-10-28 17:00:00,17,No Holiday,10.2,0.0,0.0,0,Clear,sky is clear,4120
2023-10-28 18:00:00,18,No Holiday,14.2,0.0,0.0,89,Clouds,broken clouds,3533
2023-10-28 19:00:00,19,No Holiday,11.8,0.0,0.0,8,Clear,sky is clear,1862
2023-10-28 20:00:00,20,No Holiday,10.9,0.89,0.0,82,Drizzle,light intensity drizzle,1616
2023-10-28 21:00:00,21,No Holiday,11.5,0.0,0.0,11,Clear,sky is clear,1801
2023-10-28 22:00:00,22,No Holiday,7.5,0.0,0.0,13,Clear,sky is clear,582
2023-10-28 23:00:00,23,No Holiday,5.8,0.0,0.0,39,Clouds,overcast clouds,424
2023-10-29 00:00:00,0,No Holiday,6.9,0.0,0.0,47,Clouds,overcast clouds,515
2023-10-29 01:00:00,1,No Holiday,6.9,0.0,0.0,15,Clear,sky is clear,479
2023-10-29 02:00:00,2,No Holiday,6.2,0.0,0.0,11,Clear,sky is clear,332
2023-10-29 03:00:00,3,No Holiday,7.2,0.0,0.0,3,Clear,sky is clear,367
2023-10-29 04:00:00,4,No Holiday,7.3,0.0,0.0,10,Clear,sky is clear,509
2023-10-29 05:00:00,5,No Holiday,7.0,0.0,0.0,92,Clouds,few clouds,376
2023-10-29 06:00:00,6,No Holiday,7.6,1.77,0.0,90,Rain,light rain,513
2023-10-29 07:00:00,7,No Holiday,7.2,0.0,0.0,77,Fog,fog,3309
2023-10-29 08:00:00,8,No Holiday,7.5,0.0,0.0,91,Clouds,broken clouds,2983
2023-10-29 09:00:00,9,No Holiday,9.1,0.35,0.0,70,Rain,light rain,2649
2023-10-29 10:00:00,10,No Holiday,12.7,0.26,0.0,95,Rain,moderate rain,1994
2023-10-29 11:00:00,11,No Holiday,12.3,0.0,0.0,1,Clear,sky is clear,2116
2023-10-29 12:00:00,12,No Holiday,12.3,0.0,0.0,5,Clear,sky is clear,2680
2023-10-29 13:00:00,13,No Holiday,8.8,2.52,0.0,82,Rain,moderate rain,2532
2023-10-29 14:00:00,14,No Holiday,13.7,0.0,0.0,33,Clouds,scattered clouds,2796
2023-10-29 15:00:00,15,No Holiday,11.9,0.0,0.0,11,Clear,sky is clear,2796
2023-10-29 16:00:00,16,No Holiday,16.5,0.0,0.0,19,Clear,sky is clear,4777
2023-10-29 17:00:00,17,No Holiday,13.7,2.12,0.0,79,Rain,moderate rain,3559
2023-10-29 18:00:00,18,No Holiday,14.9,0.0,0.0,14,Clear,sky is clear,3266
2023-10-29 19:00:00,19,No Holiday,11.8,0.0,0.0,83,Clouds,broken clouds,1677
2023-10-29 20:00:00,20,No Holiday,12.2,0.0,0.0,18,Clear,sky is clear,1727
2023-10-29 21:00:00,21,No Holiday,10.2,0.0,0.0,8,Clear,sky is clear,1719
2023-10-29 22:00:00,22,No Holiday,9.8,0.0,0.0,12,Clear,sky is clear,511
2023-10-29 23:00:00,23,No Holiday,9.1,0.0,0.0,81,Fog,fog,407
2023-10-30 00:00:00,0,No Holiday,8.9,0.0,0.0,3,Clear,sky is clear,753
2023-10-30 01:00:00,1,No Holiday,3.6,0.21,0.0,82,Drizzle,light intensity drizzle,478
2023-10-30 02:00:00,2,No Holiday,5.4,0.0,0.0,69,Clouds,overcast clouds,594
2023-10-30 03:00:00,3,No Holiday,7.5,0.0,0.0,2,Clear,sky is clear,669
2023-10-30 04:00:00,4,No Holiday,3.9,0.0,0.0,37,Clouds,scattered clouds,489
2023-10-30 05:00:00,5,No Holiday,5.3,0.0,0.0,13,Clear,sky is clear,600
2023-10-30 06:00:00,6,No Holiday,5.3,0.0,0.0,9,Clear,sky is clear,821
2023-10-30 07:00:00,7,No Holiday,11.7,1.05,0.0,98,Rain,light rain,4384
2023-10-30 08:00:00,8,No Holiday,8.5,0.07,0.0,81,Rain,light rain,4598
2023-10-30 09:00:00,9,No Holiday,11.1,0.0,0.0,54,Clouds,few clouds,4585
2023-10-30 10:00:00,10,No Holiday,17.0,0.0,0.0,2,Clear,sky is clear,3381
2023-10-30 11:00:00,11,No Holiday,10.4,0.0,0.0,62,Clouds,overcast clouds,3118
2023-10-30 12:00:00,12,No Holiday,10.1,0.0,0.0,60,Clouds,scattered clouds,3802
2023-10-30 13:00:00,13,No Holiday,9.6,0.0,0.0,15,Clear,sky is clear,3026
2023-10-30 14:00:00,14,No Holiday,12.8,0.0,0.0,6,Clear,sky is clear,3677
2023-10-30 15:00:00,15,No Holiday,15.1,0.0,0.0,80,Mist,mist,3128
2023-10-30 16:00:00,16,No Holiday,17.1,0.0,0.0,8,Clear,sky is clear,5158
2023-10-30 17:00:00,17,No Holiday,7.6,0.0,0.0,15,Clear,sky is clear,5195
2023-10-30 18:00:00,18,No Holiday,9.6,0.0,0.0,73,Mist,mist,4987
2023-10-30 19:00:00,19,No Holiday,10.7,0.0,0.0,11,Clear,sky is clear,2713
2023-10-30 20:00:00,20,No Holiday,11.0,0.0,0.0,6,Clear,sky is clear,2726
2023-10-30 21:00:00,21,No Holiday,8.3,0.0,0.0,10,Clear,sky is clear,3185
2023-10-30 22:00:00,22,No Holiday,10.0,4.48,0.0,98,Rain,light rain,813
2023-10-30 23:00:00,23,No Holiday,7.3,0.0,0.0,52,Clouds,broken clouds,601
2023-10-31 00:00:00,0,No Holiday,9.2,0.0,0.0,83,Clouds,overcast clouds,607
2023-10-31 01:00:00,1,No Holiday,5.3,0.0,0.0,46,Clouds,broken clouds,825
2023-10-31 02:00:00,2,No Holiday,11.1,0.0,0.0,7,Clear,sky is clear,763
2023-10-31 03:00:00,3,No Holiday,6.0,0.0,0.0,1,Clear,sky is clear,704
2023-10-31 04:00:00,4,No Holiday,9.4,0.0,0.0,71,Clouds,overcast clouds,692
2023-10-31 05:00:00,5,No Holiday,4.9,0.0,0.0,94,Clouds,overcast clouds,781
2023-10-31 06:00:00,6,No Holiday,12.2,0.0,0.0,12,Clear,sky is clear,797
2023-10-31 07:00:00,7,No Holiday,7.3,0.0,0.0,45,Clouds,overcast clouds,4220
2023-10-31 08:00:00,8,No Holiday,8.0,0.0,0.0,11,Clear,sky is clear,5326
2023-10-31 09:00:00,9,No Holiday,11.2,0.0,0.0,59,Clouds,overcast clouds,4354
2023-10-31 10:00:00,10,No Holiday,13.0,0.0,0.0,16,Clear,sky is clear,3538
2023-10-31 11:00:00,11,No Holiday,12.4,0.0,0.0,66,Clouds,few clouds,3460
2023-10-31 12:00:00,12,No Holiday,13.1,2.13,0.0,71,Rain,light rain,2500
2023-10-31 13:00:00,13,No Holiday,13.9,0.0,0.0,18,Clear,sky is clear,3971
2023-10-31 14:00:00,14,No Holiday,11.9,0.0,0.0,17,Clear,sky is clear,3473
2023-10-31 15:00:00,15,No Holiday,12.3,1.45,0.0,81,Rain,moderate rain,3273
2023-10-31 16:00:00,16,No Holiday,15.5,4.06,0.0,88,Rain,heavy intensity rain,4253
2023-10-31 17:00:00,17,No Holiday,11.1,0.0,0.0,38,Clouds,scattered clouds,5983
2023-10-31 18:00:00,18,No Holiday,14.3,0.0,0.0,18,Clear,sky is clear,4903
2023-10-31 19:00:00,19,No Holiday,8.5,0.0,0.0,30,Clouds,scattered clouds,2550
2023-10-31 20:00:00,20,No Holiday,11.9,0.0,0.0,79,Thunderstorm,thunderstorm with light rain,1774
2023-10-31 21:00:00,21,No Holiday,10.9,0.0,0.0,98,Clouds,broken clouds,2964
2023-10-31 22:00:00,22,No Holiday,11.1,0.0,0.0,73,Clouds,few clouds,644
2023-10-31 23:00:00,23,No Holiday,7.9,0.11,0.0,77,Rain,heavy intensity rain,687
2023-11-01 00:00:00,0,No Holiday,-2.2,0.0,0.0,45,Clouds,broken clouds,537
2023-11-01 01:00:00,1,No Holiday,1.5,0.0,0.0,5,Clear,sky is clear,880
2023-11-01 02:00:00,2,No Holiday,0.1,0.0,0.0,73,Mist,mist,748
2023-11-01 03:00:00,3,No Holiday,-4.4,0.0,0.0,95,Mist,mist,552
2023-11-01 04:00:00,4,No Holiday,-0.2,0.0,0.0,15,Clear,sky is clear,905
2023-11-01 05:00:00,5,No Holiday,0.6,1.0,0.0,87,Rain,heavy intensity rain,509
2023-11-01 06:00:00,6,No Holiday,-0.3,0.0,0.0,70,Clouds,broken clouds,850
2023-11-01 07:00:00,7,No Holiday,1.3,0.0,0.0,51,Clouds,overcast clouds,4529
2023-11-01 08:00:00,8,No Holiday,2.8,0.0,0.0,6,Clear,sky is clear,4369
2023-11-01 09:00:00,9,No Holiday,4.0,0.0,0.0,71,Mist,mist,4514
2023-11-01 10:00:00,10,No Holiday,2.9,0.0,0.0,17,Clear,sky is clear,3585
2023-11-01 11:00:00,11,No Holiday,4.7,0.0,0.0,19,Clear,sky is clear,3306
2023-11-01 12:00:00,12,No Holiday,7.7,0.0,0.0,79,Clouds,overcast clouds,3788
2023-11-01 13:00:00,13,No Holiday,4.9,0.0,0.0,95,Mist,mist,3049
2023-11-01 14:00:00,14,No Holiday,7.3,0.0,0.0,72,Clouds,broken clouds,3574
2023-11-01 15:00:00,15,No Holiday,8.0,0.0,0.0,89,Fog,fog,3519
2023-11-01 16:00:00,16,No Holiday,6.7,0.0,0.0,82,Clouds,scattered clouds,4848
2023-11-01 17:00:00,17,No Holiday,5.3,0.0,0.0,1,Clear,sky is clear,5441
2023-11-01 18:00:00,18,No Holiday,4.5,0.0,0.0,83,Mist,mist,4800
2023-11-01 19:00:00,19,No Holiday,4.9,0.0,0.0,71,Fog,fog,2644
2023-11-01 20:00:00,20,No Holiday,1.2,0.0,0.0,42,Clouds,overcast clouds,2850
2023-11-01 21:00:00,21,No Holiday,0.6,0.0,0.0,9,Clear,sky is clear,2789
2023-11-01 22:00:00,22,No Holiday,0.5,0.0,0.0,45,Clouds,scattered clouds,528
2023-11-01 23:00:00,23,No Holiday,3.6,0.0,0.0,5,Clear,sky is clear,875
2023-11-02 00:00:00,0,No Holiday,-0.6,0.0,0.0,80,Clouds,few clouds,1030
2023-11-02 01:00:00,1,No Holiday,-3.6,0.0,0.0,73,Clouds,scattered clouds,707
2023-11-02 02:00:00,2,No Holiday,-0.1,0.0,0.0,89,Clouds,scattered clouds,608
2023-11-02 03:00:00,3,No Holiday,0.6,0.0,0.0,17,Clear,sky is clear,955
2023-11-02 04:00:00,4,No Holiday,1.2,0.0,0.0,30,Clouds,few clouds,487
2023-11-02 05:00:00,5,No Holiday,-1.2,0.0,0.0,10,Clear,sky is clear,769
2023-11-02 06:00:00,6,No Holiday,-3.4,0.71,0.0,88,Rain,light rain,765
2023-11-02 07:00:00,7,No Holiday,0.9,0.0,0.0,58,Clouds,scattered clouds,4809
2023-11-02 08:00:00,8,No Holiday,-1.5,0.0,0.0,11,Clear,sky is clear,4822
2023-11-02 09:00:00,9,No Holiday,1.0,0.0,0.0,15,Clear,sky is clear,4665
2023-11-02 10:00:00,10,No Holiday,4.7,0.0,0.0,61,Clouds,broken clouds,3943
2023-11-02 11:00:00,11,No Holiday,6.0,0.0,0.0,86,Clouds,scattered clouds,3716
2023-11-02 12:00:00,12,No Holiday,2.8,0.0,0.0,6,Clear,sky is clear,3271
2023-11-02 13:00:00,13,No Holiday,6.8,0.0,0.0,69,Clouds,few clouds,3592
2023-11-02 14:00:00,14,No Holiday,8.3,0.0,0.0,69,Clouds,overcast clouds,4018
2023-11-02 15:00:00,15,No Holiday,3.7,0.0,0.0,14,Clear,sky is clear,3675
2023-11-02 16:00:00,16,No Holiday,3.6,0.0,0.0,3,Clear,sky is clear,5114
2023-11-02 17:00:00,17,No Holiday,10.0,3.03,0.0,80,Rain,light rain,4954
2023-11-02 18:00:00,18,No Holiday,5.4,0.0,0.74,93,Snow,heavy snow,3466
2023-11-02 19:00:00,19,No Holiday,6.2,0.0,0.0,80,Clouds,scattered clouds,2760
2023-11-02 20:00:00,20,No Holiday,3.9,0.0,0.0,4,Clear,sky is clear,2778
2023-11-02 21:00:00,21,No Holiday,3.6,0.81,0.0,78,Drizzle,light intensity drizzle,2346
2023-11-02 22:00:00,22,No Holiday,0.2,0.0,0.6,76,Snow,heavy snow,682
2023-11-02 23:00:00,23,No Holiday,3.1,0.39,0.0,91,Drizzle,light intensity drizzle,578
2023-11-03 00:00:00,0,No Holiday,3.4,0.0,0.0,19,Clear,sky is clear,842
2023-11-03 01:00:00,1,No Holiday,-1.4,0.0,0.31,95,Snow,light snow,308
2023-11-03 02:00:00,2,No Holiday,-1.5,0.0,0.0,19,Clear,sky is clear,666
2023-11-03 03:00:00,3,No Holiday,0.3,0.0,0.0,7,Clear,sky is clear,772
2023-11-03 04:00:00,4,No Holiday,-0.4,0.3,0.0,90,Drizzle,light intensity drizzle,671
2023-11-03 05:00:00,5,No Holiday,0.3,0.0,0.0,10,Clear,sky is clear,606
2023-11-03 06:00:00,6,No Holiday,-3.9,0.0,0.0,5,Clear,sky is clear,763
2023-11-03 07:00:00,7,No Holiday,-3.3,0.0,0.0,15,Clear,sky is clear,4725
2023-11-03 08:00:00,8,No Holiday,2.9,0.52,0.0,95,Rain,heavy intensity rain,4094
2023-11-03 09:00:00,9,No Holiday,2.3,0.0,0.0,6,Clear,sky is clear,4679
2023-11-03 10:00:00,10,No Holiday,5.6,0.0,0.0,97,Mist,mist,3139
2023-11-03 11:00:00,11,No Holiday,6.1,0.0,0.0,15,Clear,sky is clear,3547
2023-11-03 12:00:00,12,No Holiday,-1.5,0.0,0.0,0,Clear,sky is clear,3926
2023-11-03 13:00:00,13,No Holiday,3.6,1.38,0.0,71,Rain,moderate rain,3084
2023-11-03 14:00:00,14,No Holiday,5.0,0.0,0.0,11,Clear,sky is clear,3186
2023-11-03 15:00:00,15,No Holiday,8.7,0.0,0.0,81,Clouds,overcast clouds,3607
2023-11-03 16:00:00,16,No Holiday,6.4,0.0,0.0,94,Clouds,few clouds,5735
2023-11-03 17:00:00,17,No Holiday,0.4,0.0,0.0,5,Clear,sky is clear,5737
2023-11-03 18:00:00,18,No Holiday,6.3,0.68,0.0,78,Rain,heavy intensity rain,4535
2023-11-03 19:00:00,19,No Holiday,8.3,0.0,0.0,0,Clear,sky is clear,2737
2023-11-03 20:00:00,20,No Holiday,4.2,0.0,0.0,8,Clear,sky is clear,3051
2023-11-03 21:00:00,21,No Holiday,5.2,0.0,0.0,76,Clouds,overcast clouds,2747
2023-11-03 22:00:00,22,No Holiday,0.4,2.06,0.0,88,Rain,heavy intensity rain,650
2023-11-03 23:00:00,23,No Holiday,0.7,0.0,0.0,85,Clouds,few clouds,800
2023-11-04 00:00:00,0,No Holiday,0.7,0.0,0.0,76,Thunderstorm,proximity thunderstorm,262
2023-11-04 01:00:00,1,No Holiday,1.9,0.0,0.0,11,Clear,sky is clear,501
2023-11-04 02:00:00,2,No Holiday,-5.5,0.0,0.0,7,Clear,sky is clear,666
2023-11-04 03:00:00,3,No Holiday,-1.2,0.0,0.0,2,Clear,sky is clear,360
2023-11-04 04:00:00,4,No Holiday,2.9,0.68,0.0,78,Rain,moderate rain,415
2023-11-04 05:00:00,5,No Holiday,0.7,0.0,0.0,19,Clear,sky is clear,335
2023-11-04 06:00:00,6,No Holiday,-1.3,2.49,0.0,79,Rain,moderate rain,448
2023-11-04 07:00:00,7,No Holiday,-0.4,0.0,0.0,9,Clear,sky is clear,2853
2023-11-04 08:00:00,8,No Holiday,0.8,0.0,0.0,7,Clear,sky is clear,2820
2023-11-04 09:00:00,9,No Holiday,3.3,0.0,0.0,18,Clear,sky is clear,3063
2023-11-04 10:00:00,10,No Holiday,2.8,0.0,0.0,76,Clouds,broken clouds,2242
2023-11-04 11:00:00,11,No Holiday,6.0,0.0,0.0,19,Clear,sky is clear,2163
2023-11-04 12:00:00,12,No Holiday,3.1,0.0,0.0,14,Clear,sky is clear,2879
2023-11-04 13:00:00,13,No Holiday,6.0,0.0,0.0,90,Mist,mist,2200
2023-11-04 14:00:00,14,No Holiday,2.8,0.0,0.0,2,Clear,sky is clear,2718
2023-11-04 15:00:00,15,No Holiday,8.3,0.0,0.0,15,Clear,sky is clear,2732
2023-11-04 16:00:00,16,No Holiday,7.3,0.0,0.0,79,Clouds,few clouds,4373
2023-11-04 17:00:00,17,No Holiday,5.2,0.0,0.0,18,Clear,sky is clear,4377
2023-11-04 18:00:00,18,No Holiday,-3.6,5.77,0.0,74,Rain,light rain,2986
2023-11-04 19:00:00,19,No Holiday,5.5,0.0,0.0,11,Clear,sky is clear,1836
2023-11-04 20:00:00,20,No Holiday,7.7,0.0,0.0,82,Mist,mist,1596
2023-11-04 21:00:00,21,No Holiday,0.8,0.0,0.0,74,Fog,fog,1427
2023-11-04 22:00:00,22,No Holiday,3.7,0.0,1.9,96,Snow,light snow,301
2023-11-04 23:00:00,23,No Holiday,3.1,0.0,0.0,69,Clouds,scattered clouds,418
2023-11-05 00:00:00,0,No Holiday,1.4,0.0,0.0,19,Clear,sky is clear,373
2023-11-05 01:00:00,1,No Holiday,2.5,0.0,0.0,10,Clear,sky is clear,259
2023-11-05 02:00:00,2,No Holiday,-0.2,0.0,0.0,14,Clear,sky is clear,392
2023-11-05 03:00:00,3,No Holiday,-1.9,0.0,0.0,2,Clear,sky is clear,511
2023-11-05 04:00:00,4,No Holiday,-1.9,0.0,0.0,70,Fog,fog,380
2023-11-05 05:00:00,5,No Holiday,0.3,0.0,0.0,15,Clear,sky is clear,334
2023-11-05 06:00:00,6,No Holiday,-1.5,0.0,0.0,3,Clear,sky is clear,441
2023-11-05 07:00:00,7,No Holiday,1.3,0.0,0.0,70,Thunderstorm,proximity thunderstorm,1835
2023-11-05 08:00:00,8,No Holiday,2.7,1.75,0.0,84,Rain,heavy intensity rain,3015
2023-11-05 09:00:00,9,No Holiday,2.0,0.0,0.0,31,Clouds,broken clouds,3066
2023-11-05 10:00:00,10,No Holiday,4.0,0.0,0.0,94,Clouds,overcast clouds,2401
2023-11-05 11:00:00,11,No Holiday,8.0,0.0,0.0,2,Clear,sky is clear,2181
2023-11-05 12:00:00,12,No Holiday,7.9,4.16,0.0,73,Rain,light rain,2233
2023-11-05 13:00:00,13,No Holiday,4.2,0.0,0.0,35,Clouds,few clouds,2358
2023-11-05 14:00:00,14,No Holiday,3.4,0.0,0.43,97,Snow,light snow,2029
2023-11-05 15:00:00,15,No Holiday,10.4,0.0,0.0,12,Clear,sky is clear,2789
2023-11-05 16:00:00,16,No Holiday,5.8,1.25,0.0,70,Rain,heavy intensity rain,3634
2023-11-05 17:00:00,17,No Holiday,8.7,0.0,0.0,70,Clouds,broken clouds,4440
2023-11-05 18:00:00,18,No Holiday,7.3,1.0,0.0,81,Rain,light rain,2850
2023-11-05 19:00:00,19,No Holiday,6.6,0.0,0.0,6,Clear,sky is clear,1988
2023-11-05 20:00:00,20,No Holiday,3.7,0.0,0.0,91,Mist,mist,1960
2023-11-05 21:00:00,21,No Holiday,2.0,0.72,0.0,79,Rain,moderate rain,1381
2023-11-05 22:00:00,22,No Holiday,0.8,0.0,0.0,10,Clear,sky is clear,391
2023-11-05 23:00:00,23,No Holiday,0.2,0.0,0.0,36,Clouds,broken clouds,326
2023-11-06 00:00:00,0,No Holiday,1.6,2.94,0.0,86,Rain,moderate rain,729
2023-11-06 01:00:00,1,No Holiday,-5.2,0.0,0.0,73,Clouds,scattered clouds,468
2023-11-06 02:00:00,2,No Holiday,-0.5,0.0,0.0,76,Clouds,overcast clouds,751
2023-11-06 03:00:00,3,No Holiday,-0.2,0.0,0.0,95,Clouds,broken clouds,887
2023-11-06 04:00:00,4,No Holiday,-1.4,0.0,0.0,94,Thunderstorm,thunderstorm with light rain,372
2023-11-06 05:00:00,5,No Holiday,3.0,0.0,0.0,68,Clouds,broken clouds,765
2023-11-06 06:00:00,6,No Holiday,1.8,0.0,0.0,10,Clear,sky is clear,780
2023-11-06 07:00:00,7,No Holiday,4.7,0.0,0.0,1,Clear,sky is clear,4741
2023-11-06 08:00:00,8,No Holiday,1.9,0.0,0.0,7,Clear,sky is clear,5043
2023-11-06 09:00:00,9,No Holiday,3.1,4.55,0.0,80,Rain,moderate rain,4408
2023-11-06 10:00:00,10,No Holiday,2.9,0.0,0.0,18,Clear,sky is clear,3721
2023-11-06 11:00:00,11,No Holiday,2.1,0.88,0.0,80,Rain,moderate rain,3026
2023-11-06 12:00:00,12,No Holiday,9.1,0.0,0.0,96,Clouds,overcast clouds,3673
2023-11-06 13:00:00,13,No Holiday,9.8,0.0,0.0,19,Clear,sky is clear,2915
2023-11-06 14:00:00,14,No Holiday,6.2,0.0,0.0,80,Fog,fog,3172
2023-11-06 15:00:00,15,No Holiday,2.4,0.55,0.0,89,Rain,moderate rain,3357
2023-11-06 16:00:00,16,No Holiday,4.6,0.0,0.0,35,Clouds,few clouds,5255
2023-11-06 17:00:00,17,No Holiday,6.7,0.0,0.0,18,Clear,sky is clear,5561
2023-11-06 18:00:00,18,No Holiday,6.5,0.0,0.0,73,Mist,mist,4924
2023-11-06 19:00:00,19,No Holiday,5.4,0.0,0.0,80,Fog,fog,2643
2023-11-06 20:00:00,20,No Holiday,5.2,0.0,0.0,13,Clear,sky is clear,3154
2023-11-06 21:00:00,21,No Holiday,3.5,0.0,0.0,8,Clear,sky is clear,2863
2023-11-06 22:00:00,22,No Holiday,-0.9,0.0,0.0,69,Clouds,broken clouds,817
2023-11-06 23:00:00,23,No Holiday,0.4,0.0,0.0,8,Clear,sky is clear,657
2023-11-07 00:00:00,0,No Holiday,-0.7,0.0,0.0,67,Clouds,few clouds,640
2023-11-07 01:00:00,1,No Holiday,-3.2,0.33,0.0,80,Rain,moderate rain,689
2023-11-07 02:00:00,2,No Holiday,-4.1,0.0,0.0,93,Clouds,few clouds,549
2023-11-07 03:00:00,3,No Holiday,-6.3,0.0,0.0,0,Clear,sky is clear,423
2023-11-07 04:00:00,4,No Holiday,0.3,0.0,0.0,71,Clouds,few clouds,791
2023-11-07 05:00:00,5,No Holiday,-1.3,0.0,0.38,99,Snow,heavy snow,473
2023-11-07 06:00:00,6,No Holiday,1.4,0.0,0.0,95,Clouds,few clouds,642
2023-11-07 07:00:00,7,No Holiday,1.9,0.0,0.0,3,Clear,sky is clear,4937
2023-11-07 08:00:00,8,No Holiday,1.2,0.35,0.0,87,Rain,heavy intensity rain,3931
2023-11-07 09:00:00,9,No Holiday,2.7,0.0,0.0,11,Clear,sky is clear,5124
2023-11-07 10:00:00,10,No Holiday,4.4,0.0,0.0,47,Clouds,scattered clouds,3986
2023-11-07 11:00:00,11,No Holiday,5.8,0.0,0.0,74,Clouds,broken clouds,3720
2023-11-07 12:00:00,12,No Holiday,6.3,0.0,0.0,73,Mist,mist,3547
2023-11-07 13:00:00,13,No Holiday,4.9,0.0,0.0,9,Clear,sky is clear,3692
2023-11-07 14:00:00,14,No Holiday,6.7,0.0,0.0,2,Clear,sky is clear,3381
2023-11-07 15:00:00,15,No Holiday,10.8,0.84,0.0,92,Rain,heavy intensity rain,3370
2023-11-07 16:00:00,16,No Holiday,6.9,3.46,0.0,75,Rain,light rain,4895
2023-11-07 17:00:00,17,No Holiday,8.5,0.0,0.0,13,Clear,sky is clear,5603
2023-11-07 18:00:00,18,No Holiday,10.0,0.0,1.56,93,Snow,light snow,3814
2023-11-07 19:00:00,19,No Holiday,6.0,0.0,0.0,6,Clear,sky is clear,2843
2023-11-07 20:00:00,20,No Holiday,3.1,0.0,0.0,91,Mist,mist,2204
2023-11-07 21:00:00,21,No Holiday,4.4,0.0,0.0,51,Clouds,scattered clouds,2844
2023-11-07 22:00:00,22,No Holiday,2.2,0.0,0.0,12,Clear,sky is clear,843
2023-11-07 23:00:00,23,No Holiday,0.7,0.0,0.0,8,Clear,sky is clear,827
2023-11-08 00:00:00,0,No Holiday,0.3,0.0,0.0,0,Clear,sky is clear,640
2023-11-08 01:00:00,1,No Holiday,-1.5,0.0,0.0,17,Clear,sky is clear,419
2023-11-08 02:00:00,2,No Holiday,1.4,0.0,0.0,46,Clouds,overcast clouds,949
2023-11-08 03:00:00,3,No Holiday,-0.6,0.0,0.0,12,Clear,sky is clear,485
2023-11-08 04:00:00,4,No Holiday,1.8,0.0,0.0,7,Clear,sky is clear,681
2023-11-08 05:00:00,5,No Holiday,-1.6,0.0,0.0,89,Thunderstorm,thunderstorm with light rain,369
2023-11-08 06:00:00,6,No Holiday,-0.1,0.0,0.0,30,Clouds,few clouds,813
2023-11-08 07:00:00,7,No Holiday,0.6,0.0,1.73,82,Snow,heavy snow,3645
2023-11-08 08:00:00,8,No Holiday,2.2,0.0,0.0,9,Clear,sky is clear,5265
2023-11-08 09:00:00,9,No Holiday,2.8,0.35,0.0,90,Drizzle,light intensity drizzle,4327
2023-11-08 10:00:00,10,No Holiday,1.2,1.25,0.0,84,Rain,light rain,3172
2023-11-08 11:00:00,11,No Holiday,2.4,0.0,0.58,95,Snow,light snow,2384
2023-11-08 12:00:00,12,No Holiday,5.4,0.0,0.0,91,Clouds,broken clouds,3457
2023-11-08 13:00:00,13,No Holiday,5.8,0.72,0.0,71,Drizzle,light intensity drizzle,3063
2023-11-08 14:00:00,14,No Holiday,4.6,0.0,0.0,3,Clear,sky is clear,3297
2023-11-08 15:00:00,15,No Holiday,9.1,0.0,0.0,73,Clouds,scattered clouds,3945
2023-11-08 16:00:00,16,No Holiday,8.4,0.0,1.23,97,Snow,light snow,3844
2023-11-08 17:00:00,17,No Holiday,7.8,0.0,0.0,73,Mist,mist,4510
2023-11-08 18:00:00,18,No Holiday,7.6,0.87,0.0,87,Drizzle,light intensity drizzle,4834
2023-11-08 19:00:00,19,No Holiday,0.5,0.0,0.0,3,Clear,sky is clear,2761
2023-11-08 20:00:00,20,No Holiday,2.7,0.0,0.0,89,Mist,mist,2617
2023-11-08 21:00:00,21,No Holiday,4.3,0.0,0.0,16,Clear,sky is clear,2506
2023-11-08 22:00:00,22,No Holiday,4.2,0.58,0.0,91,Rain,light rain,690
2023-11-08 23:00:00,23,No Holiday,-1.6,0.0,0.0,1,Clear,sky is clear,1104
2023-11-09 00:00:00,0,No Holiday,-2.8,0.0,0.0,4,Clear,sky is clear,751
2023-11-09 01:00:00,1,No Holiday,-1.7,0.3,0.0,87,Drizzle,light intensity drizzle,819
2023-11-09 02:00:00,2,No Holiday,1.4,0.0,0.0,90,Thunderstorm,proximity thunderstorm,276
2023-11-09 03:00:00,3,No Holiday,-0.9,1.52,0.0,81,Rain,moderate rain,697
2023-11-09 04:00:00,4,No Holiday,-0.2,0.0,0.0,93,Clouds,broken clouds,522
2023-11-09 05:00:00,5,No Holiday,-2.1,0.07,0.0,73,Rain,moderate rain,791
2023-11-09 06:00:00,6,No Holiday,0.9,0.0,0.0,15,Clear,sky is clear,859
2023-11-09 07:00:00,7,No Holiday,0.9,0.0,0.0,15,Clear,sky is clear,4583
2023-11-09 08:00:00,8,No Holiday,-0.1,0.0,0.0,89,Clouds,overcast clouds,4657
2023-11-09 09:00:00,9,No Holiday,2.5,0.0,0.0,97,Fog,fog,4131
2023-11-09 10:00:00,10,No Holiday,5.1,0.4,0.0,95,Rain,moderate rain,3185
2023-11-09 11:00:00,11,No Holiday,8.1,0.0,0.0,15,Clear,sky is clear,3489
2023-11-09 12:00:00,12,No Holiday,6.8,0.0,0.0,7,Clear,sky is clear,3852
2023-11-09 13:00:00,13,No Holiday,10.9,0.0,0.0,91,Thunderstorm,thunderstorm with light rain,1972
2023-11-09 14:00:00,14,No Holiday,6.6,0.0,0.0,0,Clear,sky is clear,3155
2023-11-09 15:00:00,15,No Holiday,5.8,0.0,0.0,71,Clouds,scattered clouds,3004
2023-11-09 16:00:00,16,No Holiday,5.1,0.44,0.0,81,Rain,light rain,4577
2023-11-09 17:00:00,17,No Holiday,5.5,0.0,0.0,99,Clouds,scattered clouds,5313
2023-11-09 18:00:00,18,No Holiday,4.5,0.0,0.0,3,Clear,sky is clear,5353
2023-11-09 19:00:00,19,No Holiday,3.9,0.0,0.0,99,Clouds,scattered clouds,2556
2023-11-09 20:00:00,20,No Holiday,-1.0,0.0,0.0,65,Clouds,scattered clouds,2837
2023-11-09 21:00:00,21,No Holiday,3.4,0.0,0.0,90,Clouds,few clouds,3091
2023-11-09 22:00:00,22,No Holiday,0.3,0.0,0.0,83,Thunderstorm,thunderstorm with light rain,299
2023-11-09 23:00:00,23,No Holiday,2.7,0.0,0.0,93,Clouds,overcast clouds,719
2023-11-10 00:00:00,0,No Holiday,0.0,0.24,0.0,86,Rain,moderate rain,784
2023-11-10 01:00:00,1,No Holiday,-0.7,0.0,0.0,41,Clouds,broken clouds,718
2023-11-10 02:00:00,2,No Holiday,-4.8,0.0,0.0,80,Clouds,overcast clouds,728
2023-11-10 03:00:00,3,No Holiday,-1.7,0.0,0.0,57,Clouds,few clouds,729
2023-11-10 04:00:00,4,No Holiday,-1.6,0.0,0.0,44,Clouds,broken clouds,967
2023-11-10 05:00:00,5,No Holiday,-2.9,0.0,0.0,50,Clouds,few clouds,503
2023-11-10 06:00:00,6,No Holiday,1.1,0.0,0.0,18,Clear,sky is clear,897
2023-11-10 07:00:00,7,No Holiday,1.8,0.0,0.0,85,Clouds,broken clouds,4535
2023-11-10 08:00:00,8,No Holiday,0.3,0.0,0.0,2,Clear,sky is clear,5031
2023-11-10 09:00:00,9,No Holiday,0.1,0.0,0.0,3,Clear,sky is clear,4816
2023-11-10 10:00:00,10,No Holiday,3.9,0.0,0.0,71,Clouds,scattered clouds,3194
2023-11-10 11:00:00,11,No Holiday,6.0,0.0,0.0,87,Clouds,broken clouds,3483
2023-11-10 12:00:00,12,No Holiday,5.5,0.3,0.0,73,Rain,moderate rain,3552
2023-11-10 13:00:00,13,No Holiday,4.6,0.0,0.0,10,Clear,sky is clear,3647
2023-11-10 14:00:00,14,No Holiday,2.9,2.69,0.0,75,Rain,moderate rain,3154
2023-11-10 15:00:00,15,No Holiday,7.5,1.98,0.0,94,Rain,moderate rain,3504
2023-11-10 16:00:00,16,No Holiday,7.4,0.0,0.0,15,Clear,sky is clear,4997
2023-11-10 17:00:00,17,No Holiday,4.1,0.0,0.0,83,Clouds,few clouds,4815
2023-11-10 18:00:00,18,No Holiday,6.4,0.0,0.0,30,Clouds,scattered clouds,5921
2023-11-10 19:00:00,19,No Holiday,6.9,0.0,0.0,15,Clear,sky is clear,2696
2023-11-10 20:00:00,20,No Holiday,3.9,0.57,0.0,96,Rain,heavy intensity rain,2455
2023-11-10 21:00:00,21,No Holiday,8.5,0.0,0.0,81,Clouds,broken clouds,2883
2023-11-10 22:00:00,22,No Holiday,1.7,0.0,0.0,45,Clouds,broken clouds,713
2023-11-10 23:00:00,23,No Holiday,5.0,0.0,0.0,1,Clear,sky is clear,885
2023-11-11 00:00:00,0,Veterans Day,3.0,0.0,0.0,11,Clear,sky is clear,213
2023-11-11 01:00:00,1,Veterans Day,0.1,0.0,0.0,74,Clouds,scattered clouds,197
2023-11-11 02:00:00,2,Veterans Day,-3.5,0.0,0.0,96,Clouds,broken clouds,208
2023-11-11 03:00:00,3,Veterans Day,-1.7,0.0,0.0,14,Clear,sky is clear,122
2023-11-11 04:00:00,4,Veterans Day,-0.9,0.0,0.0,8,Clear,sky is clear,244
2023-11-11 05:00:00,5,Veterans Day,-2.4,0.0,0.0,4,Clear,sky is clear,269
2023-11-11 06:00:00,6,Veterans Day,-1.0,0.0,0.0,1,Clear,sky is clear,157
2023-11-11 07:00:00,7,Veterans Day,-1.8,0.0,0.0,47,Clouds,scattered clouds,1387
2023-11-11 08:00:00,8,Veterans Day,-0.6,0.0,4.51,74,Snow,light snow,989
2023-11-11 09:00:00,9,Veterans Day,-1.2,0.0,0.0,95,Clouds,overcast clouds,1331
2023-11-11 10:00:00,10,Veterans Day,2.7,0.0,0.0,65,Clouds,few clouds,1022
2023-11-11 11:00:00,11,Veterans Day,2.6,0.0,0.0,10,Clear,sky is clear,937
2023-11-11 12:00:00,12,Veterans Day,6.1,0.0,0.0,13,Clear,sky is clear,1209
2023-11-11 13:00:00,13,Veterans Day,7.8,0.62,0.0,82,Rain,moderate rain,972
2023-11-11 14:00:00,14,Veterans Day,7.6,0.0,0.0,13,Clear,sky is clear,1194
2023-11-11 15:00:00,15,Veterans Day,3.5,0.0,0.0,17,Clear,sky is clear,1284
2023-11-11 16:00:00,16,Veterans Day,7.7,0.0,0.0,11,Clear,sky is clear,1871
2023-11-11 17:00:00,17,Veterans Day,9.7,0.01,0.0,83,Rain,moderate rain,1659
2023-11-11 18:00:00,18,Veterans Day,2.9,0.0,0.0,9,Clear,sky is clear,1670
2023-11-11 19:00:00,19,Veterans Day,3.4,0.0,0.0,40,Clouds,broken clouds,828
2023-11-11 20:00:00,20,Veterans Day,1.0,0.0,0.0,6,Clear,sky is clear,814
2023-11-11 21:00:00,21,Veterans Day,4.0,0.93,0.0,76,Rain,heavy intensity rain,688
2023-11-11 22:00:00,22,Veterans Day,2.3,0.0,0.0,94,Clouds,scattered clouds,183
2023-11-11 23:00:00,23,Veterans Day,-5.7,0.0,0.0,87,Mist,mist,223
2023-11-12 00:00:00,0,No Holiday,3.9,4.91,0.0,80,Rain,heavy intensity rain,274
2023-11-12 01:00:00,1,No Holiday,-3.0,0.0,0.0,18,Clear,sky is clear,326
2023-11-12 02:00:00,2,No Holiday,-0.4,0.0,0.0,0,Clear,sky is clear,618
2023-11-12 03:00:00,3,No Holiday,0.7,3.75,0.0,71,Rain,moderate rain,262
2023-11-12 04:00:00,4,No Holiday,-1.1,0.0,0.0,7,Clear,sky is clear,391
2023-11-12 05:00:00,5,No Holiday,2.8,0.0,0.0,30,Clouds,broken clouds,348
2023-11-12 06:00:00,6,No Holiday,-4.1,0.0,0.0,0,Clear,sky is clear,419
2023-11-12 07:00:00,7,No Holiday,0.9,0.0,0.0,2,Clear,sky is clear,2826
2023-11-12 08:00:00,8,No Holiday,1.0,0.0,0.0,85,Clouds,few clouds,2902
2023-11-12 09:00:00,9,No Holiday,3.1,0.0,0.0,82,Clouds,overcast clouds,3232
2023-11-12 10:00:00,10,No Holiday,3.0,0.4,0.0,98,Drizzle,light intensity drizzle,1824
2023-11-12 11:00:00,11,No Holiday,1.8,0.0,3.82,78,Snow,light snow,1613
2023-11-12 12:00:00,12,No Holiday,7.6,0.0,0.0,4,Clear,sky is clear,2588
2023-11-12 13:00:00,13,No Holiday,3.5,0.0,0.0,82,Clouds,overcast clouds,2580
2023-11-12 14:00:00,14,No Holiday,5.3,2.7,0.0,91,Rain,moderate rain,2588
2023-11-12 15:00:00,15,No Holiday,6.8,0.0,0.0,80,Clouds,scattered clouds,2961
2023-11-12 16:00:00,16,No Holiday,5.8,1.4,0.0,77,Rain,light rain,3577
2023-11-12 17:00:00,17,No Holiday,4.0,0.0,0.0,43,Clouds,overcast clouds,4139
2023-11-12 18:00:00,18,No Holiday,3.1,0.0,0.0,57,Clouds,overcast clouds,3409
2023-11-12 19:00:00,19,No Holiday,4.1,0.0,0.0,46,Clouds,overcast clouds,1756
2023-11-12 20:00:00,20,No Holiday,2.9,0.0,0.0,16,Clear,sky is clear,1632
2023-11-12 21:00:00,21,No Holiday,-1.7,0.0,0.0,86,Clouds,overcast clouds,2036
2023-11-12 22:00:00,22,No Holiday,1.9,0.93,0.0,77,Rain,moderate rain,530
2023-11-12 23:00:00,23,No Holiday,1.7,0.0,0.0,11,Clear,sky is clear,459
2023-11-13 00:00:00,0,No Holiday,-0.3,0.0,0.0,75,Mist,mist,541
2023-11-13 01:00:00,1,No Holiday,-6.0,0.0,0.0,1,Clear,sky is clear,626
2023-11-13 02:00:00,2,No Holiday,-0.5,0.0,0.0,15,Clear,sky is clear,645
2023-11-13 03:00:00,3,No Holiday,-1.0,0.0,0.0,19,Clear,sky is clear,757
2023-11-13 04:00:00,4,No Holiday,-0.4,0.0,0.0,74,Clouds,broken clouds,682
2023-11-13 05:00:00,5,No Holiday,-0.7,0.0,0.0,10,Clear,sky is clear,560
2023-11-13 06:00:00,6,No Holiday,-1.0,0.0,0.0,97,Clouds,few clouds,662
2023-11-13 07:00:00,7,No Holiday,3.2,0.0,0.0,89,Thunderstorm,thunderstorm with light rain,2884
2023-11-13 08:00:00,8,No Holiday,-1.1,0.0,0.0,6,Clear,sky is clear,4634
2023-11-13 09:00:00,9,No Holiday,3.4,0.0,0.0,16,Clear,sky is clear,4318
2023-11-13 10:00:00,10,No Holiday,4.0,0.0,0.0,33,Clouds,scattered clouds,4081
2023-11-13 11:00:00,11,No Holiday,7.3,0.0,0.6,92,Snow,light snow,2649
2023-11-13 12:00:00,12,No Holiday,3.3,0.0,0.0,9,Clear,sky is clear,3467
2023-11-13 13:00:00,13,No Holiday,6.3,0.0,0.0,8,Clear,sky is clear,3275
2023-11-13 14:00:00,14,No Holiday,11.4,0.87,0.0,76,Rain,heavy intensity rain,3087
2023-11-13 15:00:00,15,No Holiday,4.2,0.24,0.0,99,Rain,light rain,2798
2023-11-13 16:00:00,16,No Holiday,7.7,0.0,0.0,85,Clouds,few clouds,5162
2023-11-13 17:00:00,17,No Holiday,6.5,0.25,0.0,92,Rain,light rain,4664
2023-11-13 18:00:00,18,No Holiday,4.8,0.0,0.0,86,Clouds,broken clouds,5640
2023-11-13 19:00:00,19,No Holiday,3.3,0.0,0.0,91,Clouds,overcast clouds,3158
2023-11-13 20:00:00,20,No Holiday,1.4,0.0,0.0,4,Clear,sky is clear,3203
2023-11-13 21:00:00,21,No Holiday,5.8,0.0,0.0,87,Clouds,scattered clouds,2772
2023-11-13 22:00:00,22,No Holiday,1.8,0.0,0.0,37,Clouds,overcast clouds,619
2023-11-13 23:00:00,23,No Holiday,-3.6,0.0,0.0,0,Clear,sky is clear,527
2023-11-14 00:00:00,0,No Holiday,-0.1,0.0,0.0,0,Clear,sky is clear,950
2023-11-14 01:00:00,1,No Holiday,-1.3,0.0,0.0,73,Clouds,overcast clouds,599
2023-11-14 02:00:00,2,No Holiday,0.8,0.0,0.0,80,Clouds,overcast clouds,739
2023-11-14 03:00:00,3,No Holiday,0.5,0.41,0.0,74,Rain,heavy intensity rain,354
2023-11-14 04:00:00,4,No Holiday,-0.2,0.0,0.88,72,Snow,light snow,613
2023-11-14 05:00:00,5,No Holiday,-2.1,0.0,0.0,73,Mist,mist,495
2023-11-14 06:00:00,6,No Holiday,1.8,0.0,0.0,3,Clear,sky is clear,762
2023-11-14 07:00:00,7,No Holiday,2.3,0.0,0.0,32,Clouds,scattered clouds,4637
2023-11-14 08:00:00,8,No Holiday,4.3,0.0,0.0,72,Clouds,broken clouds,4293
2023-11-14 09:00:00,9,No Holiday,4.5,0.0,0.0,45,Clouds,few clouds,4493
2023-11-14 10:00:00,10,No Holiday,3.1,0.0,0.0,9,Clear,sky is clear,3334
2023-11-14 11:00:00,11,No Holiday,5.5,0.0,0.0,0,Clear,sky is clear,3504
2023-11-14 12:00:00,12,No Holiday,5.6,0.69,0.0,75,Drizzle,light intensity drizzle,2860
2023-11-14 13:00:00,13,No Holiday,8.4,0.0,0.0,92,Mist,mist,3540
2023-11-14 14:00:00,14,No Holiday,8.2,0.0,0.0,15,Clear,sky is clear,3416
2023-11-14 15:00:00,15,No Holiday,7.9,0.0,0.0,13,Clear,sky is clear,3574
2023-11-14 16:00:00,16,No Holiday,6.6,0.0,0.0,94,Clouds,scattered clouds,5878
2023-11-14 17:00:00,17,No Holiday,8.4,0.0,0.0,43,Clouds,overcast clouds,5146
2023-11-14 18:00:00,18,No Holiday,5.3,0.0,0.0,30,Clouds,scattered clouds,5586
2023-11-14 19:00:00,19,No Holiday,0.5,0.0,0.0,10,Clear,sky is clear,2931
2023-11-14 20:00:00,20,No Holiday,6.2,0.0,0.0,56,Clouds,scattered clouds,2853
2023-11-14 21:00:00,21,No Holiday,2.5,0.0,0.0,12,Clear,sky is clear,3103
2023-11-14 22:00:00,22,No Holiday,4.9,0.0,0.0,87,Clouds,scattered clouds,851
2023-11-14 23:00:00,23,No Holiday,-2.9,0.0,0.0,15,Clear,sky is clear,843
2023-11-15 00:00:00,0,No Holiday,2.2,0.0,0.0,87,Mist,mist,560
2023-11-15 01:00:00,1,No Holiday,-0.5,0.27,0.0,80,Rain,moderate rain,473
2023-11-15 02:00:00,2,No Holiday,-1.5,0.0,0.0,3,Clear,sky is clear,935
2023-11-15 03:00:00,3,No Holiday,-2.0,0.63,0.0,74,Drizzle,light intensity drizzle,753
2023-11-15 04:00:00,4,No Holiday,0.9,0.0,0.0,9,Clear,sky is clear,730
2023-11-15 05:00:00,5,No Holiday,0.6,0.0,0.0,43,Clouds,overcast clouds,540
2023-11-15 06:00:00,6,No Holiday,-0.3,0.0,0.0,9,Clear,sky is clear,832
2023-11-15 07:00:00,7,No Holiday,0.3,0.0,0.0,10,Clear,sky is clear,4690
2023-11-15 08:00:00,8,No Holiday,-2.5,0.0,0.0,64,Clouds,broken clouds,4720
2023-11-15 09:00:00,9,No Holiday,-2.1,0.97,0.0,90,Drizzle,light intensity drizzle,4599
2023-11-15 10:00:00,10,No Holiday,6.2,0.0,0.0,92,Fog,fog,2694
2023-11-15 11:00:00,11,No Holiday,1.7,0.0,0.0,90,Thunderstorm,thunderstorm with light rain,2271
2023-11-15 12:00:00,12,No Holiday,7.6,0.0,0.0,3,Clear,sky is clear,3620
2023-11-15 13:00:00,13,No Holiday,7.2,2.31,0.0,94,Rain,moderate rain,2939
2023-11-15 14:00:00,14,No Holiday,8.3,0.0,0.0,55,Clouds,broken clouds,3875
2023-11-15 15:00:00,15,No Holiday,7.9,0.0,0.0,10,Clear,sky is clear,3739
2023-11-15 16:00:00,16,No Holiday,5.6,0.0,0.0,84,Clouds,scattered clouds,4904
2023-11-15 17:00:00,17,No Holiday,6.7,0.0,0.0,82,Clouds,scattered clouds,5362
2023-11-15 18:00:00,18,No Holiday,4.6,0.0,0.0,17,Clear,sky is clear,4750
2023-11-15 19:00:00,19,No Holiday,5.2,0.0,0.0,89,Thunderstorm,proximity thunderstorm,1450
2023-11-15 20:00:00,20,No Holiday,3.8,0.28,0.0,87,Rain,heavy intensity rain,2994
2023-11-15 21:00:00,21,No Holiday,1.5,0.0,0.0,75,Mist,mist,2852
2023-11-15 22:00:00,22,No Holiday,0.2,0.0,1.74,72,Snow,heavy snow,575
2023-11-15 23:00:00,23,No Holiday,5.2,0.41,0.0,93,Rain,moderate rain,425
2023-11-16 00:00:00,0,No Holiday,-2.0,0.0,0.0,95,Mist,mist,781
2023-11-16 01:00:00,1,No Holiday,-3.2,0.0,0.0,16,Clear,sky is clear,625
2023-11-16 02:00:00,2,No Holiday,2.5,0.0,0.0,17,Clear,sky is clear,576
2023-11-16 03:00:00,3,No Holiday,-3.0,0.0,0.0,84,Thunderstorm,thunderstorm with light rain,438
2023-11-16 04:00:00,4,No Holiday,-3.4,0.0,0.0,6,Clear,sky is clear,837
2023-11-16 05:00:00,5,No Holiday,-4.0,0.0,0.0,97,Clouds,scattered clouds,714
2023-11-16 06:00:00,6,No Holiday,-2.1,0.0,0.0,70,Clouds,overcast clouds,773
2023-11-16 07:00:00,7,No Holiday,-4.5,0.0,0.0,1,Clear,sky is clear,4770
2023-11-16 08:00:00,8,No Holiday,1.0,0.0,0.0,4,Clear,sky is clear,4512
2023-11-16 09:00:00,9,No Holiday,-0.4,0.0,0.0,91,Clouds,broken clouds,4978
2023-11-16 10:00:00,10,No Holiday,2.9,0.0,0.0,65,Clouds,few clouds,3922
2023-11-16 11:00:00,11,No Holiday,2.7,0.87,0.0,95,Drizzle,light intensity drizzle,3109
2023-11-16 12:00:00,12,No Holiday,8.9,0.0,0.0,77,Clouds,broken clouds,3031
2023-11-16 13:00:00,13,No Holiday,4.6,0.92,0.0,85,Rain,moderate rain,2814
2023-11-16 14:00:00,14,No Holiday,7.3,0.0,0.0,2,Clear,sky is clear,3416
2023-11-16 15:00:00,15,No Holiday,9.4,0.0,0.0,70,Mist,mist,3300
2023-11-16 16:00:00,16,No Holiday,4.3,0.0,0.41,89,Snow,heavy snow,3675
2023-11-16 17:00:00,17,No Holiday,11.0,2.45,0.0,92,Rain,light rain,4791
2023-11-16 18:00:00,18,No Holiday,5.7,0.0,0.0,4,Clear,sky is clear,5663
2023-11-16 19:00:00,19,No Holiday,5.3,0.0,0.0,12,Clear,sky is clear,2962
2023-11-16 20:00:00,20,No Holiday,2.1,0.0,0.0,15,Clear,sky is clear,2967
2023-11-16 21:00:00,21,No Holiday,3.0,0.0,1.55,91,Snow,light snow,1819
2023-11-16 22:00:00,22,No Holiday,2.8,1.19,0.0,77,Rain,moderate rain,696
2023-11-16 23:00:00,23,No Holiday,1.7,0.0,0.0,74,Mist,mist,654
2023-11-17 00:00:00,0,No Holiday,1.2,4.39,0.0,73,Rain,heavy intensity rain,816
2023-11-17 01:00:00,1,No Holiday,1.4,0.98,0.0,72,Rain,light rain,574
2023-11-17 02:00:00,2,No Holiday,-1.1,0.0,0.0,10,Clear,sky is clear,750
2023-11-17 03:00:00,3,No Holiday,-2.3,0.0,0.0,97,Clouds,few clouds,786
2023-11-17 04:00:00,4,No Holiday,-2.1,0.0,0.0,13,Clear,sky is clear,802
2023-11-17 05:00:00,5,No Holiday,-1.1,0.0,0.0,80,Clouds,broken clouds,800
2023-11-17 06:00:00,6,No Holiday,1.5,0.0,0.0,63,Clouds,scattered clouds,960
2023-11-17 07:00:00,7,No Holiday,-0.4,0.0,0.0,72,Mist,mist,4539
2023-11-17 08:00:00,8,No Holiday,4.5,0.0,0.0,2,Clear,sky is clear,4759
2023-11-17 09:00:00,9,No Holiday,4.9,0.0,0.0,67,Clouds,few clouds,4415
2023-11-17 10:00:00,10,No Holiday,3.7,0.0,0.0,12,Clear,sky is clear,3486
2023-11-17 11:00:00,11,No Holiday,7.0,0.63,0.0,94,Rain,light rain,2815
2023-11-17 12:00:00,12,No Holiday,9.7,0.0,0.0,6,Clear,sky is clear,3419
2023-11-17 13:00:00,13,No Holiday,4.1,0.0,0.0,34,Clouds,few clouds,3799
2023-11-17 14:00:00,14,No Holiday,9.7,0.0,0.0,2,Clear,sky is clear,3525
2023-11-17 15:00:00,15,No Holiday,6.8,0.0,1.89,75,Snow,light snow,2416
2023-11-17 16:00:00,16,No Holiday,6.3,0.0,0.0,1,Clear,sky is clear,5532
2023-11-17 17:00:00,17,No Holiday,4.3,0.0,0.0,19,Clear,sky is clear,5239
2023-11-17 18:00:00,18,No Holiday,6.9,0.0,0.0,3,Clear,sky is clear,4927
2023-11-17 19:00:00,19,No Holiday,6.2,0.0,0.0,98,Clouds,few clouds,2466
2023-11-17 20:00:00,20,No Holiday,6.5,0.0,0.0,6,Clear,sky is clear,2459
2023-11-17 21:00:00,21,No Holiday,2.5,0.0,0.0,14,Clear,sky is clear,2500
2023-11-17 22:00:00,22,No Holiday,-4.2,0.65,0.0,83,Rain,heavy intensity rain,470
2023-11-17 23:00:00,23,No Holiday,-1.4,15.01,0.0,98,Rain,heavy intensity rain,845
2023-11-18 00:00:00,0,No Holiday,-0.7,0.0,0.0,78,Clouds,overcast clouds,543
2023-11-18 01:00:00,1,No Holiday,-1.6,0.0,0.0,19,Clear,sky is clear,327
2023-11-18 02:00:00,2,No Holiday,-0.7,0.0,0.09,97,Snow,light snow,380
2023-11-18 03:00:00,3,No Holiday,-0.5,0.0,0.0,14,Clear,sky is clear,354
2023-11-18 04:00:00,4,No Holiday,1.5,0.0,0.0,9,Clear,sky is clear,382
2023-11-18 05:00:00,5,No Holiday,-0.9,0.0,0.0,7,Clear,sky is clear,292
2023-11-18 06:00:00,6,No Holiday,-4.0,0.0,0.0,44,Clouds,scattered clouds,510
2023-11-18 07:00:00,7,No Holiday,0.5,1.79,0.0,81,Rain,heavy intensity rain,2526
2023-11-18 08:00:00,8,No Holiday,1.9,0.99,0.0,72,Rain,heavy intensity rain,2533
2023-11-18 09:00:00,9,No Holiday,1.0,0.0,0.97,84,Snow,heavy snow,2181
2023-11-18 10:00:00,10,No Holiday,-0.8,0.0,0.0,10,Clear,sky is clear,2013
2023-11-18 11:00:00,11,No Holiday,2.7,0.0,0.0,97,Mist,mist,2039
2023-11-18 12:00:00,12,No Holiday,2.8,0.59,0.0,90,Rain,moderate rain,2358
2023-11-18 13:00:00,13,No Holiday,7.5,0.0,0.0,9,Clear,sky is clear,2800
2023-11-18 14:00:00,14,No Holiday,8.4,0.0,0.0,31,Clouds,scattered clouds,2685
2023-11-18 15:00:00,15,No Holiday,5.5,0.0,0.0,14,Clear,sky is clear,2748
2023-11-18 16:00:00,16,No Holiday,5.9,0.0,0.0,36,Clouds,broken clouds,4052
2023-11-18 17:00:00,17,No Holiday,6.9,0.0,0.0,30,Clouds,overcast clouds,4635
2023-11-18 18:00:00,18,No Holiday,9.7,3.08,0.0,71,Rain,moderate rain,3011
2023-11-18 19:00:00,19,No Holiday,7.0,0.0,0.0,51,Clouds,broken clouds,1858
2023-11-18 20:00:00,20,No Holiday,-1.7,0.0,0.0,3,Clear,sky is clear,1609
2023-11-18 21:00:00,21,No Holiday,3.8,0.0,0.0,17,Clear,sky is clear,1911
2023-11-18 22:00:00,22,No Holiday,-0.1,0.42,0.0,95,Rain,heavy intensity rain,342
2023-11-18 23:00:00,23,No Holiday,2.2,0.0,0.0,62,Clouds,broken clouds,408
2023-11-19 00:00:00,0,No Holiday,-2.2,0.0,0.0,50,Clouds,scattered clouds,581
2023-11-19 01:00:00,1,No Holiday,-1.4,0.0,0.0,33,Clouds,broken clouds,502
2023-11-19 02:00:00,2,No Holiday,1.3,0.0,0.0,41,Clouds,few clouds,518
2023-11-19 03:00:00,3,No Holiday,-3.5,0.0,0.0,38,Clouds,scattered clouds,559
2023-11-19 04:00:00,4,No Holiday,-1.9,0.15,0.0,86,Rain,light rain,545
2023-11-19 05:00:00,5,No Holiday,-0.3,0.0,0.0,11,Clear,sky is clear,328
2023-11-19 06:00:00,6,No Holiday,-2.6,1.73,0.0,92,Rain,moderate rain,450
2023-11-19 07:00:00,7,No Holiday,1.4,0.0,0.0,7,Clear,sky is clear,3077
2023-11-19 08:00:00,8,No Holiday,2.7,0.0,0.0,2,Clear,sky is clear,3090
2023-11-19 09:00:00,9,No Holiday,-0.5,0.0,0.0,37,Clouds,overcast clouds,3024
2023-11-19 10:00:00,10,No Holiday,3.7,0.0,0.1,97,Snow,light snow,1771
2023-11-19 11:00:00,11,No Holiday,4.3,0.0,0.0,76,Fog,fog,1996
2023-11-19 12:00:00,12,No Holiday,6.8,0.0,0.0,3,Clear,sky is clear,2881
2023-11-19 13:00:00,13,No Holiday,9.3,0.0,0.0,34,Clouds,broken clouds,2754
2023-11-19 14:00:00,14,No Holiday,5.4,0.0,0.0,42,Clouds,broken clouds,2882
2023-11-19 15:00:00,15,No Holiday,2.4,0.0,0.0,4,Clear,sky is clear,2809
2023-11-19 16:00:00,16,No Holiday,4.5,0.0,0.0,6,Clear,sky is clear,4448
2023-11-19 17:00:00,17,No Holiday,4.1,0.0,0.0,59,Clouds,scattered clouds,4231
2023-11-19 18:00:00,18,No Holiday,4.8,0.0,0.0,16,Clear,sky is clear,3901
2023-11-19 19:00:00,19,No Holiday,3.7,0.0,0.0,52,Clouds,overcast clouds,1656
2023-11-19 20:00:00,20,No Holiday,-1.6,0.0,0.0,79,Clouds,overcast clouds,1872
2023-11-19 21:00:00,21,No Holiday,0.3,7.65,0.0,71,Rain,heavy intensity rain,1671
2023-11-19 22:00:00,22,No Holiday,2.8,0.0,0.0,94,Fog,fog,416
2023-11-19 23:00:00,23,No Holiday,-0.8,0.0,0.0,1,Clear,sky is clear,280
2023-11-20 00:00:00,0,No Holiday,-0.9,1.95,0.0,89,Rain,light rain,827
2023-11-20 01:00:00,1,No Holiday,4.0,3.34,0.0,92,Rain,heavy intensity rain,762
2023-11-20 02:00:00,2,No Holiday,0.1,0.0,0.0,85,Clouds,few clouds,889
2023-11-20 03:00:00,3,No Holiday,-1.6,0.0,0.0,3,Clear,sky is clear,802
2023-11-20 04:00:00,4,No Holiday,-2.1,0.0,0.0,12,Clear,sky is clear,580
2023-11-20 05:00:00,5,No Holiday,-2.9,5.35,0.0,83,Rain,heavy intensity rain,557
2023-11-20 06:00:00,6,No Holiday,-0.1,2.06,0.0,76,Rain,heavy intensity rain,748
2023-11-20 07:00:00,7,No Holiday,1.9,0.0,0.0,5,Clear,sky is clear,5097
2023-11-20 08:00:00,8,No Holiday,4.9,0.0,0.0,1,Clear,sky is clear,4641
2023-11-20 09:00:00,9,No Holiday,2.1,0.0,0.56,82,Snow,heavy snow,3560
2023-11-20 10:00:00,10,No Holiday,3.5,0.0,0.0,4,Clear,sky is clear,3319
2023-11-20 11:00:00,11,No Holiday,4.2,0.0,0.0,53,Clouds,scattered clouds,3366
2023-11-20 12:00:00,12,No Holiday,11.2,0.0,0.0,4,Clear,sky is clear,3421
2023-11-20 13:00:00,13,No Holiday,3.2,0.0,0.0,3,Clear,sky is clear,3512
2023-11-20 14:00:00,14,No Holiday,5.1,0.0,0.0,3,Clear,sky is clear,3113
2023-11-20 15:00:00,15,No Holiday,10.9,0.89,0.0,77,Drizzle,light intensity drizzle,3479
2023-11-20 16:00:00,16,No Holiday,4.7,0.0,0.0,2,Clear,sky is clear,5723
2023-11-20 17:00:00,17,No Holiday,2.2,0.0,0.0,4,Clear,sky is clear,5409
2023-11-20 18:00:00,18,No Holiday,5.9,0.0,0.0,5,Clear,sky is clear,4810
2023-11-20 19:00:00,19,No Holiday,1.1,0.0,0.0,61,Clouds,overcast clouds,2635
2023-11-20 20:00:00,20,No Holiday,3.3,0.0,0.0,6,Clear,sky is clear,3035
2023-11-20 21:00:00,21,No Holiday,0.0,0.0,0.0,16,Clear,sky is clear,2974
2023-11-20 22:00:00,22,No Holiday,0.9,0.0,0.0,48,Clouds,scattered clouds,634
2023-11-20 23:00:00,23,No Holiday,-1.3,0.0,0.0,34,Clouds,few clouds,714
2023-11-21 00:00:00,0,No Holiday,2.3,0.22,0.0,93,Rain,light rain,528
2023-11-21 01:00:00,1,No Holiday,-0.9,0.0,1.12,80,Snow,heavy snow,299
2023-11-21 02:00:00,2,No Holiday,1.3,0.0,0.0,3,Clear,sky is clear,545
2023-11-21 03:00:00,3,No Holiday,-2.1,0.0,0.0,86,Mist,mist,803
2023-11-21 04:00:00,4,No Holiday,2.3,2.15,0.0,92,Rain,moderate rain,450
2023-11-21 05:00:00,5,No Holiday,-1.0,0.0,0.0,86,Clouds,overcast clouds,568
2023-11-21 06:00:00,6,No Holiday,-0.8,0.0,0.0,6,Clear,sky is clear,680
2023-11-21 07:00:00,7,No Holiday,0.8,0.0,0.0,37,Clouds,overcast clouds,4736
2023-11-21 08:00:00,8,No Holiday,0.2,0.0,0.35,80,Snow,heavy snow,3233
2023-11-21 09:00:00,9,No Holiday,1.8,0.0,0.0,18,Clear,sky is clear,4526
2023-11-21 10:00:00,10,No Holiday,4.8,0.0,0.0,15,Clear,sky is clear,3415
2023-11-21 11:00:00,11,No Holiday,3.1,0.0,0.0,4,Clear,sky is clear,3689
2023-11-21 12:00:00,12,No Holiday,5.0,0.0,0.0,98,Mist,mist,3223
2023-11-21 13:00:00,13,No Holiday,5.5,0.18,0.0,77,Drizzle,light intensity drizzle,2996
2023-11-21 14:00:00,14,No Holiday,6.2,2.83,0.0,77,Rain,light rain,3037
2023-11-21 15:00:00,15,No Holiday,8.5,0.0,0.0,14,Clear,sky is clear,3784
2023-11-21 16:00:00,16,No Holiday,4.8,0.0,0.0,73,Clouds,scattered clouds,5542
2023-11-21 17:00:00,17,No Holiday,6.3,0.0,0.0,13,Clear,sky is clear,5778
2023-11-21 18:00:00,18,No Holiday,4.8,0.0,0.0,11,Clear,sky is clear,5261
2023-11-21 19:00:00,19,No Holiday,2.2,0.0,0.0,84,Fog,fog,2746
2023-11-21 20:00:00,20,No Holiday,4.0,0.0,0.0,78,Clouds,broken clouds,2698
2023-11-21 21:00:00,21,No Holiday,3.5,0.0,0.0,11,Clear,sky is clear,3213
2023-11-21 22:00:00,22,No Holiday,-0.2,1.4,0.0,87,Rain,moderate rain,629
2023-11-21 23:00:00,23,No Holiday,-0.6,0.0,0.0,3,Clear,sky is clear,484
2023-11-22 00:00:00,0,No Holiday,0.5,0.0,0.0,19,Clear,sky is clear,507
2023-11-22 01:00:00,1,No Holiday,-2.1,0.0,0.0,39,Clouds,overcast clouds,732
2023-11-22 02:00:00,2,No Holiday,-1.7,1.36,0.0,74,Rain,heavy intensity rain,518
2023-11-22 03:00:00,3,No Holiday,-0.6,0.79,0.0,85,Drizzle,light intensity drizzle,544
2023-11-22 04:00:00,4,No Holiday,0.0,0.0,0.0,66,Clouds,overcast clouds,725
2023-11-22 05:00:00,5,No Holiday,-0.2,0.0,0.0,3,Clear,sky is clear,639
2023-11-22 06:00:00,6,No Holiday,-0.4,0.0,0.0,59,Clouds,overcast clouds,825
2023-11-22 07:00:00,7,No Holiday,-0.4,0.0,0.0,38,Clouds,scattered clouds,4974
2023-11-22 08:00:00,8,No Holiday,1.2,0.0,0.0,49,Clouds,overcast clouds,4876
2023-11-22 09:00:00,9,No Holiday,3.5,0.0,0.0,68,Clouds,broken clouds,4648
2023-11-22 10:00:00,10,No Holiday,4.7,1.9,0.0,85,Rain,heavy intensity rain,3004
2023-11-22 11:00:00,11,No Holiday,8.8,0.0,0.0,34,Clouds,scattered clouds,3630
2023-11-22 12:00:00,12,No Holiday,6.7,0.0,0.0,81,Fog,fog,3076
2023-11-22 13:00:00,13,No Holiday,5.8,0.0,0.0,93,Clouds,overcast clouds,3742
2023-11-22 14:00:00,14,No Holiday,7.1,0.0,0.0,1,Clear,sky is clear,3643
2023-11-22 15:00:00,15,No Holiday,5.2,0.11,0.0,89,Drizzle,light intensity drizzle,3215
2023-11-22 16:00:00,16,No Holiday,10.8,0.0,0.0,91,Mist,mist,5047
2023-11-22 17:00:00,17,No Holiday,8.0,0.0,0.0,82,Clouds,broken clouds,5638
2023-11-22 18:00:00,18,No Holiday,1.6,0.0,0.0,5,Clear,sky is clear,5207
2023-11-22 19:00:00,19,No Holiday,6.0,0.0,0.0,1,Clear,sky is clear,2495
2023-11-22 20:00:00,20,No Holiday,5.1,0.0,0.0,88,Clouds,overcast clouds,2816
2023-11-22 21:00:00,21,No Holiday,0.6,0.0,0.0,13,Clear,sky is clear,3014
2023-11-22 22:00:00,22,No Holiday,1.2,0.0,0.0,82,Clouds,overcast clouds,703
2023-11-22 23:00:00,23,No Holiday,0.3,0.0,0.0,4,Clear,sky is clear,599
2023-11-23 00:00:00,0,Thanksgiving,0.5,0.0,0.0,98,Clouds,scattered clouds,310
2023-11-23 01:00:00,1,Thanksgiving,0.6,0.0,0.0,30,Clouds,few clouds,254
2023-11-23 02:00:00,2,Thanksgiving,-0.7,0.0,0.0,4,Clear,sky is clear,212
2023-11-23 03:00:00,3,Thanksgiving,-1.7,0.0,0.0,14,Clear,sky is clear,298
2023-11-23 04:00:00,4,Thanksgiving,-0.5,0.0,0.0,36,Clouds,overcast clouds,320
2023-11-23 05:00:00,5,Thanksgiving,0.3,0.0,0.0,0,Clear,sky is clear,396
2023-11-23 06:00:00,6,Thanksgiving,-0.8,0.59,0.0,71,Rain,heavy intensity rain,298
2023-11-23 07:00:00,7,Thanksgiving,1.4,0.0,0.0,16,Clear,sky is clear,1814
2023-11-23 08:00:00,8,Thanksgiving,-1.6,0.0,0.0,91,Mist,mist,1977
2023-11-23 09:00:00,9,Thanksgiving,1.3,0.0,0.0,78,Mist,mist,2203
2023-11-23 10:00:00,10,Thanksgiving,2.6,0.0,0.0,18,Clear,sky is clear,1584
2023-11-23 11:00:00,11,Thanksgiving,4.8,0.0,0.0,81,Clouds,overcast clouds,1483
2023-11-23 12:00:00,12,Thanksgiving,5.6,0.0,0.0,17,Clear,sky is clear,1458
2023-11-23 13:00:00,13,Thanksgiving,7.2,0.0,0.0,15,Clear,sky is clear,1456
2023-11-23 14:00:00,14,Thanksgiving,5.0,0.0,0.0,71,Clouds,few clouds,1477
2023-11-23 15:00:00,15,Thanksgiving,8.6,0.0,0.0,60,Clouds,scattered clouds,1558
2023-11-23 16:00:00,16,Thanksgiving,5.1,0.0,0.0,57,Clouds,broken clouds,2404
2023-11-23 17:00:00,17,Thanksgiving,2.5,0.0,0.0,17,Clear,sky is clear,2499
2023-11-23 18:00:00,18,Thanksgiving,2.9,0.31,0.0,70,Rain,heavy intensity rain,2437
2023-11-23 19:00:00,19,Thanksgiving,2.7,0.0,0.0,8,Clear,sky is clear,1334
2023-11-23 20:00:00,20,Thanksgiving,4.0,0.0,0.0,89,Clouds,few clouds,1181
2023-11-23 21:00:00,21,Thanksgiving,-0.2,0.0,0.0,90,Clouds,scattered clouds,1116
2023-11-23 22:00:00,22,Thanksgiving,4.4,0.0,0.0,45,Clouds,few clouds,269
2023-11-23 23:00:00,23,Thanksgiving,-0.4,0.0,2.24,93,Snow,light snow,226
2023-11-24 00:00:00,0,No Holiday,1.3,5.47,0.0,93,Rain,moderate rain,465
2023-11-24 01:00:00,1,No Holiday,-1.5,0.0,0.0,9,Clear,sky is clear,829
2023-11-24 02:00:00,2,No Holiday,-3.3,0.44,0.0,92,Drizzle,light intensity drizzle,586
2023-11-24 03:00:00,3,No Holiday,-2.0,0.0,0.0,97,Clouds,overcast clouds,665
2023-11-24 04:00:00,4,No Holiday,-2.9,2.48,0.0,75,Rain,heavy intensity rain,638
2023-11-24 05:00:00,5,No Holiday,-3.1,0.0,0.0,2,Clear,sky is clear,518
2023-11-24 06:00:00,6,No Holiday,-1.1,0.0,0.0,14,Clear,sky is clear,930
2023-11-24 07:00:00,7,No Holiday,-3.6,0.0,0.0,37,Clouds,overcast clouds,5040
2023-11-24 08:00:00,8,No Holiday,4.0,0.0,0.0,2,Clear,sky is clear,5201
2023-11-24 09:00:00,9,No Holiday,3.2,0.0,0.0,17,Clear,sky is clear,4710
2023-11-24 10:00:00,10,No Holiday,2.4,0.0,0.0,72,Mist,mist,3430
2023-11-24 11:00:00,11,No Holiday,4.4,0.0,0.0,16,Clear,sky is clear,3704
2023-11-24 12:00:00,12,No Holiday,7.5,1.24,0.0,85,Rain,moderate rain,2766
2023-11-24 13:00:00,13,No Holiday,2.7,0.0,0.6,96,Snow,heavy snow,2235
2023-11-24 14:00:00,14,No Holiday,10.8,0.0,0.0,11,Clear,sky is clear,3626
2023-11-24 15:00:00,15,No Holiday,6.6,0.0,0.0,61,Clouds,overcast clouds,3730
2023-11-24 16:00:00,16,No Holiday,10.4,0.0,0.0,15,Clear,sky is clear,4952
2023-11-24 17:00:00,17,No Holiday,8.0,0.0,0.0,53,Clouds,scattered clouds,5038
2023-11-24 18:00:00,18,No Holiday,7.9,0.0,0.0,77,Clouds,overcast clouds,5193
2023-11-24 19:00:00,19,No Holiday,7.2,0.0,0.0,16,Clear,sky is clear,2958
2023-11-24 20:00:00,20,No Holiday,6.7,0.0,0.0,71,Clouds,overcast clouds,2532
2023-11-24 21:00:00,21,No Holiday,2.6,8.13,0.0,73,Rain,moderate rain,2441
2023-11-24 22:00:00,22,No Holiday,2.9,0.0,0.0,15,Clear,sky is clear,606
2023-11-24 23:00:00,23,No Holiday,1.5,0.0,0.0,9,Clear,sky is clear,757
2023-11-25 00:00:00,0,No Holiday,-0.3,0.0,0.0,7,Clear,sky is clear,563
2023-11-25 01:00:00,1,No Holiday,-0.8,0.11,0.0,73,Drizzle,light intensity drizzle,348
2023-11-25 02:00:00,2,No Holiday,0.8,0.0,0.0,16,Clear,sky is clear,382
2023-11-25 03:00:00,3,No Holiday,-0.2,0.0,0.0,13,Clear,sky is clear,448
2023-11-25 04:00:00,4,No Holiday,-2.9,0.0,0.0,10,Clear,sky is clear,425
2023-11-25 05:00:00,5,No Holiday,-0.9,0.0,0.0,55,Clouds,few clouds,586
2023-11-25 06:00:00,6,No Holiday,0.8,0.51,0.0,80,Drizzle,light intensity drizzle,481
2023-11-25 07:00:00,7,No Holiday,2.5,0.0,0.0,79,Clouds,few clouds,3278
2023-11-25 08:00:00,8,No Holiday,2.9,0.0,0.0,77,Clouds,overcast clouds,3001
2023-11-25 09:00:00,9,No Holiday,0.4,0.0,0.0,78,Clouds,overcast clouds,3141
2023-11-25 10:00:00,10,No Holiday,6.1,0.0,0.0,71,Clouds,few clouds,2267
2023-11-25 11:00:00,11,No Holiday,4.8,0.0,0.0,69,Clouds,few clouds,2127
2023-11-25 12:00:00,12,No Holiday,4.1,0.94,0.0,98,Drizzle,light intensity drizzle,2174
2023-11-25 13:00:00,13,No Holiday,6.8,0.0,0.0,14,Clear,sky is clear,2685
2023-11-25 14:00:00,14,No Holiday,4.8,0.0,0.0,19,Clear,sky is clear,2975
2023-11-25 15:00:00,15,No Holiday,7.6,0.0,0.0,10,Clear,sky is clear,2682
2023-11-25 16:00:00,16,No Holiday,7.9,0.0,0.0,41,Clouds,few clouds,4232
2023-11-25 17:00:00,17,No Holiday,6.3,0.0,0.0,2,Clear,sky is clear,3905
2023-11-25 18:00:00,18,No Holiday,3.4,0.0,0.0,36,Clouds,few clouds,2791
2023-11-25 19:00:00,19,No Holiday,5.5,0.0,0.0,9,Clear,sky is clear,1860
2023-11-25 20:00:00,20,No Holiday,7.5,0.07,0.0,92,Rain,moderate rain,1548
2023-11-25 21:00:00,21,No Holiday,0.1,0.0,0.0,6,Clear,sky is clear,1719
2023-11-25 22:00:00,22,No Holiday,5.2,0.9,0.0,81,Drizzle,light intensity drizzle,342
2023-11-25 23:00:00,23,No Holiday,-3.2,0.0,0.0,16,Clear,sky is clear,508
2023-11-26 00:00:00,0,No Holiday,1.4,0.0,0.0,52,Clouds,overcast clouds,483
2023-11-26 01:00:00,1,No Holiday,-3.1,2.18,0.0,93,Rain,light rain,407
2023-11-26 02:00:00,2,No Holiday,-5.7,0.58,0.0,88,Drizzle,light intensity drizzle,424
2023-11-26 03:00:00,3,No Holiday,0.3,0.0,0.0,88,Mist,mist,511
2023-11-26 04:00:00,4,No Holiday,-3.3,0.54,0.0,91,Rain,heavy intensity rain,414
2023-11-26 05:00:00,5,No Holiday,-0.3,0.0,0.0,11,Clear,sky is clear,419
2023-11-26 06:00:00,6,No Holiday,1.1,0.0,0.0,9,Clear,sky is clear,519
2023-11-26 07:00:00,7,No Holiday,-2.3,0.0,0.0,88,Fog,fog,3052
2023-11-26 08:00:00,8,No Holiday,-0.4,0.94,0.0,76,Rain,light rain,2778
2023-11-26 09:00:00,9,No Holiday,3.6,0.0,0.0,3,Clear,sky is clear,3570
2023-11-26 10:00:00,10,No Holiday,3.9,0.01,0.0,86,Rain,moderate rain,2045
2023-11-26 11:00:00,11,No Holiday,4.4,0.0,0.0,40,Clouds,broken clouds,2035
2023-11-26 12:00:00,12,No Holiday,4.7,0.0,0.0,3,Clear,sky is clear,2846
2023-11-26 13:00:00,13,No Holiday,7.2,0.91,0.0,83,Drizzle,light intensity drizzle,2214
2023-11-26 14:00:00,14,No Holiday,2.5,0.0,0.0,18,Clear,sky is clear,2683
2023-11-26 15:00:00,15,No Holiday,7.2,0.0,0.0,13,Clear,sky is clear,2653
2023-11-26 16:00:00,16,No Holiday,7.0,0.0,0.0,95,Clouds,scattered clouds,4111
2023-11-26 17:00:00,17,No Holiday,5.7,0.0,0.0,83,Clouds,few clouds,4466
2023-11-26 18:00:00,18,No Holiday,4.8,0.0,0.0,16,Clear,sky is clear,3535
2023-11-26 19:00:00,19,No Holiday,5.2,0.0,0.0,16,Clear,sky is clear,2064
2023-11-26 20:00:00,20,No Holiday,7.7,0.0,0.0,31,Clouds,broken clouds,1709
2023-11-26 21:00:00,21,No Holiday,2.9,0.0,0.0,7,Clear,sky is clear,1807
2023-11-26 22:00:00,22,No Holiday,-2.9,1.77,0.0,99,Rain,light rain,407
2023-11-26 23:00:00,23,No Holiday,1.5,0.0,0.0,6,Clear,sky is clear,387
2023-11-27 00:00:00,0,No Holiday,-1.5,0.0,0.0,19,Clear,sky is clear,669
2023-11-27 01:00:00,1,No Holiday,0.0,0.0,0.0,96,Clouds,scattered clouds,628
2023-11-27 02:00:00,2,No Holiday,-3.2,0.0,0.0,71,Clouds,overcast clouds,642
2023-11-27 03:00:00,3,No Holiday,-1.5,0.0,0.0,2,Clear,sky is clear,719
2023-11-27 04:00:00,4,No Holiday,-3.1,0.0,0.0,2,Clear,sky is clear,453
2023-11-27 05:00:00,5,No Holiday,-1.7,0.0,0.0,6,Clear,sky is clear,508
2023-11-27 06:00:00,6,No Holiday,-3.5,0.0,0.0,82,Clouds,broken clouds,755
2023-11-27 07:00:00,7,No Holiday,0.5,0.0,0.0,36,Clouds,broken clouds,4536
2023-11-27 08:00:00,8,No Holiday,6.1,0.0,0.0,86,Clouds,overcast clouds,4476
2023-11-27 09:00:00,9,No Holiday,1.7,0.0,0.0,36,Clouds,broken clouds,4702
2023-11-27 10:00:00,10,No Holiday,6.3,0.0,0.0,4,Clear,sky is clear,3420
2023-11-27 11:00:00,11,No Holiday,1.7,0.0,2.43,89,Snow,heavy snow,2521
2023-11-27 12:00:00,12,No Holiday,8.1,0.0,0.0,6,Clear,sky is clear,3566
2023-11-27 13:00:00,13,No Holiday,6.9,0.0,0.0,85,Mist,mist,3183
2023-11-27 14:00:00,14,No Holiday,8.2,0.0,0.0,1,Clear,sky is clear,3414
2023-11-27 15:00:00,15,No Holiday,5.7,0.0,0.0,1,Clear,sky is clear,3531
2023-11-27 16:00:00,16,No Holiday,5.5,0.0,0.0,98,Clouds,broken clouds,5345
2023-11-27 17:00:00,17,No Holiday,3.3,0.0,0.0,16,Clear,sky is clear,4946
2023-11-27 18:00:00,18,No Holiday,5.3,0.0,0.0,71,Clouds,scattered clouds,5841
2023-11-27 19:00:00,19,No Holiday,6.9,0.0,0.0,40,Clouds,broken clouds,2954
2023-11-27 20:00:00,20,No Holiday,1.0,0.0,0.0,35,Clouds,scattered clouds,2550
2023-11-27 21:00:00,21,No Holiday,3.5,0.65,0.0,71,Drizzle,light intensity drizzle,2635
2023-11-27 22:00:00,22,No Holiday,1.4,0.0,0.0,86,Thunderstorm,thunderstorm with light rain,370
2023-11-27 23:00:00,23,No Holiday,-3.0,0.0,0.0,98,Clouds,overcast clouds,627
2023-11-28 00:00:00,0,No Holiday,1.3,0.0,0.0,17,Clear,sky is clear,552
2023-11-28 01:00:00,1,No Holiday,-2.4,0.0,0.0,12,Clear,sky is clear,882
2023-11-28 02:00:00,2,No Holiday,0.5,0.0,0.0,6,Clear,sky is clear,692
2023-11-28 03:00:00,3,No Holiday,2.4,0.0,0.0,8,Clear,sky is clear,801
2023-11-28 04:00:00,4,No Holiday,-1.4,0.0,0.0,86,Fog,fog,842
2023-11-28 05:00:00,5,No Holiday,-2.0,0.0,0.0,48,Clouds,broken clouds,770
2023-11-28 06:00:00,6,No Holiday,-1.8,0.0,0.0,9,Clear,sky is clear,712
2023-11-28 07:00:00,7,No Holiday,-2.1,0.0,4.92,81,Snow,heavy snow,3093
2023-11-28 08:00:00,8,No Holiday,4.7,0.0,0.0,13,Clear,sky is clear,5067
2023-11-28 09:00:00,9,No Holiday,1.2,0.0,0.0,78,Clouds,few clouds,5157
2023-11-28 10:00:00,10,No Holiday,4.4,0.0,0.0,42,Clouds,broken clouds,3861
2023-11-28 11:00:00,11,No Holiday,2.7,0.0,0.1,94,Snow,light snow,2581
2023-11-28 12:00:00,12,No Holiday,6.7,0.0,0.0,79,Clouds,few clouds,3279
2023-11-28 13:00:00,13,No Holiday,5.8,0.0,0.0,85,Clouds,few clouds,3489
2023-11-28 14:00:00,14,No Holiday,9.6,0.0,0.99,83,Snow,heavy snow,2589
2023-11-28 15:00:00,15,No Holiday,2.9,0.0,0.0,91,Mist,mist,3220
2023-11-28 16:00:00,16,No Holiday,5.8,0.0,0.0,44,Clouds,scattered clouds,5682
2023-11-28 17:00:00,17,No Holiday,6.6,0.0,0.0,45,Clouds,overcast clouds,5389
2023-11-28 18:00:00,18,No Holiday,5.0,0.0,0.0,91,Clouds,overcast clouds,5138
2023-11-28 19:00:00,19,No Holiday,3.9,0.0,0.0,50,Clouds,scattered clouds,2950
2023-11-28 20:00:00,20,No Holiday,2.8,0.0,0.0,89,Clouds,scattered clouds,2939
2023-11-28 21:00:00,21,No Holiday,2.7,0.0,0.0,9,Clear,sky is clear,2804
2023-11-28 22:00:00,22,No Holiday,1.8,0.0,0.0,0,Clear,sky is clear,701
2023-11-28 23:00:00,23,No Holiday,0.6,0.0,0.0,81,Clouds,scattered clouds,853
2023-11-29 00:00:00,0,No Holiday,-1.8,0.0,0.0,5,Clear,sky is clear,523
2023-11-29 01:00:00,1,No Holiday,0.4,0.0,0.0,57,Clouds,broken clouds,948
2023-11-29 02:00:00,2,No Holiday,-1.7,0.0,0.0,97,Thunderstorm,proximity thunderstorm,532
2023-11-29 03:00:00,3,No Holiday,-3.8,0.0,0.0,94,Clouds,broken clouds,635
2023-11-29 04:00:00,4,No Holiday,-5.0,5.21,0.0,98,Rain,moderate rain,355
2023-11-29 05:00:00,5,No Holiday,-2.6,0.0,0.0,33,Clouds,few clouds,743
2023-11-29 06:00:00,6,No Holiday,0.2,0.0,0.0,96,Clouds,scattered clouds,587
2023-11-29 07:00:00,7,No Holiday,0.8,0.0,0.0,92,Clouds,scattered clouds,4776
2023-11-29 08:00:00,8,No Holiday,3.3,0.0,0.0,97,Clouds,scattered clouds,4523
2023-11-29 09:00:00,9,No Holiday,3.4,0.0,0.0,15,Clear,sky is clear,4641
2023-11-29 10:00:00,10,No Holiday,0.7,2.59,0.0,80,Rain,light rain,3262
2023-11-29 11:00:00,11,No Holiday,4.9,0.0,0.0,31,Clouds,scattered clouds,3376
2023-11-29 12:00:00,12,No Holiday,5.5,0.0,0.0,85,Clouds,scattered clouds,3665
2023-11-29 13:00:00,13,No Holiday,6.1,0.0,0.0,52,Clouds,overcast clouds,3633
2023-11-29 14:00:00,14,No Holiday,6.6,0.0,0.0,18,Clear,sky is clear,3556
2023-11-29 15:00:00,15,No Holiday,7.3,0.0,0.0,7,Clear,sky is clear,3616
2023-11-29 16:00:00,16,No Holiday,6.9,0.0,0.0,87,Clouds,scattered clouds,5492
2023-11-29 17:00:00,17,No Holiday,4.8,1.02,0.0,72,Rain,moderate rain,4946
2023-11-29 18:00:00,18,No Holiday,8.4,1.88,0.0,72,Rain,moderate rain,4790
2023-11-29 19:00:00,19,No Holiday,6.8,0.0,0.0,13,Clear,sky is clear,2602
2023-11-29 20:00:00,20,No Holiday,2.6,0.0,0.0,62,Clouds,scattered clouds,2972
2023-11-29 21:00:00,21,No Holiday,0.5,0.0,0.0,67,Clouds,broken clouds,2921
2023-11-29 22:00:00,22,No Holiday,1.4,0.0,0.0,96,Clouds,few clouds,635
2023-11-29 23:00:00,23,No Holiday,-1.0,0.0,0.0,50,Clouds,scattered clouds,781
2023-11-30 00:00:00,0,No Holiday,-2.1,0.0,0.0,57,Clouds,overcast clouds,751
2023-11-30 01:00:00,1,No Holiday,-1.5,0.0,0.0,9,Clear,sky is clear,618
2023-11-30 02:00:00,2,No Holiday,-3.2,0.0,0.0,6,Clear,sky is clear,676
2023-11-30 03:00:00,3,No Holiday,-0.9,0.0,0.0,85,Mist,mist,610
2023-11-30 04:00:00,4,No Holiday,-1.5,0.0,0.0,90,Clouds,broken clouds,635
2023-11-30 05:00:00,5,No Holiday,-1.3,0.0,0.0,0,Clear,sky is clear,499
2023-11-30 06:00:00,6,No Holiday,-2.6,0.0,0.0,6,Clear,sky is clear,682
2023-11-30 07:00:00,7,No Holiday,0.8,0.0,0.0,4,Clear,sky is clear,5195
2023-11-30 08:00:00,8,No Holiday,1.4,0.0,0.0,8,Clear,sky is clear,5186
2023-11-30 09:00:00,9,No Holiday,-0.8,0.62,0.0,89,Drizzle,light intensity drizzle,4316
2023-11-30 10:00:00,10,No Holiday,1.4,2.32,0.0,81,Rain,moderate rain,2676
2023-11-30 11:00:00,11,No Holiday,4.2,0.0,0.0,11,Clear,sky is clear,3971
2023-11-30 12:00:00,12,No Holiday,3.2,0.0,0.0,0,Clear,sky is clear,3479
2023-11-30 13:00:00,13,No Holiday,8.5,0.81,0.0,77,Rain,heavy intensity rain,2673
2023-11-30 14:00:00,14,No Holiday,6.4,0.0,0.0,7,Clear,sky is clear,3082
2023-11-30 15:00:00,15,No Holiday,8.0,0.0,0.0,15,Clear,sky is clear,3733
2023-11-30 16:00:00,16,No Holiday,5.1,0.0,0.0,11,Clear,sky is clear,5965
2023-11-30 17:00:00,17,No Holiday,5.7,0.0,0.0,4,Clear,sky is clear,5806
2023-11-30 18:00:00,18,No Holiday,8.5,0.0,0.0,16,Clear,sky is clear,5164
2023-11-30 19:00:00,19,No Holiday,4.1,0.0,0.0,66,Clouds,scattered clouds,2793
2023-11-30 20:00:00,20,No Holiday,5.1,2.68,0.0,97,Rain,light rain,2289
2023-11-30 21:00:00,21,No Holiday,3.6,0.0,0.0,65,Clouds,few clouds,3050
2023-11-30 22:00:00,22,No Holiday,0.3,0.0,0.0,16,Clear,sky is clear,497
2023-11-30 23:00:00,23,No Holiday,1.3,0.0,0.0,12,Clear,sky is clear,395
2023-12-01 00:00:00,0,No Holiday,-6.2,1.97,0.0,85,Rain,heavy intensity rain,730
2023-12-01 01:00:00,1,No Holiday,-6.3,0.0,0.5,70,Snow,light snow,492
2023-12-01 02:00:00,2,No Holiday,-7.3,0.0,0.0,6,Clear,sky is clear,353
2023-12-01 03:00:00,3,No Holiday,-6.2,0.0,0.0,82,Fog,fog,530
2023-12-01 04:00:00,4,No Holiday,-7.5,0.0,0.0,1,Clear,sky is clear,822
2023-12-01 05:00:00,5,No Holiday,-5.1,0.0,0.0,87,Mist,mist,681
2023-12-01 06:00:00,6,No Holiday,-7.8,0.0,0.0,10,Clear,sky is clear,566
2023-12-01 07:00:00,7,No Holiday,-5.1,0.0,0.0,97,Clouds,broken clouds,4458
2023-12-01 08:00:00,8,No Holiday,-3.6,0.0,0.0,14,Clear,sky is clear,4528
2023-12-01 09:00:00,9,No Holiday,-1.6,0.0,0.0,12,Clear,sky is clear,4604
2023-12-01 10:00:00,10,No Holiday,-4.0,0.16,0.0,92,Rain,moderate rain,2597
2023-12-01 11:00:00,11,No Holiday,-2.5,0.0,0.0,11,Clear,sky is clear,3517
2023-12-01 12:00:00,12,No Holiday,0.6,0.0,0.0,1,Clear,sky is clear,2923
2023-12-01 13:00:00,13,No Holiday,-0.0,0.0,0.0,16,Clear,sky is clear,3567
2023-12-01 14:00:00,14,No Holiday,1.1,0.0,0.0,71,Clouds,scattered clouds,3363
2023-12-01 15:00:00,15,No Holiday,-3.5,6.43,0.0,76,Rain,heavy intensity rain,3289
2023-12-01 16:00:00,16,No Holiday,0.5,4.76,0.0,77,Rain,moderate rain,4451
2023-12-01 17:00:00,17,No Holiday,1.1,0.0,0.0,8,Clear,sky is clear,5489
2023-12-01 18:00:00,18,No Holiday,-0.3,3.2,0.0,82,Rain,moderate rain,5017
2023-12-01 19:00:00,19,No Holiday,-2.4,0.0,0.0,6,Clear,sky is clear,2667
2023-12-01 20:00:00,20,No Holiday,-1.0,0.0,0.0,51,Clouds,broken clouds,2741
2023-12-01 21:00:00,21,No Holiday,0.3,0.0,0.0,48,Clouds,broken clouds,2486
2023-12-01 22:00:00,22,No Holiday,-3.8,0.0,0.0,5,Clear,sky is clear,657
2023-12-01 23:00:00,23,No Holiday,-5.1,0.0,0.0,73,Clouds,overcast clouds,578
2023-12-02 00:00:00,0,No Holiday,-3.0,0.0,0.0,55,Clouds,few clouds,448
2023-12-02 01:00:00,1,No Holiday,-4.4,0.0,0.0,60,Clouds,overcast clouds,304
2023-12-02 02:00:00,2,No Holiday,-7.1,0.0,0.0,10,Clear,sky is clear,294
2023-12-02 03:00:00,3,No Holiday,-6.2,2.53,0.0,71,Rain,moderate rain,608
2023-12-02 04:00:00,4,No Holiday,-3.3,1.3,0.0,94,Rain,heavy intensity rain,463
2023-12-02 05:00:00,5,No Holiday,-5.6,0.0,0.0,5,Clear,sky is clear,422
2023-12-02 06:00:00,6,No Holiday,-7.7,0.0,0.0,2,Clear,sky is clear,411
2023-12-02 07:00:00,7,No Holiday,-5.8,0.0,0.0,37,Clouds,overcast clouds,3012
2023-12-02 08:00:00,8,No Holiday,-7.5,0.0,0.0,59,Clouds,overcast clouds,2928
2023-12-02 09:00:00,9,No Holiday,-2.2,0.0,0.0,17,Clear,sky is clear,3044
2023-12-02 10:00:00,10,No Holiday,-2.3,0.0,0.0,19,Clear,sky is clear,2437
2023-12-02 11:00:00,11,No Holiday,-0.7,1.68,0.0,82,Rain,heavy intensity rain,1951
2023-12-02 12:00:00,12,No Holiday,-0.0,0.0,0.0,3,Clear,sky is clear,2679
2023-12-02 13:00:00,13,No Holiday,-3.1,0.7,0.0,81,Drizzle,light intensity drizzle,2279
2023-12-02 14:00:00,14,No Holiday,-1.9,0.0,0.0,19,Clear,sky is clear,2864
2023-12-02 15:00:00,15,No Holiday,3.0,0.0,0.0,8,Clear,sky is clear,2875
2023-12-02 16:00:00,16,No Holiday,0.9,0.0,0.0,12,Clear,sky is clear,4456
2023-12-02 17:00:00,17,No Holiday,0.2,0.0,0.0,67,Clouds,overcast clouds,4040
2023-12-02 18:00:00,18,No Holiday,1.9,0.0,1.3,88,Snow,light snow,2464
2023-12-02 19:00:00,19,No Holiday,2.5,0.0,0.0,39,Clouds,broken clouds,1698
2023-12-02 20:00:00,20,No Holiday,-3.9,0.0,0.0,14,Clear,sky is clear,1947
2023-12-02 21:00:00,21,No Holiday,-3.2,0.0,0.0,10,Clear,sky is clear,1754
2023-12-02 22:00:00,22,No Holiday,-4.1,0.0,0.0,18,Clear,sky is clear,517
2023-12-02 23:00:00,23,No Holiday,-3.9,0.0,0.0,72,Thunderstorm,proximity thunderstorm,252
2023-12-03 00:00:00,0,No Holiday,-7.9,0.0,0.0,11,Clear,sky is clear,505
2023-12-03 01:00:00,1,No Holiday,-6.5,0.54,0.0,91,Rain,heavy intensity rain,327
2023-12-03 02:00:00,2,No Holiday,-6.0,0.0,0.0,8,Clear,sky is clear,443
2023-12-03 03:00:00,3,No Holiday,-4.1,0.0,0.0,87,Mist,mist,475
2023-12-03 04:00:00,4,No Holiday,-2.9,0.0,0.0,12,Clear,sky is clear,451
2023-12-03 05:00:00,5,No Holiday,-3.1,0.0,1.55,97,Snow,heavy snow,274
2023-12-03 06:00:00,6,No Holiday,-5.9,0.0,0.0,79,Fog,fog,523
2023-12-03 07:00:00,7,No Holiday,-5.9,0.0,0.0,3,Clear,sky is clear,2918
2023-12-03 08:00:00,8,No Holiday,-0.8,0.0,0.0,40,Clouds,overcast clouds,3085
2023-12-03 09:00:00,9,No Holiday,-7.0,0.0,0.0,59,Clouds,broken clouds,3004
2023-12-03 10:00:00,10,No Holiday,-1.5,0.0,0.0,3,Clear,sky is clear,2067
2023-12-03 11:00:00,11,No Holiday,-1.0,0.0,0.0,83,Clouds,few clouds,2270
2023-12-03 12:00:00,12,No Holiday,-0.5,0.54,0.0,71,Rain,moderate rain,2373
2023-12-03 13:00:00,13,No Holiday,1.2,0.0,0.0,84,Clouds,scattered clouds,2695
2023-12-03 14:00:00,14,No Holiday,3.0,0.0,0.0,5,Clear,sky is clear,2702
2023-12-03 15:00:00,15,No Holiday,2.5,0.0,0.0,2,Clear,sky is clear,2602
2023-12-03 16:00:00,16,No Holiday,1.5,0.0,0.0,79,Thunderstorm,thunderstorm with light rain,2435
2023-12-03 17:00:00,17,No Holiday,0.8,0.0,0.0,80,Clouds,overcast clouds,4597
2023-12-03 18:00:00,18,No Holiday,4.9,0.0,0.0,18,Clear,sky is clear,3512
2023-12-03 19:00:00,19,No Holiday,-1.0,0.0,0.0,6,Clear,sky is clear,1936
2023-12-03 20:00:00,20,No Holiday,-0.1,0.0,0.0,93,Fog,fog,1711
2023-12-03 21:00:00,21,No Holiday,-2.2,0.0,0.0,68,Clouds,broken clouds,2005
2023-12-03 22:00:00,22,No Holiday,-3.7,0.0,0.0,6,Clear,sky is clear,307
2023-12-03 23:00:00,23,No Holiday,-5.6,0.28,0.0,85,Rain,moderate rain,264
2023-12-04 00:00:00,0,No Holiday,-2.9,0.0,0.0,72,Fog,fog,212
2023-12-04 01:00:00,1,No Holiday,-7.9,0.0,0.0,35,Clouds,few clouds,874
2023-12-04 02:00:00,2,No Holiday,-7.6,0.0,0.0,2,Clear,sky is clear,794
2023-12-04 03:00:00,3,No Holiday,-7.4,0.0,0.0,17,Clear,sky is clear,503
2023-12-04 04:00:00,4,No Holiday,-9.5,0.0,0.0,79,Clouds,few clouds,813
2023-12-04 05:00:00,5,No Holiday,-6.5,0.0,0.0,78,Clouds,overcast clouds,706
2023-12-04 06:00:00,6,No Holiday,-5.4,0.0,0.0,46,Clouds,few clouds,827
2023-12-04 07:00:00,7,No Holiday,-6.3,1.44,0.0,77,Rain,light rain,3961
2023-12-04 08:00:00,8,No Holiday,-7.3,0.0,0.0,89,Clouds,scattered clouds,4901
2023-12-04 09:00:00,9,No Holiday,-4.3,0.0,0.0,13,Clear,sky is clear,4758
2023-12-04 10:00:00,10,No Holiday,0.2,0.0,0.0,3,Clear,sky is clear,3435
2023-12-04 11:00:00,11,No Holiday,-4.6,0.0,0.0,76,Thunderstorm,thunderstorm with light rain,2214
2023-12-04 12:00:00,12,No Holiday,0.6,0.0,0.0,83,Clouds,overcast clouds,3149
2023-12-04 13:00:00,13,No Holiday,0.2,0.0,0.0,4,Clear,sky is clear,3440
2023-12-04 14:00:00,14,No Holiday,2.2,0.9,0.0,81,Drizzle,light intensity drizzle,3233
2023-12-04 15:00:00,15,No Holiday,1.9,0.0,0.0,2,Clear,sky is clear,3784
2023-12-04 16:00:00,16,No Holiday,0.2,0.0,0.0,30,Clouds,overcast clouds,4642
2023-12-04 17:00:00,17,No Holiday,0.0,0.0,0.0,13,Clear,sky is clear,5166
2023-12-04 18:00:00,18,No Holiday,-2.6,0.0,0.0,68,Clouds,broken clouds,5774
2023-12-04 19:00:00,19,No Holiday,3.1,0.0,0.0,76,Clouds,broken clouds,2554
2023-12-04 20:00:00,20,No Holiday,0.4,0.26,0.0,94,Rain,heavy intensity rain,2335
2023-12-04 21:00:00,21,No Holiday,-2.1,0.0,0.0,8,Clear,sky is clear,3008
2023-12-04 22:00:00,22,No Holiday,-4.2,0.0,0.0,79,Clouds,scattered clouds,487
2023-12-04 23:00:00,23,No Holiday,-5.3,0.0,0.0,13,Clear,sky is clear,702
2023-12-05 00:00:00,0,No Holiday,-6.0,0.0,0.0,71,Clouds,scattered clouds,222
2023-12-05 01:00:00,1,No Holiday,-4.5,0.0,0.0,69,Clouds,few clouds,724
2023-12-05 02:00:00,2,No Holiday,-5.1,0.0,0.0,62,Clouds,few clouds,654
2023-12-05 03:00:00,3,No Holiday,-8.4,0.0,0.0,84,Fog,fog,703
2023-12-05 04:00:00,4,No Holiday,-11.8,0.29,0.0,85,Rain,heavy intensity rain,630
2023-12-05 05:00:00,5,No Holiday,-9.4,0.0,1.83,80,Snow,heavy snow,452
2023-12-05 06:00:00,6,No Holiday,-5.0,0.0,0.0,6,Clear,sky is clear,808
2023-12-05 07:00:00,7,No Holiday,-4.9,7.66,0.0,79,Rain,heavy intensity rain,4815
2023-12-05 08:00:00,8,No Holiday,-6.3,0.0,0.0,72,Clouds,broken clouds,4680
2023-12-05 09:00:00,9,No Holiday,-3.7,2.25,0.0,99,Rain,heavy intensity rain,4101
2023-12-05 10:00:00,10,No Holiday,-6.2,0.0,0.0,63,Clouds,overcast clouds,3318
2023-12-05 11:00:00,11,No Holiday,-1.8,0.0,0.0,13,Clear,sky is clear,3451
2023-12-05 12:00:00,12,No Holiday,-0.8,1.36,0.0,94,Rain,light rain,2807
2023-12-05 13:00:00,13,No Holiday,0.1,0.17,0.0,88,Rain,heavy intensity rain,3170
2023-12-05 14:00:00,14,No Holiday,-2.2,0.0,0.0,85,Mist,mist,3161
2023-12-05 15:00:00,15,No Holiday,2.1,3.3,0.0,82,Rain,heavy intensity rain,2973
2023-12-05 16:00:00,16,No Holiday,2.5,0.0,0.0,18,Clear,sky is clear,5591
2023-12-05 17:00:00,17,No Holiday,-4.1,0.0,0.0,13,Clear,sky is clear,4999
2023-12-05 18:00:00,18,No Holiday,-0.7,0.0,0.0,8,Clear,sky is clear,5388
2023-12-05 19:00:00,19,No Holiday,0.3,0.0,0.0,34,Clouds,few clouds,2855
2023-12-05 20:00:00,20,No Holiday,-5.1,0.0,0.0,97,Clouds,broken clouds,2519
2023-12-05 21:00:00,21,No Holiday,-2.5,0.0,0.0,17,Clear,sky is clear,3056
2023-12-05 22:00:00,22,No Holiday,-5.7,0.76,0.0,75,Drizzle,light intensity drizzle,585
2023-12-05 23:00:00,23,No Holiday,-2.0,0.0,0.0,7,Clear,sky is clear,881
2023-12-06 00:00:00,0,No Holiday,-4.0,0.0,0.0,12,Clear,sky is clear,841
2023-12-06 01:00:00,1,No Holiday,-8.2,0.0,0.0,17,Clear,sky is clear,616
2023-12-06 02:00:00,2,No Holiday,-6.7,0.0,0.0,69,Clouds,scattered clouds,494
2023-12-06 03:00:00,3,No Holiday,-6.9,0.0,0.0,19,Clear,sky is clear,307
2023-12-06 04:00:00,4,No Holiday,-4.7,3.92,0.0,87,Rain,heavy intensity rain,727
2023-12-06 05:00:00,5,No Holiday,-5.3,0.0,0.0,95,Clouds,few clouds,636
2023-12-06 06:00:00,6,No Holiday,-4.4,0.0,0.0,7,Clear,sky is clear,678
2023-12-06 07:00:00,7,No Holiday,-9.0,0.0,0.0,83,Clouds,overcast clouds,4556
2023-12-06 08:00:00,8,No Holiday,-7.6,1.26,0.0,79,Rain,light rain,4196
2023-12-06 09:00:00,9,No Holiday,-2.3,0.0,0.0,40,Clouds,broken clouds,4844
2023-12-06 10:00:00,10,No Holiday,-3.2,1.81,0.0,74,Rain,heavy intensity rain,2829
2023-12-06 11:00:00,11,No Holiday,-2.8,0.0,0.0,34,Clouds,few clouds,3166
2023-12-06 12:00:00,12,No Holiday,4.3,0.54,0.0,76,Rain,heavy intensity rain,3344
2023-12-06 13:00:00,13,No Holiday,-2.3,0.0,0.0,5,Clear,sky is clear,3047
2023-12-06 14:00:00,14,No Holiday,0.7,0.0,0.0,12,Clear,sky is clear,3311
2023-12-06 15:00:00,15,No Holiday,2.9,0.0,0.0,84,Fog,fog,2980
2023-12-06 16:00:00,16,No Holiday,4.4,0.0,0.0,58,Clouds,overcast clouds,4920
2023-12-06 17:00:00,17,No Holiday,0.3,0.0,0.0,34,Clouds,broken clouds,4936
2023-12-06 18:00:00,18,No Holiday,1.0,0.0,0.0,45,Clouds,overcast clouds,5391
2023-12-06 19:00:00,19,No Holiday,0.8,0.0,0.0,3,Clear,sky is clear,2545
2023-12-06 20:00:00,20,No Holiday,1.1,0.0,0.56,85,Snow,heavy snow,1869
2023-12-06 21:00:00,21,No Holiday,-5.3,0.0,0.0,42,Clouds,few clouds,2653
2023-12-06 22:00:00,22,No Holiday,-4.1,0.0,0.0,17,Clear,sky is clear,720
2023-12-06 23:00:00,23,No Holiday,-5.5,0.0,0.0,19,Clear,sky is clear,764
2023-12-07 00:00:00,0,No Holiday,-4.9,0.0,0.0,93,Thunderstorm,proximity thunderstorm,513
2023-12-07 01:00:00,1,No Holiday,-8.1,0.0,0.0,96,Fog,fog,365
2023-12-07 02:00:00,2,No Holiday,-7.0,0.0,0.0,84,Clouds,few clouds,568
2023-12-07 03:00:00,3,No Holiday,-7.4,0.0,0.09,80,Snow,light snow,646
2023-12-07 04:00:00,4,No Holiday,-6.7,0.0,0.0,97,Clouds,broken clouds,689
2023-12-07 05:00:00,5,No Holiday,-5.9,0.0,0.0,11,Clear,sky is clear,558
2023-12-07 06:00:00,6,No Holiday,-4.6,0.0,0.0,56,Clouds,overcast clouds,675
2023-12-07 07:00:00,7,No Holiday,-4.5,0.0,0.0,17,Clear,sky is clear,4608
2023-12-07 08:00:00,8,No Holiday,-4.3,0.0,0.0,15,Clear,sky is clear,4817
2023-12-07 09:00:00,9,No Holiday,-2.2,0.0,0.0,32,Clouds,broken clouds,5490
2023-12-07 10:00:00,10,No Holiday,-3.3,0.0,0.0,14,Clear,sky is clear,3671
2023-12-07 11:00:00,11,No Holiday,-5.1,0.54,0.0,89,Drizzle,light intensity drizzle,2854
2023-12-07 12:00:00,12,No Holiday,-1.0,0.0,0.0,9,Clear,sky is clear,3247
2023-12-07 13:00:00,13,No Holiday,2.8,0.0,1.7,84,Snow,heavy snow,2486
2023-12-07 14:00:00,14,No Holiday,0.5,0.0,0.0,45,Clouds,broken clouds,3319
2023-12-07 15:00:00,15,No Holiday,-2.9,2.45,0.0,86,Rain,light rain,3154
2023-12-07 16:00:00,16,No Holiday,0.7,0.0,0.0,12,Clear,sky is clear,5151
2023-12-07 17:00:00,17,No Holiday,3.9,0.0,0.0,15,Clear,sky is clear,5347
2023-12-07 18:00:00,18,No Holiday,-0.6,0.0,0.0,92,Clouds,overcast clouds,4999
2023-12-07 19:00:00,19,No Holiday,1.1,0.0,0.0,81,Clouds,few clouds,2685
2023-12-07 20:00:00,20,No Holiday,-1.1,0.0,0.0,18,Clear,sky is clear,2886
2023-12-07 21:00:00,21,No Holiday,-2.8,0.0,0.0,94,Thunderstorm,proximity thunderstorm,1763
2023-12-07 22:00:00,22,No Holiday,-1.6,0.0,1.69,83,Snow,light snow,571
2023-12-07 23:00:00,23,No Holiday,-7.8,0.0,1.27,70,Snow,light snow,637
2023-12-08 00:00:00,0,No Holiday,-4.3,0.0,0.0,11,Clear,sky is clear,901
2023-12-08 01:00:00,1,No Holiday,-4.9,0.0,0.0,84,Clouds,few clouds,841
2023-12-08 02:00:00,2,No Holiday,-3.8,0.0,0.0,2,Clear,sky is clear,416
2023-12-08 03:00:00,3,No Holiday,-8.5,0.0,0.0,88,Clouds,overcast clouds,648
2023-12-08 04:00:00,4,No Holiday,-6.2,0.0,0.0,3,Clear,sky is clear,727
2023-12-08 05:00:00,5,No Holiday,-7.4,0.0,0.0,17,Clear,sky is clear,441
2023-12-08 06:00:00,6,No Holiday,-7.3,2.03,0.0,82,Rain,heavy intensity rain,491
2023-12-08 07:00:00,7,No Holiday,-3.5,0.0,0.0,84,Thunderstorm,proximity thunderstorm,2888
2023-12-08 08:00:00,8,No Holiday,-5.5,0.0,0.0,19,Clear,sky is clear,3845
2023-12-08 09:00:00,9,No Holiday,0.9,0.35,0.0,92,Drizzle,light intensity drizzle,4239
2023-12-08 10:00:00,10,No Holiday,-0.2,0.0,0.0,16,Clear,sky is clear,3529
2023-12-08 11:00:00,11,No Holiday,-3.0,0.0,0.0,73,Clouds,overcast clouds,3815
2023-12-08 12:00:00,12,No Holiday,-1.4,0.0,1.82,86,Snow,heavy snow,2048
2023-12-08 13:00:00,13,No Holiday,-4.7,0.0,0.0,66,Clouds,broken clouds,3588
2023-12-08 14:00:00,14,No Holiday,-1.8,1.49,0.0,72,Rain,moderate rain,3047
2023-12-08 15:00:00,15,No Holiday,4.6,0.0,0.0,98,Clouds,few clouds,3579
2023-12-08 16:00:00,16,No Holiday,2.0,0.0,0.0,6,Clear,sky is clear,5524
2023-12-08 17:00:00,17,No Holiday,1.1,0.0,0.0,75,Clouds,few clouds,5120
2023-12-08 18:00:00,18,No Holiday,-1.3,0.0,0.0,36,Clouds,few clouds,5225
2023-12-08 19:00:00,19,No Holiday,-2.1,0.0,0.0,89,Thunderstorm,thunderstorm with light rain,1546
2023-12-08 20:00:00,20,No Holiday,-2.6,0.0,0.0,0,Clear,sky is clear,2789
2023-12-08 21:00:00,21,No Holiday,-1.8,0.58,0.0,98,Drizzle,light intensity drizzle,2062
2023-12-08 22:00:00,22,No Holiday,-1.6,0.0,0.0,33,Clouds,few clouds,540
2023-12-08 23:00:00,23,No Holiday,-4.0,0.0,0.0,47,Clouds,scattered clouds,830
2023-12-09 00:00:00,0,No Holiday,-3.2,0.0,0.0,8,Clear,sky is clear,532
2023-12-09 01:00:00,1,No Holiday,-4.2,0.0,0.0,96,Clouds,few clouds,488
2023-12-09 02:00:00,2,No Holiday,-5.8,0.0,0.0,85,Mist,mist,468
2023-12-09 03:00:00,3,No Holiday,-5.6,0.0,0.0,95,Mist,mist,399
2023-12-09 04:00:00,4,No Holiday,-8.5,0.89,0.0,74,Rain,heavy intensity rain,236
2023-12-09 05:00:00,5,No Holiday,-9.4,0.0,0.0,74,Fog,fog,366
2023-12-09 06:00:00,6,No Holiday,-2.9,0.0,0.0,8,Clear,sky is clear,367
2023-12-09 07:00:00,7,No Holiday,-7.0,0.0,0.0,14,Clear,sky is clear,2889
2023-12-09 08:00:00,8,No Holiday,-4.7,0.0,0.0,8,Clear,sky is clear,3144
2023-12-09 09:00:00,9,No Holiday,-5.1,1.05,0.0,79,Rain,moderate rain,2745
2023-12-09 10:00:00,10,No Holiday,-0.3,0.0,0.0,69,Clouds,broken clouds,2307
2023-12-09 11:00:00,11,No Holiday,0.7,0.0,0.0,19,Clear,sky is clear,2224
2023-12-09 12:00:00,12,No Holiday,4.5,0.0,0.0,47,Clouds,few clouds,3043
2023-12-09 13:00:00,13,No Holiday,1.8,0.0,0.0,86,Clouds,few clouds,2654
2023-12-09 14:00:00,14,No Holiday,0.8,0.0,0.0,46,Clouds,scattered clouds,2619
2023-12-09 15:00:00,15,No Holiday,4.4,0.0,0.0,59,Clouds,few clouds,3006
2023-12-09 16:00:00,16,No Holiday,2.0,0.0,0.0,99,Clouds,broken clouds,4499
2023-12-09 17:00:00,17,No Holiday,0.4,0.0,0.0,1,Clear,sky is clear,4140
2023-12-09 18:00:00,18,No Holiday,-4.2,0.0,0.0,49,Clouds,few clouds,3467
2023-12-09 19:00:00,19,No Holiday,-3.0,0.0,0.0,91,Clouds,scattered clouds,1588
2023-12-09 20:00:00,20,No Holiday,-2.7,0.0,0.0,0,Clear,sky is clear,1699
2023-12-09 21:00:00,21,No Holiday,-3.2,0.0,0.0,71,Clouds,few clouds,1729
2023-12-09 22:00:00,22,No Holiday,-6.4,0.0,0.0,5,Clear,sky is clear,354
2023-12-09 23:00:00,23,No Holiday,-5.5,0.0,0.0,79,Clouds,broken clouds,391
2023-12-10 00:00:00,0,No Holiday,-7.7,0.0,0.0,94,Clouds,scattered clouds,380
2023-12-10 01:00:00,1,No Holiday,-6.4,0.0,0.0,58,Clouds,scattered clouds,365
2023-12-10 02:00:00,2,No Holiday,-8.5,0.0,0.16,89,Snow,light snow,304
2023-12-10 03:00:00,3,No Holiday,-9.6,0.0,0.0,0,Clear,sky is clear,318
2023-12-10 04:00:00,4,No Holiday,-6.8,0.0,0.0,90,Thunderstorm,proximity thunderstorm,237
2023-12-10 05:00:00,5,No Holiday,-8.3,0.0,0.0,6,Clear,sky is clear,289
2023-12-10 06:00:00,6,No Holiday,-4.0,0.0,0.0,46,Clouds,overcast clouds,497
2023-12-10 07:00:00,7,No Holiday,-4.9,0.0,0.0,61,Clouds,scattered clouds,3521
2023-12-10 08:00:00,8,No Holiday,-0.9,0.0,0.0,43,Clouds,broken clouds,3339
2023-12-10 09:00:00,9,No Holiday,-5.6,0.0,0.0,13,Clear,sky is clear,2826
2023-12-10 10:00:00,10,No Holiday,1.6,0.0,0.0,54,Clouds,scattered clouds,2225
2023-12-10 11:00:00,11,No Holiday,-1.7,0.0,0.0,7,Clear,sky is clear,2229
2023-12-10 12:00:00,12,No Holiday,-1.2,1.85,0.0,93,Rain,light rain,2739
2023-12-10 13:00:00,13,No Holiday,-0.3,0.0,0.0,74,Fog,fog,2474
2023-12-10 14:00:00,14,No Holiday,3.5,0.0,0.0,87,Clouds,overcast clouds,2557
2023-12-10 15:00:00,15,No Holiday,2.7,0.0,0.0,51,Clouds,few clouds,2870
2023-12-10 16:00:00,16,No Holiday,-2.7,0.0,0.0,18,Clear,sky is clear,4293
2023-12-10 17:00:00,17,No Holiday,0.0,0.24,0.0,74,Drizzle,light intensity drizzle,3604
2023-12-10 18:00:00,18,No Holiday,0.4,0.0,1.57,96,Snow,heavy snow,2615
2023-12-10 19:00:00,19,No Holiday,-2.6,0.0,0.0,44,Clouds,scattered clouds,1622
2023-12-10 20:00:00,20,No Holiday,-4.1,0.0,0.0,13,Clear,sky is clear,1860
2023-12-10 21:00:00,21,No Holiday,-1.0,0.0,0.0,71,Fog,fog,1600
2023-12-10 22:00:00,22,No Holiday,-5.1,0.0,0.0,15,Clear,sky is clear,325
2023-12-10 23:00:00,23,No Holiday,-2.9,0.0,0.0,89,Clouds,overcast clouds,380
2023-12-11 00:00:00,0,No Holiday,-5.7,0.0,0.0,94,Mist,mist,458
2023-12-11 01:00:00,1,No Holiday,-6.8,0.0,0.0,18,Clear,sky is clear,728
2023-12-11 02:00:00,2,No Holiday,-5.4,0.0,0.0,89,Clouds,scattered clouds,579
2023-12-11 03:00:00,3,No Holiday,-6.9,0.0,0.0,81,Fog,fog,691
2023-12-11 04:00:00,4,No Holiday,-6.9,0.0,0.0,30,Clouds,few clouds,781
2023-12-11 05:00:00,5,No Holiday,-7.9,0.0,0.0,4,Clear,sky is clear,523
2023-12-11 06:00:00,6,No Holiday,-4.9,0.0,0.0,40,Clouds,few clouds,621
2023-12-11 07:00:00,7,No Holiday,-5.5,0.0,0.0,0,Clear,sky is clear,4501
2023-12-11 08:00:00,8,No Holiday,-0.7,0.0,0.0,14,Clear,sky is clear,5160
2023-12-11 09:00:00,9,No Holiday,-5.3,0.0,0.0,55,Clouds,few clouds,4526
2023-12-11 10:00:00,10,No Holiday,-2.2,0.0,0.0,39,Clouds,broken clouds,3695
2023-12-11 11:00:00,11,No Holiday,-0.7,2.0,0.0,91,Rain,light rain,3030
2023-12-11 12:00:00,12,No Holiday,3.3,0.0,0.0,93,Fog,fog,3381
2023-12-11 13:00:00,13,No Holiday,0.8,0.0,0.0,96,Mist,mist,3105
2023-12-11 14:00:00,14,No Holiday,0.8,0.0,0.0,14,Clear,sky is clear,3633
2023-12-11 15:00:00,15,No Holiday,-1.1,0.0,0.0,90,Clouds,scattered clouds,3528
2023-12-11 16:00:00,16,No Holiday,-0.9,0.0,0.0,68,Clouds,scattered clouds,5406
2023-12-11 17:00:00,17,No Holiday,1.4,0.0,0.0,92,Thunderstorm,proximity thunderstorm,3345
2023-12-11 18:00:00,18,No Holiday,-0.3,0.0,0.0,7,Clear,sky is clear,5156
2023-12-11 19:00:00,19,No Holiday,3.4,0.0,0.0,45,Clouds,broken clouds,2966
2023-12-11 20:00:00,20,No Holiday,-0.9,0.0,0.0,91,Clouds,broken clouds,2501
2023-12-11 21:00:00,21,No Holiday,-4.6,0.0,0.0,8,Clear,sky is clear,3128
2023-12-11 22:00:00,22,No Holiday,-5.1,0.0,0.0,30,Clouds,broken clouds,901
2023-12-11 23:00:00,23,No Holiday,-4.6,0.0,2.19,97,Snow,heavy snow,537
2023-12-12 00:00:00,0,No Holiday,-2.4,0.0,0.0,98,Mist,mist,662
2023-12-12 01:00:00,1,No Holiday,-6.4,0.46,0.0,84,Rain,moderate rain,490
2023-12-12 02:00:00,2,No Holiday,-6.4,0.0,0.0,3,Clear,sky is clear,536
2023-12-12 03:00:00,3,No Holiday,-8.4,3.8,0.0,79,Rain,light rain,643
2023-12-12 04:00:00,4,No Holiday,-9.1,0.0,0.0,1,Clear,sky is clear,525
2023-12-12 05:00:00,5,No Holiday,-5.8,0.0,0.0,37,Clouds,overcast clouds,581
2023-12-12 06:00:00,6,No Holiday,-7.4,0.0,0.0,9,Clear,sky is clear,696
2023-12-12 07:00:00,7,No Holiday,-6.3,0.0,0.0,9,Clear,sky is clear,4784
2023-12-12 08:00:00,8,No Holiday,-4.4,1.91,0.0,82,Rain,moderate rain,4344
2023-12-12 09:00:00,9,No Holiday,-5.3,0.0,0.0,0,Clear,sky is clear,4761
2023-12-12 10:00:00,10,No Holiday,0.9,0.0,0.0,5,Clear,sky is clear,3098
2023-12-12 11:00:00,11,No Holiday,1.1,0.0,0.0,89,Mist,mist,3003
2023-12-12 12:00:00,12,No Holiday,0.7,0.0,0.0,7,Clear,sky is clear,3499
2023-12-12 13:00:00,13,No Holiday,-1.5,0.0,0.0,13,Clear,sky is clear,3298
2023-12-12 14:00:00,14,No Holiday,2.2,0.0,0.0,61,Clouds,few clouds,3281
2023-12-12 15:00:00,15,No Holiday,1.0,0.0,0.0,91,Clouds,scattered clouds,3617
2023-12-12 16:00:00,16,No Holiday,-1.3,0.49,0.0,76,Drizzle,light intensity drizzle,4531
2023-12-12 17:00:00,17,No Holiday,1.2,0.0,0.0,12,Clear,sky is clear,5196
2023-12-12 18:00:00,18,No Holiday,1.6,0.0,0.0,69,Clouds,overcast clouds,5225
2023-12-12 19:00:00,19,No Holiday,-0.4,0.0,0.23,70,Snow,light snow,1795
2023-12-12 20:00:00,20,No Holiday,-0.7,0.0,0.0,80,Thunderstorm,proximity thunderstorm,1622
2023-12-12 21:00:00,21,No Holiday,0.1,0.0,0.0,41,Clouds,few clouds,2651
2023-12-12 22:00:00,22,No Holiday,-4.8,0.0,0.0,16,Clear,sky is clear,547
2023-12-12 23:00:00,23,No Holiday,-7.5,0.0,0.0,9,Clear,sky is clear,762
2023-12-13 00:00:00,0,No Holiday,-5.1,0.0,0.0,49,Clouds,broken clouds,755
2023-12-13 01:00:00,1,No Holiday,-6.4,0.0,0.0,8,Clear,sky is clear,508
2023-12-13 02:00:00,2,No Holiday,-8.3,0.0,0.0,7,Clear,sky is clear,714
2023-12-13 03:00:00,3,No Holiday,-8.2,0.0,0.0,94,Clouds,few clouds,768
2023-12-13 04:00:00,4,No Holiday,-6.4,0.0,0.0,14,Clear,sky is clear,787
2023-12-13 05:00:00,5,No Holiday,-7.7,0.0,0.0,97,Clouds,broken clouds,555
2023-12-13 06:00:00,6,No Holiday,-6.2,0.42,0.0,87,Rain,heavy intensity rain,360
2023-12-13 07:00:00,7,No Holiday,-5.8,0.0,0.0,45,Clouds,scattered clouds,4620
2023-12-13 08:00:00,8,No Holiday,-7.1,0.0,0.0,18,Clear,sky is clear,4267
2023-12-13 09:00:00,9,No Holiday,-2.2,0.0,0.0,71,Clouds,broken clouds,4758
2023-12-13 10:00:00,10,No Holiday,-0.4,0.0,0.0,80,Clouds,broken clouds,3679
2023-12-13 11:00:00,11,No Holiday,-1.3,0.0,3.82,96,Snow,heavy snow,2466
2023-12-13 12:00:00,12,No Holiday,2.7,0.0,0.16,85,Snow,light snow,2169
2023-12-13 13:00:00,13,No Holiday,-1.0,0.0,0.0,71,Clouds,overcast clouds,3891
2023-12-13 14:00:00,14,No Holiday,0.8,1.78,0.0,84,Rain,light rain,2996
2023-12-13 15:00:00,15,No Holiday,-0.7,0.0,0.0,80,Clouds,broken clouds,3386
2023-12-13 16:00:00,16,No Holiday,3.2,0.0,0.0,31,Clouds,few clouds,5107
2023-12-13 17:00:00,17,No Holiday,-0.6,0.0,0.0,11,Clear,sky is clear,5240
2023-12-13 18:00:00,18,No Holiday,-0.1,0.0,0.0,2,Clear,sky is clear,5277
2023-12-13 19:00:00,19,No Holiday,-1.3,0.0,0.0,74,Mist,mist,2666
2023-12-13 20:00:00,20,No Holiday,1.0,0.0,0.0,31,Clouds,broken clouds,3156
2023-12-13 21:00:00,21,No Holiday,-2.3,0.0,0.0,7,Clear,sky is clear,2906
2023-12-13 22:00:00,22,No Holiday,-3.9,0.0,0.0,49,Clouds,few clouds,727
2023-12-13 23:00:00,23,No Holiday,-4.3,0.0,0.0,31,Clouds,few clouds,821
2023-12-14 00:00:00,0,No Holiday,-3.0,0.0,0.0,12,Clear,sky is clear,609
2023-12-14 01:00:00,1,No Holiday,-7.9,0.0,0.0,17,Clear,sky is clear,830
2023-12-14 02:00:00,2,No Holiday,-7.6,0.18,0.0,72,Rain,light rain,462
2023-12-14 03:00:00,3,No Holiday,-11.0,0.0,0.73,99,Snow,heavy snow,715
2023-12-14 04:00:00,4,No Holiday,-10.8,0.0,0.0,93,Clouds,overcast clouds,518
2023-12-14 05:00:00,5,No Holiday,-8.9,0.0,0.0,19,Clear,sky is clear,549
2023-12-14 06:00:00,6,No Holiday,-5.6,0.0,0.0,70,Fog,fog,628
2023-12-14 07:00:00,7,No Holiday,-6.3,0.0,0.0,87,Clouds,scattered clouds,4809
2023-12-14 08:00:00,8,No Holiday,-2.8,0.0,0.0,13,Clear,sky is clear,4927
2023-12-14 09:00:00,9,No Holiday,-1.7,0.0,0.0,96,Fog,fog,4678
2023-12-14 10:00:00,10,No Holiday,-5.2,0.0,0.0,74,Clouds,scattered clouds,3304
2023-12-14 11:00:00,11,No Holiday,-4.1,0.0,0.0,37,Clouds,broken clouds,3449
2023-12-14 12:00:00,12,No Holiday,-3.0,0.0,0.0,0,Clear,sky is clear,3723
2023-12-14 13:00:00,13,No Holiday,0.3,0.0,0.0,73,Mist,mist,3327
2023-12-14 14:00:00,14,No Holiday,2.0,0.0,0.0,64,Clouds,broken clouds,3456
2023-12-14 15:00:00,15,No Holiday,-0.7,0.0,0.0,14,Clear,sky is clear,3410
2023-12-14 16:00:00,16,No Holiday,-0.7,0.0,0.0,9,Clear,sky is clear,5722
2023-12-14 17:00:00,17,No Holiday,-0.2,0.0,0.0,18,Clear,sky is clear,4726
2023-12-14 18:00:00,18,No Holiday,-2.4,0.0,0.0,13,Clear,sky is clear,5881
2023-12-14 19:00:00,19,No Holiday,-0.9,0.0,0.0,9,Clear,sky is clear,2443
2023-12-14 20:00:00,20,No Holiday,-5.0,0.0,0.0,8,Clear,sky is clear,3093
2023-12-14 21:00:00,21,No Holiday,-3.4,0.0,0.0,52,Clouds,few clouds,2808
2023-12-14 22:00:00,22,No Holiday,-2.6,0.0,0.0,75,Mist,mist,511
2023-12-14 23:00:00,23,No Holiday,-1.3,1.37,0.0,89,Rain,moderate rain,722
2023-12-15 00:00:00,0,No Holiday,-10.0,0.0,1.26,73,Snow,light snow,382
2023-12-15 01:00:00,1,No Holiday,-2.6,0.0,0.0,7,Clear,sky is clear,767
2023-12-15 02:00:00,2,No Holiday,-6.4,0.0,0.0,8,Clear,sky is clear,593
2023-12-15 03:00:00,3,No Holiday,-8.6,0.0,0.42,74,Snow,light snow,495
2023-12-15 04:00:00,4,No Holiday,-8.9,0.0,2.27,98,Snow,light snow,378
2023-12-15 05:00:00,5,No Holiday,-10.4,0.0,0.0,0,Clear,sky is clear,478
2023-12-15 06:00:00,6,No Holiday,-6.6,0.0,0.0,83,Clouds,scattered clouds,539
2023-12-15 07:00:00,7,No Holiday,-10.0,0.0,0.0,5,Clear,sky is clear,4874
2023-12-15 08:00:00,8,No Holiday,-5.1,0.0,0.0,98,Clouds,overcast clouds,4696
2023-12-15 09:00:00,9,No Holiday,-3.4,0.0,0.0,18,Clear,sky is clear,5610
2023-12-15 10:00:00,10,No Holiday,0.2,0.0,0.0,78,Clouds,scattered clouds,3466
2023-12-15 11:00:00,11,No Holiday,1.6,0.0,0.0,61,Clouds,scattered clouds,3908
2023-12-15 12:00:00,12,No Holiday,2.1,0.0,0.0,3,Clear,sky is clear,3662
2023-12-15 13:00:00,13,No Holiday,0.3,0.52,0.0,92,Rain,moderate rain,3540
2023-12-15 14:00:00,14,No Holiday,2.0,8.1,0.0,94,Rain,heavy intensity rain,3136
2023-12-15 15:00:00,15,No Holiday,1.2,0.0,0.0,2,Clear,sky is clear,3699
2023-12-15 16:00:00,16,No Holiday,0.9,0.0,0.0,86,Thunderstorm,thunderstorm with light rain,3489
2023-12-15 17:00:00,17,No Holiday,-3.0,0.0,0.0,35,Clouds,few clouds,5082
2023-12-15 18:00:00,18,No Holiday,-1.0,0.0,0.0,9,Clear,sky is clear,5678
2023-12-15 19:00:00,19,No Holiday,-0.2,0.0,0.0,1,Clear,sky is clear,3075
2023-12-15 20:00:00,20,No Holiday,-1.8,0.0,0.0,45,Clouds,overcast clouds,2805
2023-12-15 21:00:00,21,No Holiday,-2.1,0.0,0.0,48,Clouds,broken clouds,2804
2023-12-15 22:00:00,22,No Holiday,-1.7,0.0,0.0,47,Clouds,broken clouds,660
2023-12-15 23:00:00,23,No Holiday,-5.2,3.42,0.0,80,Rain,moderate rain,455
2023-12-16 00:00:00,0,No Holiday,-3.8,0.0,0.0,4,Clear,sky is clear,594
2023-12-16 01:00:00,1,No Holiday,-6.5,0.0,0.0,80,Fog,fog,228
2023-12-16 02:00:00,2,No Holiday,-4.1,0.0,0.0,17,Clear,sky is clear,344
2023-12-16 03:00:00,3,No Holiday,-7.8,0.0,0.0,16,Clear,sky is clear,356
2023-12-16 04:00:00,4,No Holiday,-6.0,0.0,0.0,14,Clear,sky is clear,410
2023-12-16 05:00:00,5,No Holiday,-7.4,0.0,0.0,72,Clouds,overcast clouds,486
2023-12-16 06:00:00,6,No Holiday,-7.2,2.18,0.0,77,Rain,light rain,260
2023-12-16 07:00:00,7,No Holiday,-6.9,0.0,0.0,14,Clear,sky is clear,3146
2023-12-16 08:00:00,8,No Holiday,-6.7,0.0,0.0,78,Fog,fog,3041
2023-12-16 09:00:00,9,No Holiday,3.4,1.11,0.0,79,Rain,heavy intensity rain,2782
2023-12-16 10:00:00,10,No Holiday,-0.3,0.0,0.0,7,Clear,sky is clear,2419
2023-12-16 11:00:00,11,No Holiday,-3.7,0.0,0.0,37,Clouds,overcast clouds,2371
2023-12-16 12:00:00,12,No Holiday,-5.9,0.0,0.0,76,Clouds,scattered clouds,2217
2023-12-16 13:00:00,13,No Holiday,2.7,0.0,0.0,3,Clear,sky is clear,3020
2023-12-16 14:00:00,14,No Holiday,0.5,0.0,0.0,15,Clear,sky is clear,2557
2023-12-16 15:00:00,15,No Holiday,3.7,0.0,0.0,18,Clear,sky is clear,2578
2023-12-16 16:00:00,16,No Holiday,-1.8,3.8,0.0,81,Rain,light rain,3634
2023-12-16 17:00:00,17,No Holiday,-0.8,0.0,0.0,45,Clouds,overcast clouds,3636
2023-12-16 18:00:00,18,No Holiday,-0.3,7.8,0.0,90,Rain,heavy intensity rain,3063
2023-12-16 19:00:00,19,No Holiday,-1.9,0.0,0.99,75,Snow,light snow,1292
2023-12-16 20:00:00,20,No Holiday,-1.4,10.62,0.0,83,Rain,light rain,1620
2023-12-16 21:00:00,21,No Holiday,-1.1,0.0,0.0,9,Clear,sky is clear,1778
2023-12-16 22:00:00,22,No Holiday,-6.2,0.0,0.0,72,Mist,mist,408
2023-12-16 23:00:00,23,No Holiday,-6.6,0.52,0.0,93,Rain,moderate rain,551
2023-12-17 00:00:00,0,No Holiday,-4.5,2.76,0.0,73,Rain,light rain,430
2023-12-17 01:00:00,1,No Holiday,-6.4,0.0,0.0,49,Clouds,few clouds,402
2023-12-17 02:00:00,2,No Holiday,-5.6,0.0,0.0,30,Clouds,few clouds,382
2023-12-17 03:00:00,3,No Holiday,-9.9,0.0,0.0,90,Mist,mist,398
2023-12-17 04:00:00,4,No Holiday,-8.0,0.0,0.0,89,Mist,mist,435
2023-12-17 05:00:00,5,No Holiday,-8.0,0.0,0.0,84,Mist,mist,359
2023-12-17 06:00:00,6,No Holiday,-7.5,0.0,0.0,50,Clouds,scattered clouds,379
2023-12-17 07:00:00,7,No Holiday,-2.9,0.0,0.0,99,Mist,mist,2587
2023-12-17 08:00:00,8,No Holiday,-1.9,0.0,0.0,78,Clouds,few clouds,2978
2023-12-17 09:00:00,9,No Holiday,-1.4,0.77,0.0,97,Rain,heavy intensity rain,2740
2023-12-17 10:00:00,10,No Holiday,3.1,0.0,0.0,12,Clear,sky is clear,2261
2023-12-17 11:00:00,11,No Holiday,0.2,0.0,0.0,13,Clear,sky is clear,2512
2023-12-17 12:00:00,12,No Holiday,-6.0,0.0,0.0,38,Clouds,scattered clouds,2364
2023-12-17 13:00:00,13,No Holiday,3.0,0.0,0.0,3,Clear,sky is clear,2527
2023-12-17 14:00:00,14,No Holiday,0.7,0.0,0.0,14,Clear,sky is clear,2938
2023-12-17 15:00:00,15,No Holiday,5.2,0.0,0.0,51,Clouds,overcast clouds,2810
2023-12-17 16:00:00,16,No Holiday,2.2,0.0,0.0,82,Clouds,overcast clouds,4079
2023-12-17 17:00:00,17,No Holiday,-1.5,0.0,0.0,52,Clouds,scattered clouds,3807
2023-12-17 18:00:00,18,No Holiday,2.0,0.0,0.0,86,Mist,mist,3288
2023-12-17 19:00:00,19,No Holiday,-2.4,0.0,0.0,84,Clouds,overcast clouds,1870
2023-12-17 20:00:00,20,No Holiday,-3.8,0.0,0.0,17,Clear,sky is clear,1872
2023-12-17 21:00:00,21,No Holiday,-2.0,0.0,0.0,98,Clouds,scattered clouds,1916
2023-12-17 22:00:00,22,No Holiday,-5.1,0.0,0.0,86,Clouds,scattered clouds,332
2023-12-17 23:00:00,23,No Holiday,-4.1,1.17,0.0,89,Rain,light rain,358
2023-12-18 00:00:00,0,No Holiday,-9.6,0.0,0.0,12,Clear,sky is clear,780
2023-12-18 01:00:00,1,No Holiday,-9.1,0.0,0.0,40,Clouds,broken clouds,607
2023-12-18 02:00:00,2,No Holiday,-6.1,0.0,0.0,45,Clouds,broken clouds,800
2023-12-18 03:00:00,3,No Holiday,-8.2,0.0,0.0,79,Clouds,broken clouds,611
2023-12-18 04:00:00,4,No Holiday,-7.1,0.97,0.0,75,Drizzle,light intensity drizzle,365
2023-12-18 05:00:00,5,No Holiday,-10.2,0.0,0.0,35,Clouds,broken clouds,592
2023-12-18 06:00:00,6,No Holiday,-3.3,0.0,0.0,92,Clouds,broken clouds,690
2023-12-18 07:00:00,7,No Holiday,-5.7,0.0,0.0,91,Clouds,overcast clouds,4968
2023-12-18 08:00:00,8,No Holiday,-3.1,0.0,0.0,80,Clouds,few clouds,4914
2023-12-18 09:00:00,9,No Holiday,-1.9,0.0,0.0,80,Mist,mist,4317
2023-12-18 10:00:00,10,No Holiday,0.6,1.63,0.0,74,Rain,moderate rain,3330
2023-12-18 11:00:00,11,No Holiday,-0.3,0.0,0.0,93,Clouds,overcast clouds,3321
2023-12-18 12:00:00,12,No Holiday,3.0,0.0,0.0,48,Clouds,scattered clouds,3779
2023-12-18 13:00:00,13,No Holiday,2.8,0.0,0.0,0,Clear,sky is clear,3553
2023-12-18 14:00:00,14,No Holiday,-0.9,4.24,0.0,74,Rain,heavy intensity rain,2699
2023-12-18 15:00:00,15,No Holiday,2.6,0.0,0.0,0,Clear,sky is clear,3306
2023-12-18 16:00:00,16,No Holiday,0.6,0.0,0.0,5,Clear,sky is clear,5481
2023-12-18 17:00:00,17,No Holiday,-0.3,0.0,0.0,6,Clear,sky is clear,4967
2023-12-18 18:00:00,18,No Holiday,-1.2,0.0,0.0,12,Clear,sky is clear,5677
2023-12-18 19:00:00,19,No Holiday,0.8,0.0,0.0,91,Fog,fog,2650
2023-12-18 20:00:00,20,No Holiday,-1.6,0.94,0.0,78,Rain,moderate rain,2626
2023-12-18 21:00:00,21,No Holiday,-3.5,0.0,0.0,1,Clear,sky is clear,2772
2023-12-18 22:00:00,22,No Holiday,-1.9,0.0,0.0,94,Clouds,broken clouds,813
2023-12-18 23:00:00,23,No Holiday,-6.2,0.0,0.0,18,Clear,sky is clear,958
2023-12-19 00:00:00,0,No Holiday,-6.6,0.0,0.0,2,Clear,sky is clear,706
2023-12-19 01:00:00,1,No Holiday,-6.9,1.18,0.0,78,Rain,light rain,209
2023-12-19 02:00:00,2,No Holiday,-8.2,0.0,0.0,38,Clouds,overcast clouds,758
2023-12-19 03:00:00,3,No Holiday,-6.6,0.0,0.0,1,Clear,sky is clear,778
2023-12-19 04:00:00,4,No Holiday,-6.1,0.0,0.0,15,Clear,sky is clear,1062
2023-12-19 05:00:00,5,No Holiday,-7.5,0.0,0.0,15,Clear,sky is clear,476
2023-12-19 06:00:00,6,No Holiday,-6.5,0.0,0.0,8,Clear,sky is clear,436
2023-12-19 07:00:00,7,No Holiday,-6.7,0.0,0.0,10,Clear,sky is clear,4333
2023-12-19 08:00:00,8,No Holiday,-4.1,2.87,0.0,91,Rain,heavy intensity rain,4567
2023-12-19 09:00:00,9,No Holiday,-0.8,0.0,0.0,43,Clouds,overcast clouds,4770
2023-12-19 10:00:00,10,No Holiday,-3.6,3.77,0.0,91,Rain,light rain,2993
2023-12-19 11:00:00,11,No Holiday,1.5,0.0,0.0,5,Clear,sky is clear,3697
2023-12-19 12:00:00,12,No Holiday,-1.2,0.0,0.0,50,Clouds,scattered clouds,3224
2023-12-19 13:00:00,13,No Holiday,1.0,3.65,0.0,96,Rain,light rain,2942
2023-12-19 14:00:00,14,No Holiday,3.9,0.0,0.0,71,Clouds,overcast clouds,3572
2023-12-19 15:00:00,15,No Holiday,-0.8,0.0,0.0,36,Clouds,overcast clouds,3541
2023-12-19 16:00:00,16,No Holiday,0.4,0.99,0.0,76,Drizzle,light intensity drizzle,4608
2023-12-19 17:00:00,17,No Holiday,2.0,0.0,0.0,19,Clear,sky is clear,4520
2023-12-19 18:00:00,18,No Holiday,-1.7,0.0,0.0,4,Clear,sky is clear,5278
2023-12-19 19:00:00,19,No Holiday,-4.8,0.0,0.0,2,Clear,sky is clear,2776
2023-12-19 20:00:00,20,No Holiday,-2.5,0.0,0.44,77,Snow,heavy snow,1869
2023-12-19 21:00:00,21,No Holiday,-1.3,0.0,0.0,44,Clouds,scattered clouds,2801
2023-12-19 22:00:00,22,No Holiday,-0.5,0.0,0.0,14,Clear,sky is clear,576
2023-12-19 23:00:00,23,No Holiday,-7.3,0.0,0.0,80,Clouds,overcast clouds,703
2023-12-20 00:00:00,0,No Holiday,-4.6,0.0,0.0,83,Mist,mist,707
2023-12-20 01:00:00,1,No Holiday,-3.4,0.0,0.0,55,Clouds,broken clouds,974
2023-12-20 02:00:00,2,No Holiday,-7.0,0.0,0.0,59,Clouds,few clouds,763
2023-12-20 03:00:00,3,No Holiday,-11.7,0.0,0.0,46,Clouds,overcast clouds,608
2023-12-20 04:00:00,4,No Holiday,-6.8,0.0,0.0,19,Clear,sky is clear,511
2023-12-20 05:00:00,5,No Holiday,-6.6,0.0,0.0,59,Clouds,scattered clouds,570
2023-12-20 06:00:00,6,No Holiday,-6.1,0.0,0.0,14,Clear,sky is clear,520
2023-12-20 07:00:00,7,No Holiday,-2.9,0.0,0.0,34,Clouds,few clouds,5228
2023-12-20 08:00:00,8,No Holiday,-8.4,0.0,0.0,85,Clouds,few clouds,4448
2023-12-20 09:00:00,9,No Holiday,-1.2,0.0,0.0,2,Clear,sky is clear,5007
2023-12-20 10:00:00,10,No Holiday,-0.3,0.0,0.0,71,Mist,mist,3318
2023-12-20 11:00:00,11,No Holiday,-0.5,0.0,0.0,0,Clear,sky is clear,3675
2023-12-20 12:00:00,12,No Holiday,-0.5,0.0,0.0,70,Clouds,few clouds,2948
2023-12-20 13:00:00,13,No Holiday,-0.6,0.56,0.0,95,Rain,heavy intensity rain,2791
2023-12-20 14:00:00,14,No Holiday,2.3,0.0,0.0,14,Clear,sky is clear,3323
2023-12-20 15:00:00,15,No Holiday,0.9,0.0,0.0,72,Fog,fog,3170
2023-12-20 16:00:00,16,No Holiday,5.9,2.96,0.0,95,Rain,light rain,4656
2023-12-20 17:00:00,17,No Holiday,-3.1,0.0,0.0,9,Clear,sky is clear,5812
2023-12-20 18:00:00,18,No Holiday,1.6,0.0,0.0,47,Clouds,broken clouds,5304
2023-12-20 19:00:00,19,No Holiday,-0.1,0.0,0.0,18,Clear,sky is clear,2836
2023-12-20 20:00:00,20,No Holiday,-2.6,0.0,0.0,40,Clouds,scattered clouds,2840
2023-12-20 21:00:00,21,No Holiday,-3.2,0.97,0.0,72,Drizzle,light intensity drizzle,2274
2023-12-20 22:00:00,22,No Holiday,-2.3,0.0,0.0,15,Clear,sky is clear,901
2023-12-20 23:00:00,23,No Holiday,-3.6,0.0,0.0,6,Clear,sky is clear,587
2023-12-21 00:00:00,0,No Holiday,-4.2,0.0,0.0,84,Fog,fog,630
2023-12-21 01:00:00,1,No Holiday,-4.4,5.48,0.0,75,Rain,heavy intensity rain,610
2023-12-21 02:00:00,2,No Holiday,-8.3,0.0,0.0,2,Clear,sky is clear,713
2023-12-21 03:00:00,3,No Holiday,-7.4,0.0,0.0,89,Mist,mist,679
2023-12-21 04:00:00,4,No Holiday,-4.6,0.0,0.0,4,Clear,sky is clear,860
2023-12-21 05:00:00,5,No Holiday,-5.6,0.0,0.0,80,Clouds,few clouds,483
2023-12-21 06:00:00,6,No Holiday,-7.5,0.0,0.0,14,Clear,sky is clear,553
2023-12-21 07:00:00,7,No Holiday,-1.2,0.0,2.53,91,Snow,light snow,3328
2023-12-21 08:00:00,8,No Holiday,-5.7,0.0,0.0,4,Clear,sky is clear,4316
2023-12-21 09:00:00,9,No Holiday,-0.6,0.0,0.0,2,Clear,sky is clear,4259
2023-12-21 10:00:00,10,No Holiday,-1.8,0.0,0.81,98,Snow,light snow,2529
2023-12-21 11:00:00,11,No Holiday,-3.5,0.66,0.0,88,Rain,heavy intensity rain,3008
2023-12-21 12:00:00,12,No Holiday,-1.2,0.0,0.0,18,Clear,sky is clear,3598
2023-12-21 13:00:00,13,No Holiday,3.1,1.17,0.0,96,Rain,heavy intensity rain,3093
2023-12-21 14:00:00,14,No Holiday,-0.7,0.0,0.0,12,Clear,sky is clear,3510
2023-12-21 15:00:00,15,No Holiday,3.4,0.0,0.0,84,Clouds,few clouds,3154
2023-12-21 16:00:00,16,No Holiday,0.9,0.0,0.0,2,Clear,sky is clear,5617
2023-12-21 17:00:00,17,No Holiday,-0.9,5.05,0.0,78,Rain,heavy intensity rain,4817
2023-12-21 18:00:00,18,No Holiday,-0.3,0.0,0.0,16,Clear,sky is clear,5151
2023-12-21 19:00:00,19,No Holiday,-2.1,0.0,0.0,80,Fog,fog,2529
2023-12-21 20:00:00,20,No Holiday,-1.9,0.0,0.0,9,Clear,sky is clear,2816
2023-12-21 21:00:00,21,No Holiday,-2.1,0.0,0.0,97,Fog,fog,2618
2023-12-21 22:00:00,22,No Holiday,-7.8,0.0,0.0,41,Clouds,scattered clouds,563
2023-12-21 23:00:00,23,No Holiday,-3.5,0.0,0.0,14,Clear,sky is clear,918
2023-12-22 00:00:00,0,No Holiday,-4.1,0.0,0.0,4,Clear,sky is clear,795
2023-12-22 01:00:00,1,No Holiday,-5.9,0.0,0.0,95,Thunderstorm,proximity thunderstorm,280
2023-12-22 02:00:00,2,No Holiday,-2.7,0.0,0.0,4,Clear,sky is clear,770
2023-12-22 03:00:00,3,No Holiday,-7.4,0.0,0.0,17,Clear,sky is clear,804
2023-12-22 04:00:00,4,No Holiday,-8.5,0.0,0.0,82,Clouds,few clouds,687
2023-12-22 05:00:00,5,No Holiday,-4.6,0.0,0.0,17,Clear,sky is clear,743
2023-12-22 06:00:00,6,No Holiday,-5.2,0.0,0.0,18,Clear,sky is clear,589
2023-12-22 07:00:00,7,No Holiday,-3.6,0.0,0.0,50,Clouds,few clouds,4698
2023-12-22 08:00:00,8,No Holiday,-6.0,0.0,0.0,78,Clouds,overcast clouds,3800
2023-12-22 09:00:00,9,No Holiday,-3.5,2.49,0.0,82,Rain,moderate rain,4073
2023-12-22 10:00:00,10,No Holiday,-0.6,0.0,0.0,78,Clouds,broken clouds,3231
2023-12-22 11:00:00,11,No Holiday,0.3,0.0,0.0,32,Clouds,broken clouds,3427
2023-12-22 12:00:00,12,No Holiday,0.7,0.0,0.0,74,Clouds,broken clouds,3540
2023-12-22 13:00:00,13,No Holiday,4.6,0.0,0.0,57,Clouds,broken clouds,3792
2023-12-22 14:00:00,14,No Holiday,3.1,1.22,0.0,96,Rain,heavy intensity rain,3167
2023-12-22 15:00:00,15,No Holiday,-1.2,0.0,0.0,15,Clear,sky is clear,3281
2023-12-22 16:00:00,16,No Holiday,0.4,0.0,0.0,59,Clouds,few clouds,4322
2023-12-22 17:00:00,17,No Holiday,-0.9,0.0,0.0,93,Thunderstorm,proximity thunderstorm,3249
2023-12-22 18:00:00,18,No Holiday,0.2,0.0,0.0,14,Clear,sky is clear,5517
2023-12-22 19:00:00,19,No Holiday,-1.1,0.0,0.0,95,Clouds,overcast clouds,2796
2023-12-22 20:00:00,20,No Holiday,-6.0,0.0,0.0,42,Clouds,few clouds,2327
2023-12-22 21:00:00,21,No Holiday,-3.7,0.02,0.0,79,Rain,heavy intensity rain,2127
2023-12-22 22:00:00,22,No Holiday,-4.2,0.0,0.0,56,Clouds,overcast clouds,701
2023-12-22 23:00:00,23,No Holiday,-6.5,0.0,0.0,76,Clouds,overcast clouds,816
2023-12-23 00:00:00,0,No Holiday,-5.6,0.0,0.0,94,Fog,fog,390
2023-12-23 01:00:00,1,No Holiday,-4.6,0.0,0.0,16,Clear,sky is clear,426
2023-12-23 02:00:00,2,No Holiday,-4.6,0.0,0.0,6,Clear,sky is clear,384
2023-12-23 03:00:00,3,No Holiday,-8.5,0.0,0.0,14,Clear,sky is clear,390
2023-12-23 04:00:00,4,No Holiday,-3.6,0.0,0.0,10,Clear,sky is clear,535
2023-12-23 05:00:00,5,No Holiday,-5.2,0.0,0.0,3,Clear,sky is clear,255
2023-12-23 06:00:00,6,No Holiday,-4.8,0.0,0.0,30,Clouds,broken clouds,519
2023-12-23 07:00:00,7,No Holiday,-8.5,5.76,0.0,76,Rain,light rain,2585
2023-12-23 08:00:00,8,No Holiday,-6.1,0.0,0.0,65,Clouds,few clouds,2789
2023-12-23 09:00:00,9,No Holiday,-2.6,1.29,0.0,98,Rain,moderate rain,2885
2023-12-23 10:00:00,10,No Holiday,0.0,0.0,0.0,9,Clear,sky is clear,2224
2023-12-23 11:00:00,11,No Holiday,-0.4,0.0,0.0,80,Clouds,overcast clouds,2120
2023-12-23 12:00:00,12,No Holiday,2.8,0.0,0.0,15,Clear,sky is clear,2623
2023-12-23 13:00:00,13,No Holiday,5.8,0.0,0.0,48,Clouds,few clouds,2597
2023-12-23 14:00:00,14,No Holiday,0.9,0.0,0.0,12,Clear,sky is clear,2861
2023-12-23 15:00:00,15,No Holiday,0.8,0.0,0.0,9,Clear,sky is clear,2854
2023-12-23 16:00:00,16,No Holiday,-1.1,0.07,0.0,80,Rain,light rain,4079
2023-12-23 17:00:00,17,No Holiday,2.0,0.0,0.0,5,Clear,sky is clear,3977
2023-12-23 18:00:00,18,No Holiday,-2.6,0.0,0.0,75,Mist,mist,2833
2023-12-23 19:00:00,19,No Holiday,2.6,0.0,0.0,67,Clouds,scattered clouds,1589
2023-12-23 20:00:00,20,No Holiday,-1.6,4.21,0.0,93,Rain,light rain,1597
2023-12-23 21:00:00,21,No Holiday,-8.3,0.0,0.0,2,Clear,sky is clear,1725
2023-12-23 22:00:00,22,No Holiday,-4.0,0.0,0.0,72,Clouds,scattered clouds,437
2023-12-23 23:00:00,23,No Holiday,-7.7,0.82,0.0,74,Drizzle,light intensity drizzle,324
2023-12-24 00:00:00,0,No Holiday,-5.6,0.0,0.0,97,Fog,fog,347
2023-12-24 01:00:00,1,No Holiday,-5.1,0.0,0.0,64,Clouds,broken clouds,405
2023-12-24 02:00:00,2,No Holiday,-5.6,0.0,0.0,6,Clear,sky is clear,485
2023-12-24 03:00:00,3,No Holiday,-4.7,0.0,0.0,1,Clear,sky is clear,386
2023-12-24 04:00:00,4,No Holiday,-6.7,0.0,0.0,96,Clouds,broken clouds,437
2023-12-24 05:00:00,5,No Holiday,-8.2,0.0,0.0,48,Clouds,few clouds,544
2023-12-24 06:00:00,6,No Holiday,-6.3,0.0,0.0,75,Clouds,broken clouds,255
2023-12-24 07:00:00,7,No Holiday,-6.6,0.0,0.0,34,Clouds,broken clouds,2839
2023-12-24 08:00:00,8,No Holiday,-4.7,0.0,0.0,89,Clouds,few clouds,2937
2023-12-24 09:00:00,9,No Holiday,-4.6,0.0,0.0,80,Clouds,broken clouds,3002
2023-12-24 10:00:00,10,No Holiday,-2.4,0.0,0.0,5,Clear,sky is clear,2134
2023-12-24 11:00:00,11,No Holiday,-2.4,0.0,0.0,60,Clouds,overcast clouds,2191
2023-12-24 12:00:00,12,No Holiday,-4.4,0.0,0.0,0,Clear,sky is clear,2902
2023-12-24 13:00:00,13,No Holiday,1.9,0.0,0.0,18,Clear,sky is clear,2753
2023-12-24 14:00:00,14,No Holiday,0.8,0.13,0.0,72,Drizzle,light intensity drizzle,2516
2023-12-24 15:00:00,15,No Holiday,-1.8,0.0,0.0,18,Clear,sky is clear,3137
2023-12-24 16:00:00,16,No Holiday,-0.6,0.0,0.0,40,Clouds,broken clouds,4191
2023-12-24 17:00:00,17,No Holiday,2.0,0.47,0.0,71,Rain,light rain,4004
2023-12-24 18:00:00,18,No Holiday,-0.9,0.0,0.0,41,Clouds,few clouds,3212
2023-12-24 19:00:00,19,No Holiday,-0.6,0.0,0.0,15,Clear,sky is clear,1773
2023-12-24 20:00:00,20,No Holiday,-1.4,0.0,0.0,3,Clear,sky is clear,2179
2023-12-24 21:00:00,21,No Holiday,-1.5,1.41,0.0,96,Rain,heavy intensity rain,1417
2023-12-24 22:00:00,22,No Holiday,-6.3,0.0,0.0,69,Clouds,few clouds,390
2023-12-24 23:00:00,23,No Holiday,-1.2,0.0,0.0,3,Clear,sky is clear,384
2023-12-25 00:00:00,0,Christmas Day,-6.7,0.0,0.0,91,Clouds,scattered clouds,351
2023-12-25 01:00:00,1,Christmas Day,-8.7,0.04,0.0,90,Rain,heavy intensity rain,267
2023-12-25 02:00:00,2,Christmas Day,-5.0,0.0,0.0,80,Mist,mist,321
2023-12-25 03:00:00,3,Christmas Day,-6.2,0.0,0.0,71,Mist,mist,200
2023-12-25 04:00:00,4,Christmas Day,-6.5,0.0,0.0,8,Clear,sky is clear,310
2023-12-25 05:00:00,5,Christmas Day,-6.0,0.0,0.0,13,Clear,sky is clear,281
2023-12-25 06:00:00,6,Christmas Day,-6.9,0.0,0.0,8,Clear,sky is clear,344
2023-12-25 07:00:00,7,Christmas Day,-4.8,0.0,0.0,87,Thunderstorm,thunderstorm with light rain,1365
2023-12-25 08:00:00,8,Christmas Day,-2.8,0.0,0.0,90,Mist,mist,1650
2023-12-25 09:00:00,9,Christmas Day,2.1,0.0,0.0,18,Clear,sky is clear,2556
2023-12-25 10:00:00,10,Christmas Day,-5.7,0.0,0.0,73,Clouds,broken clouds,1474
2023-12-25 11:00:00,11,Christmas Day,3.4,0.0,0.0,3,Clear,sky is clear,1526
2023-12-25 12:00:00,12,Christmas Day,-1.6,0.0,0.0,13,Clear,sky is clear,1470
2023-12-25 13:00:00,13,Christmas Day,0.1,3.33,0.0,87,Rain,moderate rain,1298
2023-12-25 14:00:00,14,Christmas Day,2.7,0.0,0.0,18,Clear,sky is clear,1832
2023-12-25 15:00:00,15,Christmas Day,2.2,0.0,0.0,38,Clouds,overcast clouds,1601
2023-12-25 16:00:00,16,Christmas Day,-0.7,0.0,0.0,75,Thunderstorm,proximity thunderstorm,1441
2023-12-25 17:00:00,17,Christmas Day,-0.9,0.0,0.0,8,Clear,sky is clear,2351
2023-12-25 18:00:00,18,Christmas Day,-1.3,0.0,0.0,2,Clear,sky is clear,2385
2023-12-25 19:00:00,19,Christmas Day,-1.0,0.0,0.0,92,Fog,fog,1158
2023-12-25 20:00:00,20,Christmas Day,-2.2,0.0,0.0,1,Clear,sky is clear,1275
2023-12-25 21:00:00,21,Christmas Day,-4.1,0.0,0.93,72,Snow,light snow,788
2023-12-25 22:00:00,22,Christmas Day,-3.8,0.0,0.0,15,Clear,sky is clear,250
2023-12-25 23:00:00,23,Christmas Day,-6.5,0.0,0.0,2,Clear,sky is clear,261
2023-12-26 00:00:00,0,No Holiday,-7.9,0.0,0.0,1,Clear,sky is clear,727
2023-12-26 01:00:00,1,No Holiday,-6.4,0.0,0.0,19,Clear,sky is clear,427
2023-12-26 02:00:00,2,No Holiday,-3.9,0.0,0.0,76,Clouds,scattered clouds,728
2023-12-26 03:00:00,3,No Holiday,-0.2,0.0,0.0,38,Clouds,overcast clouds,835
2023-12-26 04:00:00,4,No Holiday,-4.7,0.0,0.0,19,Clear,sky is clear,482
2023-12-26 05:00:00,5,No Holiday,-5.8,0.0,0.0,95,Clouds,few clouds,640
2023-12-26 06:00:00,6,No Holiday,-9.0,0.0,0.0,17,Clear,sky is clear,815
2023-12-26 07:00:00,7,No Holiday,-5.1,0.0,0.0,19,Clear,sky is clear,4136
2023-12-26 08:00:00,8,No Holiday,-2.9,0.0,0.0,90,Mist,mist,4230
2023-12-26 09:00:00,9,No Holiday,-2.3,0.0,0.0,38,Clouds,few clouds,4724
2023-12-26 10:00:00,10,No Holiday,-3.7,0.0,0.0,34,Clouds,overcast clouds,3823
2023-12-26 11:00:00,11,No Holiday,-0.0,0.0,0.0,14,Clear,sky is clear,3753
2023-12-26 12:00:00,12,No Holiday,1.4,0.0,0.0,17,Clear,sky is clear,3684
2023-12-26 13:00:00,13,No Holiday,2.5,0.0,0.0,56,Clouds,few clouds,3555
2023-12-26 14:00:00,14,No Holiday,4.3,0.0,0.0,77,Clouds,scattered clouds,3306
2023-12-26 15:00:00,15,No Holiday,-1.2,0.0,0.0,73,Clouds,broken clouds,3574
2023-12-26 16:00:00,16,No Holiday,1.0,0.0,0.0,92,Clouds,broken clouds,4983
2023-12-26 17:00:00,17,No Holiday,-0.9,0.0,0.0,78,Fog,fog,5400
2023-12-26 18:00:00,18,No Holiday,-0.8,0.0,0.0,13,Clear,sky is clear,5765
2023-12-26 19:00:00,19,No Holiday,-1.8,0.0,0.0,15,Clear,sky is clear,2613
2023-12-26 20:00:00,20,No Holiday,-5.3,0.0,0.0,85,Clouds,overcast clouds,2590
2023-12-26 21:00:00,21,No Holiday,-5.3,0.0,0.0,15,Clear,sky is clear,2503
2023-12-26 22:00:00,22,No Holiday,-4.3,0.0,0.0,64,Clouds,broken clouds,922
2023-12-26 23:00:00,23,No Holiday,-5.1,0.0,0.0,59,Clouds,scattered clouds,857
2023-12-27 00:00:00,0,No Holiday,-6.2,0.0,0.0,33,Clouds,scattered clouds,583
2023-12-27 01:00:00,1,No Holiday,-7.6,0.0,0.0,18,Clear,sky is clear,537
2023-12-27 02:00:00,2,No Holiday,-7.9,0.0,0.0,36,Clouds,few clouds,562
2023-12-27 03:00:00,3,No Holiday,-7.6,0.0,0.0,67,Clouds,scattered clouds,676
2023-12-27 04:00:00,4,No Holiday,-7.8,0.0,0.0,17,Clear,sky is clear,738
2023-12-27 05:00:00,5,No Holiday,-5.5,1.52,0.0,80,Rain,moderate rain,768
2023-12-27 06:00:00,6,No Holiday,-5.7,0.0,0.0,0,Clear,sky is clear,391
2023-12-27 07:00:00,7,No Holiday,-4.2,0.0,0.0,18,Clear,sky is clear,4970
2023-12-27 08:00:00,8,No Holiday,-3.1,0.0,0.0,56,Clouds,scattered clouds,4410
2023-12-27 09:00:00,9,No Holiday,-2.2,0.25,0.0,92,Drizzle,light intensity drizzle,4463
2023-12-27 10:00:00,10,No Holiday,-0.0,0.0,0.0,2,Clear,sky is clear,3497
2023-12-27 11:00:00,11,No Holiday,-1.9,0.0,2.39,75,Snow,heavy snow,2826
2023-12-27 12:00:00,12,No Holiday,1.8,0.0,0.0,10,Clear,sky is clear,3320
2023-12-27 13:00:00,13,No Holiday,-0.2,0.0,0.0,18,Clear,sky is clear,3232
2023-12-27 14:00:00,14,No Holiday,2.2,0.0,0.0,44,Clouds,broken clouds,3786
2023-12-27 15:00:00,15,No Holiday,-0.9,0.0,0.0,61,Clouds,broken clouds,3260
2023-12-27 16:00:00,16,No Holiday,1.6,0.0,0.0,17,Clear,sky is clear,5400
2023-12-27 17:00:00,17,No Holiday,-4.0,0.0,0.0,82,Mist,mist,4629
2023-12-27 18:00:00,18,No Holiday,0.8,0.0,0.0,49,Clouds,scattered clouds,5465
2023-12-27 19:00:00,19,No Holiday,-1.7,0.0,0.23,87,Snow,heavy snow,1956
2023-12-27 20:00:00,20,No Holiday,-2.4,0.0,0.0,68,Clouds,few clouds,2991
2023-12-27 21:00:00,21,No Holiday,-5.8,0.0,0.0,5,Clear,sky is clear,2521
2023-12-27 22:00:00,22,No Holiday,-2.6,0.0,0.0,4,Clear,sky is clear,500
2023-12-27 23:00:00,23,No Holiday,-6.0,0.0,0.0,3,Clear,sky is clear,448
2023-12-28 00:00:00,0,No Holiday,-4.8,1.7,0.0,84,Rain,moderate rain,543
2023-12-28 01:00:00,1,No Holiday,-8.4,0.0,0.0,11,Clear,sky is clear,778
2023-12-28 02:00:00,2,No Holiday,-2.6,0.0,0.0,69,Clouds,broken clouds,539
2023-12-28 03:00:00,3,No Holiday,-5.0,0.0,0.0,82,Thunderstorm,proximity thunderstorm,557
2023-12-28 04:00:00,4,No Holiday,-6.6,0.0,0.0,15,Clear,sky is clear,555
2023-12-28 05:00:00,5,No Holiday,-3.5,0.0,0.0,13,Clear,sky is clear,970
2023-12-28 06:00:00,6,No Holiday,-5.6,0.0,0.0,12,Clear,sky is clear,537
2023-12-28 07:00:00,7,No Holiday,-8.1,1.59,0.0,95,Rain,heavy intensity rain,3972
2023-12-28 08:00:00,8,No Holiday,-7.9,0.0,0.0,0,Clear,sky is clear,4854
2023-12-28 09:00:00,9,No Holiday,-0.5,0.0,0.0,14,Clear,sky is clear,4679
2023-12-28 10:00:00,10,No Holiday,-3.3,3.39,0.0,86,Rain,heavy intensity rain,3037
2023-12-28 11:00:00,11,No Holiday,-0.8,0.64,0.0,75,Rain,light rain,2699
2023-12-28 12:00:00,12,No Holiday,0.2,0.0,0.0,6,Clear,sky is clear,3493
2023-12-28 13:00:00,13,No Holiday,1.3,0.0,0.0,9,Clear,sky is clear,3198
2023-12-28 14:00:00,14,No Holiday,2.4,0.0,0.0,93,Clouds,few clouds,3215
2023-12-28 15:00:00,15,No Holiday,2.0,0.0,0.0,57,Clouds,overcast clouds,3761
2023-12-28 16:00:00,16,No Holiday,-0.5,0.0,0.0,79,Mist,mist,4665
2023-12-28 17:00:00,17,No Holiday,0.8,0.0,0.0,14,Clear,sky is clear,5398
2023-12-28 18:00:00,18,No Holiday,-1.3,0.0,0.0,12,Clear,sky is clear,5686
2023-12-28 19:00:00,19,No Holiday,-0.5,0.0,0.0,89,Fog,fog,2430
2023-12-28 20:00:00,20,No Holiday,-0.4,0.0,0.0,1,Clear,sky is clear,3409
2023-12-28 21:00:00,21,No Holiday,-3.2,0.0,0.0,75,Thunderstorm,proximity thunderstorm,1335
2023-12-28 22:00:00,22,No Holiday,-6.0,0.0,0.0,12,Clear,sky is clear,865
2023-12-28 23:00:00,23,No Holiday,-6.1,0.0,0.0,92,Thunderstorm,thunderstorm with light rain,553
2023-12-29 00:00:00,0,No Holiday,-8.9,0.0,5.36,96,Snow,light snow,409
2023-12-29 01:00:00,1,No Holiday,-6.5,0.0,0.0,84,Clouds,overcast clouds,909
2023-12-29 02:00:00,2,No Holiday,-6.6,0.0,0.17,90,Snow,heavy snow,505
2023-12-29 03:00:00,3,No Holiday,-6.2,0.0,0.0,84,Clouds,broken clouds,860
2023-12-29 04:00:00,4,No Holiday,-5.6,0.0,0.0,9,Clear,sky is clear,654
2023-12-29 05:00:00,5,No Holiday,-8.2,0.0,0.0,2,Clear,sky is clear,458
2023-12-29 06:00:00,6,No Holiday,-0.1,0.0,0.0,17,Clear,sky is clear,862
2023-12-29 07:00:00,7,No Holiday,-5.7,0.0,0.0,86,Thunderstorm,thunderstorm with light rain,2986
2023-12-29 08:00:00,8,No Holiday,-4.9,0.0,0.0,11,Clear,sky is clear,4461
2023-12-29 09:00:00,9,No Holiday,-0.4,0.0,0.0,2,Clear,sky is clear,5323
2023-12-29 10:00:00,10,No Holiday,-3.7,0.0,0.0,93,Mist,mist,3387
2023-12-29 11:00:00,11,No Holiday,-2.0,2.84,0.0,79,Rain,moderate rain,2707
2023-12-29 12:00:00,12,No Holiday,4.4,0.0,0.0,32,Clouds,scattered clouds,2889
2023-12-29 13:00:00,13,No Holiday,-1.2,0.0,0.0,10,Clear,sky is clear,3358
2023-12-29 14:00:00,14,No Holiday,1.1,0.0,0.0,11,Clear,sky is clear,3486
2023-12-29 15:00:00,15,No Holiday,1.0,2.44,0.0,78,Rain,light rain,3081
2023-12-29 16:00:00,16,No Holiday,-2.9,0.0,2.71,70,Snow,light snow,4149
2023-12-29 17:00:00,17,No Holiday,-1.5,0.0,0.0,19,Clear,sky is clear,5484
2023-12-29 18:00:00,18,No Holiday,0.3,0.0,0.0,85,Clouds,few clouds,4964
2023-12-29 19:00:00,19,No Holiday,1.7,0.0,0.0,6,Clear,sky is clear,2979
2023-12-29 20:00:00,20,No Holiday,-4.3,0.0,0.0,2,Clear,sky is clear,3109
2023-12-29 21:00:00,21,No Holiday,-2.7,0.0,0.0,38,Clouds,scattered clouds,2871
2023-12-29 22:00:00,22,No Holiday,-1.0,0.0,0.0,82,Clouds,overcast clouds,783
2023-12-29 23:00:00,23,No Holiday,-4.7,0.0,0.0,4,Clear,sky is clear,664
2023-12-30 00:00:00,0,No Holiday,-7.0,0.0,0.0,89,Mist,mist,335
2023-12-30 01:00:00,1,No Holiday,-10.4,0.0,0.0,9,Clear,sky is clear,457
2023-12-30 02:00:00,2,No Holiday,-7.4,0.0,0.0,50,Clouds,overcast clouds,342
2023-12-30 03:00:00,3,No Holiday,-8.6,0.0,0.0,1,Clear,sky is clear,381
2023-12-30 04:00:00,4,No Holiday,-7.6,0.0,0.0,9,Clear,sky is clear,498
2023-12-30 05:00:00,5,No Holiday,-6.9,0.0,0.0,12,Clear,sky is clear,254
2023-12-30 06:00:00,6,No Holiday,-1.9,0.0,0.0,18,Clear,sky is clear,512
2023-12-30 07:00:00,7,No Holiday,-4.9,1.77,0.0,96,Rain,heavy intensity rain,2528
2023-12-30 08:00:00,8,No Holiday,-2.2,0.0,0.0,50,Clouds,broken clouds,2941
2023-12-30 09:00:00,9,No Holiday,-3.2,0.0,0.0,88,Thunderstorm,proximity thunderstorm,1724
2023-12-30 10:00:00,10,No Holiday,-5.4,0.0,0.0,13,Clear,sky is clear,1874
2023-12-30 11:00:00,11,No Holiday,3.0,0.0,0.0,8,Clear,sky is clear,2414
2023-12-30 12:00:00,12,No Holiday,-2.5,0.0,0.0,52,Clouds,few clouds,2680
2023-12-30 13:00:00,13,No Holiday,1.2,0.0,0.0,10,Clear,sky is clear,2574
2023-12-30 14:00:00,14,No Holiday,0.2,0.0,0.0,8,Clear,sky is clear,2518
2023-12-30 15:00:00,15,No Holiday,0.3,0.0,0.0,94,Thunderstorm,proximity thunderstorm,1613
2023-12-30 16:00:00,16,No Holiday,-1.1,0.0,1.49,82,Snow,light snow,3264
2023-12-30 17:00:00,17,No Holiday,3.9,0.0,0.0,5,Clear,sky is clear,4539
2023-12-30 18:00:00,18,No Holiday,-3.5,0.0,0.0,97,Mist,mist,3092
2023-12-30 19:00:00,19,No Holiday,-2.5,0.0,0.0,59,Clouds,overcast clouds,1905
2023-12-30 20:00:00,20,No Holiday,-4.6,8.91,0.0,79,Rain,moderate rain,1719
2023-12-30 21:00:00,21,No Holiday,-5.0,0.0,0.0,93,Mist,mist,1725
2023-12-30 22:00:00,22,No Holiday,-0.9,1.86,0.0,88,Rain,moderate rain,321
2023-12-30 23:00:00,23,No Holiday,-4.0,0.0,0.0,67,Clouds,scattered clouds,548
2023-12-31 00:00:00,0,No Holiday,-4.5,0.0,0.0,70,Mist,mist,479
2023-12-31 01:00:00,1,No Holiday,-11.4,2.15,0.0,81,Rain,moderate rain,393
2023-12-31 02:00:00,2,No Holiday,-3.3,0.78,0.0,71,Drizzle,light intensity drizzle,487
2023-12-31 03:00:00,3,No Holiday,-4.9,6.75,0.0,99,Rain,heavy intensity rain,420
2023-12-31 04:00:00,4,No Holiday,-6.5,0.0,0.0,95,Clouds,few clouds,495
2023-12-31 05:00:00,5,No Holiday,-4.1,0.0,0.0,14,Clear,sky is clear,527
2023-12-31 06:00:00,6,No Holiday,-5.6,0.0,0.0,9,Clear,sky is clear,466
2023-12-31 07:00:00,7,No Holiday,-5.1,0.0,0.0,37,Clouds,scattered clouds,2669
2023-12-31 08:00:00,8,No Holiday,-4.3,4.74,0.0,93,Rain,heavy intensity rain,2844
2023-12-31 09:00:00,9,No Holiday,-3.2,0.0,0.0,74,Mist,mist,2906
2023-12-31 10:00:00,10,No Holiday,-2.3,0.0,0.0,6,Clear,sky is clear,2184
2023-12-31 11:00:00,11,No Holiday,-0.4,0.0,0.7,79,Snow,heavy snow,1602
2023-12-31 12:00:00,12,No Holiday,-1.6,0.0,0.0,87,Thunderstorm,proximity thunderstorm,1677
2023-12-31 13:00:00,13,No Holiday,-1.3,0.0,0.0,88,Clouds,scattered clouds,2766
2023-12-31 14:00:00,14,No Holiday,2.5,0.0,0.0,71,Thunderstorm,proximity thunderstorm,1630
2023-12-31 15:00:00,15,No Holiday,0.0,0.73,0.0,79,Drizzle,light intensity drizzle,2532
2023-12-31 16:00:00,16,No Holiday,-3.7,0.0,0.0,10,Clear,sky is clear,4107
2023-12-31 17:00:00,17,No Holiday,0.8,0.0,0.0,7,Clear,sky is clear,4221
2023-12-31 18:00:00,18,No Holiday,1.1,0.0,0.0,19,Clear,sky is clear,3368
2023-12-31 19:00:00,19,No Holiday,-1.2,0.0,0.0,5,Clear,sky is clear,1717
2023-12-31 20:00:00,20,No Holiday,-4.0,0.0,0.0,6,Clear,sky is clear,1684
2023-12-31 21:00:00,21,No Holiday,-4.9,0.6,0.0,77,Drizzle,light intensity drizzle,1530
2023-12-31 22:00:00,22,No Holiday,-2.0,0.0,0.0,31,Clouds,scattered clouds,385
2023-12-31 23:00:00,23,No Holiday,-4.0,0.0,0.0,7,Clear,sky is clear,276
